gtfs_id,stop_code,geo_json,gates,stop_lat,stop_lon,stop_name,geojson_index
bangalore_metro,104,"{""type"":""MultiPolygon"",""coordinates"":[[[[77.460407724,12.89698772],[77.461064206,12.897607262],[77.461801954,12.898092283],[77.461872306,12.898030567],[77.46221706,12.897784657],[77.461503256,12.897199603],[77.460845334,12.896566335],[77.460407724,12.89698772]]]]}",[],12.897354,77.46129,Challaghatta,24
bangalore_metro,15,"{""type"":""MultiPolygon"",""coordinates"":[[[[77.533919,12.962741],[77.534009,12.962687],[77.534112,12.962649],[77.534219,12.962599],[77.534174,12.962497],[77.534122,12.962382],[77.533797,12.961598],[77.533715,12.961462],[77.533627,12.961306],[77.533488,12.961376],[77.533432,12.961402],[77.533363,12.961434],[77.533306,12.961363],[77.533086,12.961276],[77.532807,12.961369],[77.53282,12.961577],[77.532897,12.961816],[77.533381,12.961957],[77.533489,12.962161],[77.533711,12.962643],[77.533797,12.96281],[77.533919,12.962741]]]]}","[{""gateName"": ""A-Hampi Nagar Side"", ""stopCode"": ""15_G_A"", ""lat"": 12.96240762, ""lon"": 77.5339803}, {""gateName"": ""B-Hampi Nagar Side"", ""stopCode"": ""15_G_B"", ""lat"": 12.96218282, ""lon"": 77.53392935}, {""gateName"": ""C-Chandra Layout Side"", ""stopCode"": ""15_G_C"", ""lat"": 12.96162084, ""lon"": 77.53335535}]",12.961893,77.53358,Attiguppe,68
bangalore_metro,63,"{""type"":""MultiPolygon"",""coordinates"":[[[[77.562116,12.888384],[77.562106,12.888502],[77.562065,12.88855],[77.562089,12.888635],[77.562118,12.888732],[77.562194,12.888824],[77.562878,12.88938],[77.562929,12.889422],[77.562975,12.889442],[77.563075,12.889469],[77.563257,12.889572],[77.563361,12.889462],[77.563446,12.889439],[77.563505,12.889427],[77.563528,12.889417],[77.563556,12.889398],[77.563574,12.889222],[77.563488,12.889141],[77.563393,12.889051],[77.56264,12.88842],[77.562569,12.888373],[77.562454,12.888341],[77.56245,12.888316],[77.562437,12.88835],[77.562388,12.88835],[77.562365,12.888348],[77.562338,12.888344],[77.562327,12.888361],[77.562291,12.888344],[77.562272,12.888306],[77.562251,12.888284],[77.562231,12.888246],[77.562138,12.888311],[77.562116,12.888384]]]]}","[{""gateName"": ""A-Konankunte Village Side"", ""stopCode"": ""63_G_A"", ""lat"": 12.88883164, ""lon"": 77.56284892}, {""gateName"": ""B-Vasanthapura Main Road Side"", ""stopCode"": ""63_G_B"", ""lat"": 12.8891016, ""lon"": 77.5625968}]",12.888967,77.56267,Konanakunte Cross,38
bangalore_metro,67,"{""type"":""MultiPolygon"",""coordinates"":[[[[77.530114,12.861351],[77.529894,12.861201],[77.529741,12.860836],[77.529395,12.861056],[77.529423,12.861205],[77.529446,12.861266],[77.529511,12.861372],[77.529547,12.86144],[77.529702,12.861743],[77.529881,12.862034],[77.529913,12.862102],[77.52999,12.862243],[77.530096,12.86234],[77.530351,12.862218],[77.530426,12.862177],[77.530711,12.861978],[77.530326,12.861366],[77.530114,12.861351]]]]}","[{""gateName"": ""A-Judicial Layout BDA"", ""stopCode"": ""67_G_A"", ""lat"": 12.86166547, ""lon"": 77.53016453}, {""gateName"": ""B-Jyothi Farm"", ""stopCode"": ""67_G_B"", ""lat"": 12.86157705, ""lon"": 77.52969062}]",12.86173,77.52995,Silk Institute,43
bangalore_metro,20,"{""type"":""MultiPolygon"",""coordinates"":[[[[77.511549,12.93542],[77.51211,12.935646],[77.512284,12.935724],[77.512452,12.935798],[77.512716,12.935893],[77.512816,12.935799],[77.512869,12.935692],[77.512906,12.93557],[77.512883,12.935505],[77.511948,12.935166],[77.511957,12.935131],[77.512132,12.93518],[77.512178,12.935058],[77.511879,12.93496],[77.511799,12.93512],[77.511667,12.935071],[77.511582,12.935244],[77.511549,12.93542]]]]}","[{""gateName"": ""A-Kenchenahalli Side"", ""stopCode"": ""20_G_A"", ""lat"": 12.93511742, ""lon"": 77.51219541}, {""gateName"": ""B-Bangalore University Side"", ""stopCode"": ""20_G_B"", ""lat"": 12.93551739, ""lon"": 77.51215517}]",12.935436,77.512405,Jnanabharathi,73
bangalore_metro,11,"{""type"":""MultiPolygon"",""coordinates"":[[[[77.565369,12.975457],[77.565287768,12.975238527],[77.565131195,12.975339662],[77.564847,12.975966],[77.56466,12.975997],[77.564637,12.975977],[77.564642,12.975934],[77.564180429,12.976008752],[77.564303262,12.97646967],[77.564711746,12.97641211],[77.564667,12.976159],[77.565808,12.976281],[77.56641,12.976324],[77.566888,12.976345],[77.566893,12.976302],[77.56691,12.97629],[77.566948,12.976295],[77.56698,12.976389],[77.567034,12.976468],[77.567074,12.976653],[77.567179,12.976602],[77.567138,12.976341],[77.566914,12.975756],[77.565509,12.975682],[77.56544,12.975679],[77.565402,12.975603],[77.565369,12.975457]]]]}","[{""gateName"": ""A-Railway Station Side"", ""stopCode"": ""11_G_A"", ""lat"": 12.97607903, ""lon"": 77.56681858}, {""gateName"": ""C-Magadi Road/Leprosy Hospital"", ""stopCode"": ""11_G_C"", ""lat"": 12.97558895, ""lon"": 77.5653635}, {""gateName"": ""D-Magadi Road/Leprosy Hospital"", ""stopCode"": ""11_G_D"", ""lat"": 12.975389, ""lon"": 77.56519317}, {""gateName"": ""E-Minerva Mill Road Side"", ""stopCode"": ""11_G_E"", ""lat"": 12.97602675, ""lon"": 77.56472379}]",12.975877,77.56538,Krantivira Sangolli Rayanna Railway Station,63
bangalore_metro,60,"{""type"":""MultiPolygon"",""coordinates"":[[[[77.573115,12.916517],[77.573679,12.916554],[77.573676,12.916201],[77.573881,12.916169],[77.573897,12.916288],[77.574138,12.916264],[77.574095,12.915799],[77.573899,12.915823],[77.5739,12.915742],[77.574093,12.915721],[77.574023,12.915206],[77.573949,12.915204],[77.573862,12.91517],[77.573839,12.91491],[77.573829,12.914773],[77.57382,12.914682],[77.57367,12.914715],[77.573643,12.914896],[77.573541,12.914896],[77.573544,12.914767],[77.57351,12.914554],[77.57332,12.914594],[77.573393,12.915024],[77.573418,12.915158],[77.573477,12.915163],[77.573476,12.915254],[77.57348,12.915327],[77.57354,12.915847],[77.573504,12.915886],[77.573512,12.915974],[77.573528,12.916162],[77.573501,12.916301],[77.573131,12.916279],[77.573115,12.916517]]]]}","[{""gateName"": ""A-Shakambari Side"", ""stopCode"": ""60_G_A"", ""lat"": 12.91622198, ""lon"": 77.57400256}, {""gateName"": ""B-Banashankari Nagar Side"", ""stopCode"": ""60_G_B"", ""lat"": 12.91542755, ""lon"": 77.57377859}, {""gateName"": ""D-Banashankari Temple Side"", ""stopCode"": ""60_G_D"", ""lat"": 12.91645564, ""lon"": 77.57359117}]",12.915221,77.5736,Banashankari,35
bangalore_metro,1,"{""type"":""MultiPolygon"",""coordinates"":[[[[77.651088,12.990453],[77.651149,12.990667],[77.651196,12.990767],[77.65178,12.990764],[77.651844,12.990778],[77.65192,12.990797],[77.652048,12.990833],[77.652116,12.990847],[77.652199,12.990867],[77.652498,12.990932],[77.65237,12.991396],[77.652248,12.9916],[77.652122,12.991888],[77.652332,12.991958],[77.652546,12.992024],[77.652648,12.991753],[77.652562,12.991734],[77.652482,12.991718],[77.652384,12.99172],[77.652466,12.991549],[77.652542,12.991335],[77.652667,12.991085],[77.653069,12.991216],[77.653182,12.991167],[77.653421,12.991238],[77.653455,12.99107],[77.65321,12.991003],[77.653259,12.990799],[77.652935,12.990691],[77.653105,12.990603],[77.653188,12.99039],[77.653291,12.990338],[77.653379,12.990298],[77.653622,12.990377],[77.65382,12.989966],[77.653866,12.98986],[77.653931,12.989725],[77.654005,12.989568],[77.653874,12.989494],[77.65377,12.989429],[77.65367,12.989354],[77.653483,12.989514],[77.653389,12.989726],[77.653456,12.989757],[77.653266,12.990159],[77.653091,12.990291],[77.653001,12.990304],[77.652965,12.990399],[77.65294,12.990459],[77.652977,12.99052],[77.65287,12.990589],[77.652441,12.990477],[77.652415,12.990537],[77.651896,12.990416],[77.65183,12.990428],[77.651794,12.990568],[77.651509,12.990504],[77.651088,12.990453]]]]}","[{""gateName"": ""A-Baiyappanahalli"", ""stopCode"": ""1_G_A"", ""lat"": 12.99074808, ""lon"": 77.65235423}]",12.990759,77.65236,Baiyappanahalli,79
bangalore_metro,7,"{""type"":""MultiPolygon"",""coordinates"":[[[[77.596940846,12.980757429],[77.59686954,12.980784826],[77.596888113,12.980938917],[77.596686741,12.981032961],[77.596723991,12.981139326],[77.596956376,12.981062718],[77.597232959,12.981104175],[77.597134895,12.98148452],[77.597269963,12.981514443],[77.597425049,12.981221118],[77.59754653,12.981180093],[77.597683751,12.981120359],[77.598110081,12.980971922],[77.59825102,12.980932368],[77.598458131,12.980843423],[77.59837893,12.980668326],[77.598375247,12.980668312],[77.598370987,12.980670332],[77.598396684,12.98068567],[77.598403014,12.980668605],[77.598385806,12.980676451],[77.598398854,12.980662039],[77.598391966,12.980652848],[77.598383523,12.980642404],[77.598356259,12.980596535],[77.598347318,12.980562638],[77.598348597,12.980560044],[77.598347372,12.980565239],[77.598353977,12.980562669],[77.59831281,12.980544812],[77.598335374,12.980388654],[77.598134023,12.980269932],[77.597830688,12.980150062],[77.59756247,12.980474713],[77.597040742,12.980603964],[77.596940846,12.980757429]]]]}","[{""gateName"": ""A-Income Tax Office/HAL"", ""stopCode"": ""7_G_A"", ""lat"": 12.98092743, ""lon"": 77.59795903}, {""gateName"": ""B-Chinnaswamy Stadium"", ""stopCode"": ""7_G_B"", ""lat"": 12.98056804, ""lon"": 77.59767607}, {""gateName"": ""C-Cubbon Park/BSNL Office"", ""stopCode"": ""7_G_C"", ""lat"": 12.9810568, ""lon"": 77.59695724}, {""gateName"": ""D-Cubbon Park/BSNL Office"", ""stopCode"": ""7_G_D"", ""lat"": 12.98117572, ""lon"": 77.59655759}]",12.980958,77.59757,Cubbon Park,60
bangalore_metro,53,"{""type"":""MultiPolygon"",""coordinates"":[[[[77.574578,12.967983],[77.575092,12.967613],[77.575512,12.967305],[77.57506,12.966699],[77.574922,12.966471],[77.574859,12.96637],[77.575059,12.966264],[77.574925,12.965994],[77.575107,12.965912],[77.575016,12.965741],[77.574849,12.965826],[77.574174,12.965958],[77.574137,12.96618],[77.573793,12.966492],[77.574194,12.967237],[77.574053,12.967342],[77.574114,12.967505],[77.574204,12.967649],[77.574348,12.967611],[77.574434,12.967747],[77.574578,12.967983]]]]}","[{""gateName"": ""A-Chickpete (BVK Iyengar Road) Side"", ""stopCode"": ""53_G_A"", ""lat"": 12.96764834, ""lon"": 77.57473379}, {""gateName"": ""B-KR Market Side"", ""stopCode"": ""53_G_B"", ""lat"": 12.96581606, ""lon"": 77.57501542}, {""gateName"": ""D-Arcot Srinivasachar Side"", ""stopCode"": ""53_G_D"", ""lat"": 12.96747322, ""lon"": 77.57413029}]",12.966897,77.574554,Chickpete,46
bangalore_metro,16,"{""type"":""MultiPolygon"",""coordinates"":[[[[77.536721,12.952678],[77.537173,12.95283],[77.537281,12.95255],[77.537199,12.952523],[77.53728,12.952268],[77.537325,12.952274],[77.537353,12.952198],[77.537309,12.952161],[77.537283,12.952146],[77.537305,12.952082],[77.537484,12.951561],[77.537428,12.951514],[77.537347,12.951467],[77.537177,12.951452],[77.536977,12.952049],[77.536835,12.952038],[77.536781,12.952098],[77.536774,12.952418],[77.5368,12.952443],[77.536721,12.952678]]]]}","[{""gateName"": ""A-Bapuji Nagar Side"", ""stopCode"": ""16_G_A"", ""lat"": 12.95254794, ""lon"": 77.53707289}, {""gateName"": ""B-Shaneshwara Temple Side"", ""stopCode"": ""16_G_B"", ""lat"": 12.95217022, ""lon"": 77.53680333}, {""gateName"": ""C-Shaneshwara Temple Side"", ""stopCode"": ""16_G_C"", ""lat"": 12.95245645, ""lon"": 77.53673896}]",12.952058,77.53701,Deepanjali Nagar,69
bangalore_metro,28,"{""type"":""MultiPolygon"",""coordinates"":[[[[77.710739,12.988579],[77.710733,12.988659],[77.710811,12.988774],[77.711043,12.988911],[77.711278,12.989038],[77.711494,12.989163],[77.711697,12.989283],[77.711785,12.989322],[77.711862,12.989352],[77.711924,12.989333],[77.711973,12.989298],[77.712087,12.989092],[77.712078,12.989025],[77.712006,12.988954],[77.711664,12.988759],[77.71146,12.98864],[77.711176,12.988482],[77.711024,12.988421],[77.710909,12.988404],[77.710849,12.988413],[77.710739,12.988579]]]]}","[{""gateName"": ""A-Seetharampalya Side"", ""stopCode"": ""28_G_A"", ""lat"": 12.98868988, ""lon"": 77.71147147}, {""gateName"": ""B-KEB Colony Side"", ""stopCode"": ""28_G_B"", ""lat"": 12.98853177, ""lon"": 77.71106242}]",12.988803,77.71133,Hoodi,86
bangalore_metro,27,"{""type"":""MultiPolygon"",""coordinates"":[[[[77.70315,12.993832],[77.704521,12.993463],[77.704393,12.993032],[77.703035,12.993402],[77.70315,12.993832]]]]}","[{""gateName"": ""A-Kaveri Nagara Side"", ""stopCode"": ""27_G_A"", ""lat"": 12.99360598, ""lon"": 77.70382583}, {""gateName"": ""B-Garudacharpalya Side"", ""stopCode"": ""27_G_B"", ""lat"": 12.99323094, ""lon"": 77.70372055}]",12.99345,77.703674,Garudacharpalya,85
bangalore_metro,4,"{""type"":""MultiPolygon"",""coordinates"":[[[[77.626213,12.975967],[77.62701,12.977068],[77.627299,12.976916],[77.626486,12.975749],[77.626213,12.975967]]]]}","[{""gateName"": ""A-Halasuru"", ""stopCode"": ""4_G_A"", ""lat"": 12.97623193, ""lon"": 77.6263006}, {""gateName"": ""B-Halasuru"", ""stopCode"": ""4_G_B"", ""lat"": 12.97660046, ""lon"": 77.62653664}, {""gateName"": ""C-Halasuru"", ""stopCode"": ""4_G_C"", ""lat"": 12.97637176, ""lon"": 77.62686655}]",12.976499,77.626686,Halasuru,31
bangalore_metro,13,"{""type"":""MultiPolygon"",""coordinates"":[[[[77.544446,12.974032],[77.544444,12.97423],[77.544414,12.974509],[77.545182,12.974514],[77.545323,12.974524],[77.545502,12.97453],[77.545595,12.974527],[77.545723,12.974529],[77.545867,12.974528],[77.545975,12.974526],[77.546197,12.974536],[77.546509,12.974525],[77.546508,12.974274],[77.546525,12.973925],[77.546117,12.973925],[77.545959,12.973934],[77.545934,12.973914],[77.545881,12.97392],[77.545745,12.973932],[77.545309,12.973811],[77.545096,12.973859],[77.544885,12.973887],[77.544742,12.973732],[77.544574,12.973788],[77.544446,12.974032]]]]}","[{""gateName"": ""A-Telephone Exchange Side"", ""stopCode"": ""13_G_A"", ""lat"": 12.9743579, ""lon"": 77.54603415}, {""gateName"": ""B-Adichunchangiri Mutt Side"", ""stopCode"": ""13_G_B"", ""lat"": 12.97405208, ""lon"": 77.54581421}, {""gateName"": ""C-Adichunchangiri Mutt Side"", ""stopCode"": ""13_G_C"", ""lat"": 12.97407822, ""lon"": 77.54491031}]",12.974293,77.54562,"Sri Balagangadharanatha Swamiji Station, Hosahalli",65
bangalore_metro,3,"{""type"":""MultiPolygon"",""coordinates"":[[[[77.638009,12.978396],[77.639471,12.978447],[77.639481,12.978337],[77.639478,12.978179],[77.638001,12.97817],[77.638009,12.978396]]]]}","[{""gateName"": ""A-Indiranagar"", ""stopCode"": ""3_G_A"", ""lat"": 12.97846337, ""lon"": 77.63841681}, {""gateName"": ""B-Indiranagar"", ""stopCode"": ""3_G_B"", ""lat"": 12.97819351, ""lon"": 77.63904512}, {""gateName"": ""C-Indiranagar"", ""stopCode"": ""3_G_C"", ""lat"": 12.97816672, ""lon"": 77.63894454}]",12.978333,77.638664,Indiranagar,113
bangalore_metro,33,"{""type"":""MultiPolygon"",""coordinates"":[[[[77.737308,12.98741],[77.737219,12.987452],[77.737178,12.987499],[77.737165,12.987575],[77.737164,12.987655],[77.737162,12.987721],[77.737174,12.987773],[77.737199,12.987823],[77.737281,12.987864],[77.737362,12.987896],[77.737462,12.987892],[77.737516,12.987888],[77.737579,12.98789],[77.737747,12.987891],[77.737892,12.987886],[77.738114,12.987889],[77.73829,12.987884],[77.738441,12.987869],[77.738603,12.987808],[77.738702,12.987706],[77.738745,12.987552],[77.738749,12.987521],[77.738742,12.987502],[77.738725,12.987479],[77.738694,12.987429],[77.738606,12.987389],[77.737972,12.987397],[77.737629,12.987395],[77.737308,12.98741]]]]}","[{""gateName"": ""A-Thigalarapalya"", ""stopCode"": ""33_G_A"", ""lat"": 12.9878091, ""lon"": 77.73787111}, {""gateName"": ""B-Pattandur Agrahara Side"", ""stopCode"": ""33_G_B"", ""lat"": 12.98741772, ""lon"": 77.73787111}]",12.987639,77.73777,Pattandur Agrahara,94
bangalore_metro,41,"{""type"":""MultiPolygon"",""coordinates"":[[[[77.519171,13.039598],[77.519287,13.039814],[77.519383,13.039991],[77.51951,13.04018],[77.519758,13.040044],[77.520561,13.039603],[77.52061,13.039568],[77.520442,13.039225],[77.520471,13.039188],[77.520347,13.038966],[77.519171,13.039598]]]]}","[{""gateName"": ""A-Jalahalli Cross Side"", ""stopCode"": ""41_G_A"", ""lat"": 13.03965605, ""lon"": 77.51933813}, {""gateName"": ""B-Peenya Industrial Area Side"", ""stopCode"": ""41_G_B"", ""lat"": 13.03919746, ""lon"": 77.5201562}]",13.03941,77.51974,Jalahalli,57
bangalore_metro,61,"{""type"":""MultiPolygon"",""coordinates"":[[[[77.572915,12.906619],[77.572878,12.907103],[77.572882,12.907181],[77.572911,12.907272],[77.572905,12.907367],[77.572878,12.907569],[77.572891,12.907603],[77.572906,12.907645],[77.572903,12.907684],[77.572814,12.908028],[77.572799,12.908078],[77.572787,12.908243],[77.572927,12.908261],[77.572992,12.908266],[77.5732,12.908274],[77.573332,12.908288],[77.573349,12.908212],[77.573384,12.908045],[77.573394,12.908001],[77.573414,12.907928],[77.57343,12.907884],[77.573453,12.907823],[77.573405,12.907776],[77.573469,12.907657],[77.573517,12.9076],[77.573577,12.907186],[77.573585,12.907065],[77.573623,12.90679],[77.573362,12.906697],[77.573207,12.906656],[77.573164,12.906623],[77.573099,12.906623],[77.573032,12.906623],[77.572915,12.906619]]]]}","[{""gateName"": ""A-JP Nagar 6th Phase Side"", ""stopCode"": ""61_G_A"", ""lat"": 12.90823079, ""lon"": 77.57329747}, {""gateName"": ""B-JP Nagar 6th Phase Side"", ""stopCode"": ""61_G_B"", ""lat"": 12.90793471, ""lon"": 77.57339939}, {""gateName"": ""C-JP Nagar 6th Phase Side"", ""stopCode"": ""61_G_C"", ""lat"": 12.90727325, ""lon"": 77.57341146}, {""gateName"": ""D-Outer Ring Road Side"", ""stopCode"": ""61_G_D"", ""lat"": 12.9066471, ""lon"": 77.57300645}, {""gateName"": ""E-Ilyas Nagar Side"", ""stopCode"": ""61_G_E"", ""lat"": 12.90759287, ""lon"": 77.57283948}]",12.907475,77.57313,Jaya Prakash Nagar,36
bangalore_metro,24,"{""type"":""MultiPolygon"",""coordinates"":[[[[77.667614543,12.996330312],[77.66868492,12.996859933],[77.668636444,12.996935271],[77.668621448,12.997327723],[77.669347415,12.997463849],[77.669427873,12.997294297],[77.668906117,12.997075874],[77.669242142,12.9963852],[77.669108401,12.996313251],[77.668979849,12.99624858],[77.668965002,12.996130605],[77.668969915,12.996073602],[77.668272979,12.996007455],[77.668218873,12.996049172],[77.667833201,12.995832208],[77.667614543,12.996330312]]]]}","[{""gateName"": ""A-Benniganahalli"", ""stopCode"": ""24_G_A"", ""lat"": 12.99652921, ""lon"": 77.66844748}]",12.996516,77.668465,Benniganahalli,26
bangalore_metro,58,"{""type"":""MultiPolygon"",""coordinates"":[[[[77.579934,12.930348],[77.580177,12.93038],[77.58047,12.930358],[77.580593,12.929574],[77.580636,12.928756],[77.579929,12.928737],[77.57992,12.928951],[77.579911,12.929594],[77.579934,12.930348]]]]}","[{""gateName"": ""A-Jayanagar 4th Block Side"", ""stopCode"": ""58_G_A"", ""lat"": 12.92920971, ""lon"": 77.58036979}, {""gateName"": ""B-Jayanagar 4th Block Side"", ""stopCode"": ""58_G_B"", ""lat"": 12.92895842, ""lon"": 77.58032083}, {""gateName"": ""C-Jayanagar 7th Block Side"", ""stopCode"": ""58_G_C"", ""lat"": 12.92998384, ""lon"": 77.58001707}]",12.929507,77.58015,Jayanagar,30
bangalore_metro,34,"{""type"":""MultiPolygon"",""coordinates"":[[[[77.746307,12.985786],[77.74635,12.985916],[77.746422,12.986049],[77.746531,12.986009],[77.746538,12.986024],[77.746552,12.986042],[77.746625,12.986057],[77.747512,12.985719],[77.747482,12.985645],[77.747637,12.985586],[77.747625,12.985544],[77.747671,12.985524],[77.74761,12.985373],[77.747562,12.985381],[77.747549,12.985333],[77.747463,12.985342],[77.747382,12.985325],[77.746508,12.985661],[77.746516,12.985707],[77.746307,12.985786]]]]}","[{""gateName"": ""A-Kadugodi Tree Park Side"", ""stopCode"": ""34_G_A"", ""lat"": 12.98586132, ""lon"": 77.74704426}, {""gateName"": ""B-Pattandur Agrahara Side"", ""stopCode"": ""34_G_B"", ""lat"": 12.98549835, ""lon"": 77.74689909}]",12.98565,77.74701,Kadugodi Tree Park,91
bangalore_metro,30,"{""type"":""MultiPolygon"",""coordinates"":[[[[77.714937,12.977825],[77.71509,12.97787],[77.71521,12.977862],[77.715337,12.977843],[77.71579,12.977773],[77.71634,12.977704],[77.716408,12.977596],[77.716431,12.97753],[77.716416,12.977402],[77.71638,12.97737],[77.716326,12.977336],[77.716241,12.977299],[77.715955,12.977329],[77.715655,12.977372],[77.715349,12.97742],[77.715073,12.977467],[77.714997,12.977495],[77.714934,12.977527],[77.714896,12.977577],[77.714937,12.977825]]]]}","[{""gateName"": ""A-KTPO Side"", ""stopCode"": ""30_G_A"", ""lat"": 12.97776486, ""lon"": 77.71568723}, {""gateName"": ""B-Kundalahalli Side"", ""stopCode"": ""30_G_B"", ""lat"": 12.97738065, ""lon"": 77.71563023}]",12.977594,77.71556,Kundalahalli,88
bangalore_metro,23,"{""type"":""MultiPolygon"",""coordinates"":[[[[77.475859,12.90773],[77.475956,12.907792],[77.475953,12.907858],[77.476713,12.908367],[77.476776,12.908374],[77.476912,12.908466],[77.477013,12.908464],[77.476989,12.908417],[77.477069,12.908298],[77.477101,12.908237],[77.477152,12.90822],[77.477139,12.908149],[77.477083,12.908103],[77.476981,12.908038],[77.476239,12.907541],[77.476158,12.907504],[77.476131,12.907482],[77.476052,12.907504],[77.47601,12.907506],[77.475956,12.90757],[77.475859,12.90773]]]]}","[{""gateName"": ""A-Kengeri Satellite Town Side"", ""stopCode"": ""23_G_A"", ""lat"": 12.9077432, ""lon"": 77.47657299}, {""gateName"": ""B-Kengeri Side"", ""stopCode"": ""23_G_B"", ""lat"": 12.90808177, ""lon"": 77.47634634}]",12.90791,77.47658,Kengeri,76
bangalore_metro,10,"{""type"":""MultiPolygon"",""coordinates"":[[[[77.571018617,12.974445375],[77.571178531,12.976347767],[77.573131363,12.976339702],[77.573170749,12.977407819],[77.574230794,12.97744591],[77.57422347,12.97714812],[77.573464992,12.977135779],[77.573420701,12.976342014],[77.573699935,12.976147701],[77.573695586,12.975315584],[77.573668777,12.974244567],[77.573487656,12.974281771],[77.57319291,12.974352498],[77.573166951,12.973722675],[77.572541624,12.97377084],[77.572494834,12.974365911],[77.571018617,12.974445375]]]]}","[{""gateName"": ""A-Railway Station Side"", ""stopCode"": ""10_G_A"", ""lat"": 12.9756909, ""lon"": 77.571204}, {""gateName"": ""A'-Nadaprabhu Kempegowda Station, Majestic"", ""stopCode"": ""10_G_A'"", ""lat"": 12.97608556, ""lon"": 77.5715205}, {""gateName"": ""B-Chikka Lalbagh"", ""stopCode"": ""10_G_B"", ""lat"": 12.97417754, ""lon"": 77.57303595}, {""gateName"": ""C-Tank Bund Road"", ""stopCode"": ""10_G_C"", ""lat"": 12.97462972, ""lon"": 77.57291525}, {""gateName"": ""D-BMTC Bus Stand"", ""stopCode"": ""10_G_D"", ""lat"": 12.97614045, ""lon"": 77.57317006}]",12.975708,77.572876,"Nadaprabhu Kempegowda Station, Majestic",342
bangalore_metro,64,"{""type"":""MultiPolygon"",""coordinates"":[[[[77.552143,12.884628],[77.552194,12.884647],[77.552118,12.884863],[77.553186,12.885178],[77.553463,12.88526],[77.553437,12.885091],[77.553428,12.88505],[77.553416,12.885005],[77.553494,12.884797],[77.553419,12.88477],[77.553444,12.884651],[77.552287,12.884304],[77.552212,12.884387],[77.552382,12.884439],[77.552363,12.884465],[77.552189,12.884419],[77.552143,12.884628]]]]}","[{""gateName"": ""A-Doddakallasandra Side"", ""stopCode"": ""64_G_A"", ""lat"": 12.88447367, ""lon"": 77.55281612}, {""gateName"": ""B-Gubbala Gate Side"", ""stopCode"": ""64_G_B"", ""lat"": 12.88482534, ""lon"": 77.55270079}]",12.884643,77.55276,Doddakallasandra,39
bangalore_metro,25,"{""type"":""MultiPolygon"",""coordinates"":[[[[77.676702,13.000062],[77.676891,13.000152],[77.677098,13.000223],[77.67759,13.000268],[77.678192,13.00023],[77.678484,13.000226],[77.678992,13.000226],[77.678996,12.999886],[77.678419,12.999805],[77.678299,12.99971],[77.67736,12.999656],[77.677189,12.999642],[77.677072,12.999632],[77.676837,12.999635],[77.676716,12.99963],[77.676702,13.000062]]]]}","[{""gateName"": ""A-Krishnarajapura"", ""stopCode"": ""25_G_A"", ""lat"": 12.99986402, ""lon"": 77.67766355}, {""gateName"": ""B-KR Market Side"", ""stopCode"": ""25_G_B"", ""lat"": 12.96049295, ""lon"": 77.57498726}, {""gateName"": ""C-Vanivilas Hospital Side"", ""stopCode"": ""25_G_C"", ""lat"": 12.96002506, ""lon"": 77.57428184}, {""gateName"": ""D-BMC Side"", ""stopCode"": ""25_G_D"", ""lat"": 12.96080662, ""lon"": 77.57464796}, {""gateName"": ""E-Krishnarajapura"", ""stopCode"": ""25_G_E"", ""lat"": 12.9616143, ""lon"": 77.5752233}]",12.999902,77.67767,Krishnarajapura,82
bangalore_metro,54,"{""type"":""MultiPolygon"",""coordinates"":[[[[77.574093,12.959996],[77.574415,12.960808],[77.574536,12.961126],[77.574622,12.961354],[77.574689,12.961512],[77.574726,12.96158],[77.574766,12.961659],[77.574924,12.962036],[77.575123,12.961961],[77.575201,12.96193],[77.575424,12.961819],[77.575352,12.961677],[77.575463,12.961702],[77.575631,12.96194],[77.575726,12.961904],[77.575744,12.961838],[77.575502,12.961459],[77.575334,12.961535],[77.575213,12.961314],[77.574947,12.960734],[77.575153,12.960674],[77.575036,12.960368],[77.574944,12.960406],[77.574779,12.960031],[77.574746,12.959788],[77.574093,12.959996]]]]}",[],12.960879,77.57466,Krishna Rajendra Market,45
bangalore_metro,49,"{""type"":""MultiPolygon"",""coordinates"":[[[[77.556282,12.998459],[77.556331,12.998692],[77.55654,12.99865],[77.556568,12.998788],[77.557052,12.998719],[77.55733,12.998681],[77.557531,12.998651],[77.557569,12.998487],[77.55771,12.998458],[77.557626,12.998166],[77.557376,12.998167],[77.557282,12.99809],[77.557101,12.998095],[77.556946,12.998201],[77.556838,12.9982],[77.55677,12.998232],[77.556641,12.998292],[77.556538,12.998316],[77.556449,12.998361],[77.556282,12.998459]]]]}","[{""gateName"": ""A-Gayahtri Nagar"", ""stopCode"": ""49_G_A"", ""lat"": 12.99856904, ""lon"": 77.5572203}, {""gateName"": ""B-Prakash Nagar"", ""stopCode"": ""49_G_B"", ""lat"": 12.99827893, ""lon"": 77.55724847}]",12.99853,77.5569,Mahakavi Kuvempu Road,49
bangalore_metro,56,"{""type"":""MultiPolygon"",""coordinates"":[[[[77.579903,12.947],[77.580242,12.947021],[77.580281,12.945635],[77.579882,12.945611],[77.579903,12.947]]]]}","[{""gateName"": ""A-Lalbagh"", ""stopCode"": ""56_G_A"", ""lat"": 12.94683113, ""lon"": 77.58016325}, {""gateName"": ""C-Lalbagh"", ""stopCode"": ""56_G_C"", ""lat"": 12.94605869, ""lon"": 77.57982999}]",12.946526,77.58002,Lalbagh,29
bangalore_metro,6,"{""type"":""MultiPolygon"",""coordinates"":[[[[77.606573,12.975452],[77.606128,12.975603],[77.60622,12.975896],[77.607608,12.975573],[77.60751,12.975214],[77.606888,12.975377],[77.606748,12.974755],[77.606724,12.974657],[77.606515,12.97471],[77.606459,12.974722],[77.606573,12.975452]]]]}","[{""gateName"": ""A-Kamaraj Road Side"", ""stopCode"": ""6_G_A"", ""lat"": 12.97558896, ""lon"": 77.60622158}, {""gateName"": ""B-Kamaraj Road Side"", ""stopCode"": ""6_G_B"", ""lat"": 12.97532105, ""lon"": 77.60729447}, {""gateName"": ""C-MG Road Side"", ""stopCode"": ""6_G_C"", ""lat"": 12.97525962, ""lon"": 77.60669097}, {""gateName"": ""D-Church Street Side"", ""stopCode"": ""6_G_D"", ""lat"": 12.9748166, ""lon"": 77.60659575}]",12.975526,77.60679,Mahatma Gandhi Road,7
bangalore_metro,26,"{""type"":""MultiPolygon"",""coordinates"":[[[[77.692047,12.997079],[77.692301,12.996975],[77.692604,12.996877],[77.692697,12.996775],[77.693127,12.996651],[77.693228,12.99663],[77.693408,12.996578],[77.693492,12.996488],[77.693344,12.996099],[77.692596,12.996337],[77.692217,12.996463],[77.691839,12.996619],[77.692047,12.997079]]]]}","[{""gateName"": ""A-Mahadevapura Police Station Side"", ""stopCode"": ""26_G_A"", ""lat"": 12.99675397, ""lon"": 77.69255786}, {""gateName"": ""B-Maheswari Nagar Side"", ""stopCode"": ""26_G_B"", ""lat"": 12.99636586, ""lon"": 77.69262895}]",12.996545,77.69272,Singayyanapalya,84
bangalore_metro,47,"{""type"":""MultiPolygon"",""coordinates"":[[[[77.548581,13.007673],[77.548538,13.00778],[77.548449,13.007837],[77.548547,13.00828],[77.548627,13.0083],[77.548647,13.0088],[77.548697,13.008844],[77.548786,13.009005],[77.549115,13.008944],[77.549082,13.008515],[77.5491,13.00844],[77.549104,13.008338],[77.549104,13.00827],[77.549084,13.008089],[77.549041,13.007764],[77.548997,13.007726],[77.548921,13.007705],[77.548864,13.007585],[77.548733,13.007575],[77.548581,13.007673]]]]}","[{""gateName"": ""A-Srinivasa Temple Side"", ""stopCode"": ""47_G_A"", ""lat"": 13.00791075, ""lon"": 77.54859432}, {""gateName"": ""B-Srinivasa Temple Side"", ""stopCode"": ""47_G_B"", ""lat"": 13.00818384, ""lon"": 77.54862919}, {""gateName"": ""C-ISKCON Temple Side"", ""stopCode"": ""47_G_C"", ""lat"": 13.00785847, ""lon"": 77.54894703}]",13.008047,77.548805,Mahalakshmi,51
bangalore_metro,12,"{""type"":""MultiPolygon"",""coordinates"":[[[[77.554646,12.97531],[77.554636,12.975546],[77.554633,12.975702],[77.554702,12.975783],[77.554762,12.975873],[77.554803,12.975972],[77.554955,12.976287],[77.555417,12.976249],[77.555495,12.9762],[77.555403,12.975891],[77.555853,12.975889],[77.555988,12.975889],[77.556152,12.97587],[77.556165,12.975727],[77.556179,12.975376],[77.555815,12.975353],[77.555427,12.975329],[77.555062,12.975321],[77.554927,12.975321],[77.554646,12.97531]]]]}","[{""gateName"": ""A-Rajajinagar Side"", ""stopCode"": ""12_G_A"", ""lat"": 12.97572094, ""lon"": 77.5558497}, {""gateName"": ""B-Sheshadripuram College Side"", ""stopCode"": ""12_G_B"", ""lat"": 12.97545697, ""lon"": 77.55593016}, {""gateName"": ""C-Karumaramma Temple Side"", ""stopCode"": ""12_G_C"", ""lat"": 12.9758085, ""lon"": 77.55479962}]",12.975632,77.55535,Magadi Road,64
bangalore_metro,22,"{""type"":""MultiPolygon"",""coordinates"":[[[[77.487112,12.914506],[77.487181,12.914591],[77.487295,12.914693],[77.487606,12.914947],[77.48789,12.915163],[77.488164,12.915363],[77.488306,12.915227],[77.488408,12.915057],[77.488358,12.914993],[77.487828,12.9146],[77.487371,12.914252],[77.487291,12.914329],[77.487236,12.914418],[77.48719,12.91439],[77.487112,12.914506]]]]}","[{""gateName"": ""A-Kengeri Bus Terminal Side"", ""stopCode"": ""22_G_A"", ""lat"": 12.91448704, ""lon"": 77.48725891}, {""gateName"": ""B-Mysore Road Side"", ""stopCode"": ""22_G_B"", ""lat"": 12.9151001, ""lon"": 77.48806223}]",12.914689,77.487854,Kengeri Bus Terminal,75
bangalore_metro,17,"{""type"":""MultiPolygon"",""coordinates"":[[[[77.529965,12.946318],[77.529862,12.946282],[77.529764,12.946218],[77.529476,12.946132],[77.529147,12.94609],[77.528993,12.946251],[77.52862,12.946776],[77.528754,12.947049],[77.529147,12.947493],[77.529369,12.947184],[77.529632,12.946778],[77.52978,12.946855],[77.529887,12.946926],[77.529961,12.946977],[77.530083,12.947037],[77.53034,12.94709],[77.530463,12.947144],[77.530595,12.947188],[77.530734,12.947131],[77.53079,12.94692],[77.530788,12.946758],[77.530554,12.946659],[77.530561,12.946579],[77.530576,12.946518],[77.530595,12.946391],[77.530768,12.946441],[77.530781,12.946328],[77.530809,12.94623],[77.530516,12.946021],[77.530459,12.946012],[77.530352,12.946249],[77.530308,12.946491],[77.530207,12.94644],[77.530093,12.946388],[77.529965,12.946318]]]]}","[{""gateName"": ""A-Nayandahalli Junction Side"", ""stopCode"": ""17_G_A"", ""lat"": 12.9467501, ""lon"": 77.53002807}, {""gateName"": ""B-BHEL Side"", ""stopCode"": ""17_G_B"", ""lat"": 12.94684159, ""lon"": 77.5302735}, {""gateName"": ""C-Outer Ring Road Side"", ""stopCode"": ""17_G_C"", ""lat"": 12.94623122, ""lon"": 77.53066777}, {""gateName"": ""D-Nayandahalli Junction Side"", ""stopCode"": ""17_G_D"", ""lat"": 12.94647824, ""lon"": 77.52950236}]",12.946718,77.53016,Mysore Road,70
bangalore_metro,39,"{""type"":""MultiPolygon"",""coordinates"":[[[[77.499533,13.048868],[77.500336,13.048585],[77.500683,13.048454],[77.500991,13.04831],[77.500899,13.047848],[77.50088,13.04775],[77.500762,13.047203],[77.500557,13.047067],[77.500355,13.047123],[77.49998,13.047237],[77.499244,13.047494],[77.499354,13.048539],[77.499432,13.048706],[77.499533,13.048868]]]]}","[{""gateName"": ""A-Manjunath Nagar Side"", ""stopCode"": ""39_G_A"", ""lat"": 13.04819926, ""lon"": 77.49964803}, {""gateName"": ""B-MS Ramaiah Enclave Side"", ""stopCode"": ""39_G_B"", ""lat"": 13.04787656, ""lon"": 77.50052243}]",13.047954,77.500145,Nagasandra,59
bangalore_metro,55,"{""type"":""MultiPolygon"",""coordinates"":[[[[77.573558,12.951431],[77.574035,12.951436],[77.574067,12.951179],[77.574083,12.951089],[77.574075,12.950067],[77.574064,12.949993],[77.574052,12.949828],[77.573935,12.949775],[77.573743,12.949792],[77.573541,12.94981],[77.573434,12.949905],[77.573434,12.950059],[77.573428,12.950162],[77.573409,12.950373],[77.573414,12.950582],[77.573422,12.95101],[77.573429,12.95111],[77.573558,12.951431]]]]}","[{""gateName"": ""A-National College"", ""stopCode"": ""55_G_A"", ""lat"": 12.95103183, ""lon"": 77.57389896}, {""gateName"": ""C-National College"", ""stopCode"": ""55_G_C"", ""lat"": 12.95022019, ""lon"": 77.57356435}]",12.950527,77.57369,National College,44
bangalore_metro,18,"{""type"":""MultiPolygon"",""coordinates"":[[[[77.524885,12.940933],[77.524766,12.940992],[77.524715,12.941019],[77.524624,12.941056],[77.524548,12.941108],[77.524514,12.941159],[77.524513,12.941232],[77.524542,12.941342],[77.524649,12.941492],[77.524748,12.941608],[77.524868,12.941801],[77.525093,12.942132],[77.525169,12.942267],[77.525242,12.942383],[77.525311,12.94251],[77.525524,12.942505],[77.525676,12.942449],[77.525782,12.942349],[77.525829,12.942212],[77.525746,12.941999],[77.525481,12.941559],[77.525389,12.941403],[77.525267,12.941208],[77.525237,12.941151],[77.525136,12.941107],[77.525015,12.94104],[77.524885,12.940933]]]]}","[{""gateName"": ""A-Pantarapalya Side"", ""stopCode"": ""18_G_A"", ""lat"": 12.9415978, ""lon"": 77.52536371}, {""gateName"": ""B-Nayandahalli Railway Station Side"", ""stopCode"": ""18_G_B"", ""lat"": 12.94180954, ""lon"": 77.52491444}]",12.941671,77.525116,Pantharapalya - Nayandahalli,71
bangalore_metro,21,"{""type"":""MultiPolygon"",""coordinates"":[[[[77.498009,12.923664],[77.497945,12.923674],[77.497885,12.923734],[77.497765,12.923888],[77.497722,12.92392],[77.497727,12.924002],[77.497825,12.924161],[77.498196,12.924504],[77.498286,12.924615],[77.498339,12.924662],[77.498384,12.924703],[77.4985,12.924813],[77.498596,12.924884],[77.498625,12.924878],[77.498679,12.924912],[77.498701,12.924931],[77.498782,12.924877],[77.498829,12.924841],[77.498892,12.924773],[77.498955,12.924694],[77.498955,12.924629],[77.498963,12.924568],[77.498856,12.924463],[77.498862,12.924415],[77.498172,12.923747],[77.498112,12.923759],[77.498009,12.923664]]]]}","[{""gateName"": ""A-RV College of Engineering Side"", ""stopCode"": ""21_G_A"", ""lat"": 12.92402274, ""lon"": 77.49836862}, {""gateName"": ""B-Dubasipalya Side"", ""stopCode"": ""21_G_B"", ""lat"": 12.9244554, ""lon"": 77.49818757}]",12.92425,77.49835,Pattanagere,74
bangalore_metro,43,"{""type"":""MultiPolygon"",""coordinates"":[[[[77.532603,13.032954],[77.532745,13.033233],[77.532729,13.033389],[77.532962,13.033763],[77.533335,13.033552],[77.533711,13.033313],[77.534176,13.033134],[77.53456,13.032822],[77.534106,13.032192],[77.533516,13.032404],[77.533043,13.032672],[77.532603,13.032954]]]]}","[{""gateName"": ""A-CMTI Side"", ""stopCode"": ""43_G_A"", ""lat"": 13.03287512, ""lon"": 77.53351359}]",13.033019,77.5332,Peenya,55
bangalore_metro,62,"{""type"":""MultiPolygon"",""coordinates"":[[[[77.569676,12.895244],[77.569618,12.895291],[77.569567,12.89536],[77.569523,12.895421],[77.569413,12.895531],[77.56946,12.895595],[77.569554,12.8957],[77.569756,12.895988],[77.569774,12.896031],[77.569778,12.896089],[77.569731,12.896306],[77.569944,12.896493],[77.570283,12.896687],[77.570462,12.896744],[77.570843,12.896538],[77.570918,12.896468],[77.570958,12.896388],[77.570911,12.896295],[77.570465,12.895737],[77.570178,12.895448],[77.570083,12.8953],[77.569905,12.895244],[77.56978,12.895223],[77.569676,12.895244]]]]}","[{""gateName"": ""A-Jaraganahalli Side"", ""stopCode"": ""62_G_A"", ""lat"": 12.89638127, ""lon"": 77.57082514}, {""gateName"": ""C-Jyothy Kendriya Vidyalaya Side"", ""stopCode"": ""62_G_C"", ""lat"": 12.89568449, ""lon"": 77.57021025}, {""gateName"": ""D-Yelachenahalli Side"", ""stopCode"": ""62_G_D"", ""lat"": 12.89555442, ""lon"": 77.56949007}, {""gateName"": ""E-Yelachenahalli Side"", ""stopCode"": ""62_G_E"", ""lat"": 12.89630087, ""lon"": 77.57007278}]",12.89605,77.57012,Yelachenahalli,37
bangalore_metro,42,"{""type"":""MultiPolygon"",""coordinates"":[[[[77.525266,13.036872],[77.526334,13.03628],[77.526269,13.036031],[77.526139,13.035832],[77.525506,13.036164],[77.524882,13.036497],[77.524833,13.03655],[77.524756,13.036674],[77.524824,13.03678],[77.524853,13.036862],[77.524897,13.036913],[77.524943,13.036947],[77.525145,13.03692],[77.525208,13.036906],[77.525266,13.036872]]]]}","[{""gateName"": ""A-Police Station Side"", ""stopCode"": ""42_G_A"", ""lat"": 13.03662229, ""lon"": 77.52514511}, {""gateName"": ""B-PF Office Side"", ""stopCode"": ""42_G_B"", ""lat"": 13.03614672, ""lon"": 77.52600877}]",13.036318,77.52549,Peenya Industry,56
bangalore_metro,48,"{""type"":""MultiPolygon"",""coordinates"":[[[[77.54954,12.999394],[77.549479,12.999575],[77.549635,12.999724],[77.549621,12.999909],[77.549585,13.000122],[77.549365,13.000152],[77.549503,13.000342],[77.549474,13.00056],[77.549465,13.00063],[77.549461,13.000679],[77.549458,13.00073],[77.549473,13.000798],[77.549491,13.000909],[77.549583,13.000944],[77.549657,13.000964],[77.549739,13.00098],[77.549824,13.000984],[77.549886,13.000948],[77.549898,13.000889],[77.549908,13.000837],[77.549912,13.000789],[77.549921,13.000771],[77.549926,13.000765],[77.549922,13.000745],[77.549921,13.000747],[77.549928,13.000726],[77.549929,13.000722],[77.549928,13.000719],[77.549926,13.00072],[77.549928,13.000721],[77.549936,13.000716],[77.549935,13.00072],[77.549935,13.000716],[77.54994,13.000697],[77.54994,13.000663],[77.549945,13.000633],[77.54996,13.000596],[77.549999,13.000591],[77.550024,13.000564],[77.550038,13.000488],[77.550033,13.000428],[77.549999,13.000373],[77.549974,13.000307],[77.549994,13.000222],[77.550042,13.000223],[77.550092,13.000246],[77.550247,13.000282],[77.550269,13.000155],[77.55026,13.000074],[77.550058,13.000015],[77.55004,12.999965],[77.550055,12.999849],[77.550061,12.99978],[77.550008,12.999652],[77.549828,12.999504],[77.54954,12.999394]]]]}","[{""gateName"": ""A-BWSSB Water Tank Side"", ""stopCode"": ""48_G_A"", ""lat"": 12.9994929, ""lon"": 77.54953175}, {""gateName"": ""B-Ananya Hospital Side"", ""stopCode"": ""48_G_B"", ""lat"": 13.00010967, ""lon"": 77.55001723}]",13.000525,77.54966,Rajajinagar,50
bangalore_metro,19,"{""type"":""MultiPolygon"",""coordinates"":[[[[77.51926,12.93625],[77.519222,12.936245],[77.519065,12.93592],[77.518593,12.935934],[77.518685,12.936601],[77.518749,12.93666],[77.518818,12.936723],[77.518942,12.936757],[77.519485,12.936945],[77.519775,12.937076],[77.519918,12.93712],[77.520089,12.937187],[77.520253,12.93716],[77.520324,12.937013],[77.520448,12.936798],[77.520374,12.936685],[77.5203,12.936626],[77.51926,12.93625]]]]}","[{""gateName"": ""A-Rajarajeshwari Nagar Side"", ""stopCode"": ""19_G_A"", ""lat"": 12.93645063, ""lon"": 77.51968548}, {""gateName"": ""B-Sports Authority of India Side"", ""stopCode"": ""19_G_B"", ""lat"": 12.93688196, ""lon"": 77.51953661}]",12.9366,77.51968,Rajarajeshwari Nagar,72
bangalore_metro,59,"{""type"":""MultiPolygon"",""coordinates"":[[[[77.579916,12.922409],[77.58013,12.922397],[77.580297,12.922379],[77.580296,12.922476],[77.580404,12.922489],[77.580479,12.922469],[77.580493,12.922333],[77.580495,12.922195],[77.580491,12.922163],[77.580481,12.922094],[77.580555,12.922061],[77.580546,12.921929],[77.580556,12.921035],[77.58056,12.920935],[77.58059,12.920764],[77.580586,12.920535],[77.580402,12.920529],[77.580297,12.920529],[77.57992,12.920551],[77.579888,12.921182],[77.579901,12.921315],[77.579888,12.921716],[77.579915,12.921873],[77.579913,12.921982],[77.579916,12.922409]]]]}","[{""gateName"": ""A-Rashtreeya Vidyalaya Road"", ""stopCode"": ""59_G_A"", ""lat"": 12.92133788, ""lon"": 77.58026719}]",12.921331,77.58027,Rashtreeya Vidyalaya Road,33
bangalore_metro,57,"{""type"":""MultiPolygon"",""coordinates"":[[[[77.579961,12.938975],[77.58008,12.938989],[77.580243,12.938978],[77.580308,12.937672],[77.579918,12.937661],[77.579961,12.938975]]]]}","[{""gateName"": ""A-Vijaya College Side"", ""stopCode"": ""57_G_A"", ""lat"": 12.93759562, ""lon"": 77.58040801}, {""gateName"": ""B-South End Circle Side"", ""stopCode"": ""57_G_B"", ""lat"": 12.93807008, ""lon"": 77.58033089}, {""gateName"": ""C-Kanakapura Road Side"", ""stopCode"": ""57_G_C"", ""lat"": 12.93813609, ""lon"": 77.57987827}]",12.938257,77.580055,South End Circle,28
bangalore_metro,51,"{""type"":""MultiPolygon"",""coordinates"":[[[[77.570289,12.990803],[77.570081,12.991146],[77.569928,12.991404],[77.56953,12.99211],[77.569889,12.992351],[77.571458,12.992376],[77.571494,12.991803],[77.571507,12.991395],[77.571658,12.991025],[77.571803,12.990601],[77.572089,12.990218],[77.57171,12.990095],[77.571544,12.990019],[77.571541,12.989567],[77.571388,12.989455],[77.570893,12.989757],[77.570974,12.989847],[77.570289,12.990803]]]]}","[{""gateName"": ""A-PNR Nagar Side"", ""stopCode"": ""51_G_A"", ""lat"": 12.99011298, ""lon"": 77.57133811}, {""gateName"": ""B-PNR Nagar Side"", ""stopCode"": ""51_G_B"", ""lat"": 12.9898098, ""lon"": 77.57089287}, {""gateName"": ""C-Mantri Mall Side"", ""stopCode"": ""51_G_C"", ""lat"": 12.99095454, ""lon"": 77.57054954}]",12.990463,77.57073,Mantri Square Sampige Road,47
bangalore_metro,50,"{""type"":""MultiPolygon"",""coordinates"":[[[[77.562587,12.996728],[77.562872,12.996713],[77.56294,12.996757],[77.563415,12.996704],[77.563497,12.996738],[77.563536,12.996776],[77.563722,12.99674],[77.563713,12.996665],[77.563771,12.996614],[77.56391,12.996625],[77.563992,12.99661],[77.564162,12.996595],[77.564139,12.996433],[77.56403,12.996425],[77.563973,12.995964],[77.563672,12.995989],[77.563666,12.996187],[77.563373,12.99625],[77.562995,12.996308],[77.562948,12.996304],[77.562899,12.996305],[77.562556,12.996343],[77.562587,12.996728]]]]}","[{""gateName"": ""A-Maruthi Extension"", ""stopCode"": ""50_G_A"", ""lat"": 12.99646779, ""lon"": 77.56406261}, {""gateName"": ""C-Prakash Nagar"", ""stopCode"": ""50_G_C"", ""lat"": 12.9962574, ""lon"": 77.56382525}]",12.996525,77.563194,Srirampura,48
bangalore_metro,46,"{""type"":""MultiPolygon"",""coordinates"":[[[[77.55381,13.01543],[77.553909,13.015475],[77.554023,13.015478],[77.554108,13.015487],[77.554219,13.015453],[77.555397,13.015385],[77.555405,13.014889],[77.55539,13.014639],[77.555403,13.014473],[77.554371,13.014533],[77.554225,13.014379],[77.554264,13.013973],[77.554292,13.013735],[77.554483,13.013415],[77.554435,13.013373],[77.554353,13.013333],[77.554148,13.013682],[77.554149,13.013993],[77.554022,13.013986],[77.554004,13.013924],[77.553722,13.013912],[77.553708,13.014268],[77.553743,13.014287],[77.553743,13.014922],[77.55382,13.014978],[77.55381,13.01543]]]]}","[{""gateName"": ""A-Orion Mall Side"", ""stopCode"": ""46_G_A"", ""lat"": 13.01349025, ""lon"": 77.55431949}, {""gateName"": ""B-Mysore Sandal Soap Factory Side"", ""stopCode"": ""46_G_B"", ""lat"": 13.01382998, ""lon"": 77.55386889}]",13.014654,77.553986,Sandal Soap Factory,52
bangalore_metro,32,"{""type"":""MultiPolygon"",""coordinates"":[[[[77.727595,12.981881],[77.727691,12.98193],[77.727781,12.981929],[77.727911,12.981905],[77.72793,12.981837],[77.727985,12.981737],[77.727918,12.98136],[77.727894,12.981194],[77.727869,12.98101],[77.727851,12.980934],[77.727758,12.980535],[77.727629,12.980407],[77.7275,12.980467],[77.727312,12.980509],[77.727232,12.980699],[77.727254,12.981206],[77.727469,12.981747],[77.727537,12.981843],[77.727595,12.981881]]]]}","[{""gateName"": ""A-KIADB Industrial Area Side"", ""stopCode"": ""32_G_A"", ""lat"": 12.98123779, ""lon"": 77.72741049}, {""gateName"": ""B-Sri Sathya Sai Hospital Side"", ""stopCode"": ""32_G_B"", ""lat"": 12.98115742, ""lon"": 77.72780478}]",12.981195,77.72754,Sri Sathya Sai Hospital,90
bangalore_metro,2,"{""type"":""MultiPolygon"",""coordinates"":[[[[77.644291,12.985236],[77.644211,12.985395],[77.64452,12.985502],[77.6445,12.985532],[77.644441,12.985558],[77.644403,12.9856],[77.644315,12.985815],[77.644453,12.985879],[77.644451,12.985935],[77.64442,12.985976],[77.644463,12.986006],[77.644813,12.98613],[77.644854,12.986077],[77.645575,12.986386],[77.645641,12.986338],[77.645695,12.986253],[77.645711,12.986157],[77.64571,12.986087],[77.645208,12.985876],[77.645093,12.985787],[77.644959,12.985771],[77.64461,12.985635],[77.644644,12.985547],[77.644773,12.985602],[77.644934,12.985668],[77.645001,12.985498],[77.644661,12.985358],[77.644291,12.985236]]]]}","[{""gateName"": ""A-Isolation Hospital Side"", ""stopCode"": ""2_G_A"", ""lat"": 12.98586132, ""lon"": 77.64444239}, {""gateName"": ""B-Isolation Hospital Side"", ""stopCode"": ""2_G_B"", ""lat"": 12.98603773, ""lon"": 77.64475755}, {""gateName"": ""C-80ft Road Side"", ""stopCode"": ""2_G_C"", ""lat"": 12.98546862, ""lon"": 77.64490507}, {""gateName"": ""D-80ft Road Side"", ""stopCode"": ""2_G_D"", ""lat"": 12.9853778, ""lon"": 77.64450677}, {""gateName"": ""E-80ft Road Side"", ""stopCode"": ""2_G_E"", ""lat"": 12.98521053, ""lon"": 77.64426134}]",12.985931,77.6449,Swami Vivekananda Road,78
bangalore_metro,66,"{""type"":""MultiPolygon"",""coordinates"":[[[[77.53883,12.872124],[77.539029,12.871912],[77.539018,12.871757],[77.538943,12.871661],[77.538321,12.870883],[77.538208,12.870767],[77.538063,12.870693],[77.537931,12.87075],[77.537887,12.870777],[77.537858,12.870833],[77.537824,12.870929],[77.537808,12.871026],[77.537845,12.871147],[77.538149,12.871652],[77.538359,12.871961],[77.538598,12.872182],[77.53883,12.872124]]]]}","[{""gateName"": ""A-Govt Model Primary School SIde"", ""stopCode"": ""66_G_A"", ""lat"": 12.87124829, ""lon"": 77.53849849}, {""gateName"": ""B-Thalaghattapura Police Station Side"", ""stopCode"": ""66_G_B"", ""lat"": 12.87148362, ""lon"": 77.53819942}]",12.87141,77.5384,Thalaghattapura,41
bangalore_metro,5,"{""type"":""MultiPolygon"",""coordinates"":[[[[77.616315,12.973405],[77.617024,12.973259],[77.617376,12.973208],[77.61769,12.973039],[77.617695,12.972731],[77.61625,12.973026],[77.616315,12.973405]]]]}","[{""gateName"": ""A-South Side"", ""stopCode"": ""5_G_A"", ""lat"": 12.97287459, ""lon"": 77.61681363}, {""gateName"": ""B-North Side"", ""stopCode"": ""5_G_B"", ""lat"": 12.97301181, ""lon"": 77.61750027}, {""gateName"": ""C-South Side"", ""stopCode"": ""5_G_C"", ""lat"": 12.97263085, ""lon"": 77.61706173}]",12.973022,77.61702,Trinity,27
bangalore_metro,35,"{""type"":""MultiPolygon"",""coordinates"":[[[[77.753407,12.986289],[77.753173,12.986471],[77.753292,12.986843],[77.753542,12.987278],[77.75376,12.987781],[77.753844,12.987951],[77.753946,12.988044],[77.754101,12.988098],[77.754248,12.988075],[77.754308,12.987972],[77.754369,12.98783],[77.754359,12.987688],[77.754156,12.987192],[77.753952,12.986714],[77.753914,12.986636],[77.753881,12.986555],[77.753738,12.986312],[77.753407,12.986289]]]]}","[{""gateName"": ""A-Kadugodi Colony Side"", ""stopCode"": ""35_G_A"", ""lat"": 12.9873465, ""lon"": 77.75368743}, {""gateName"": ""B-Kadugodi Side"", ""stopCode"": ""35_G_B"", ""lat"": 12.98719197, ""lon"": 77.75406025}]",12.987343,77.7538,Hopefarm Channasandra,92
bangalore_metro,31,"{""type"":""MultiPolygon"",""coordinates"":[[[[77.723956,12.976518],[77.723989,12.976945],[77.724123,12.977012],[77.724353,12.977002],[77.724449,12.976989],[77.72462,12.976968],[77.724793,12.976921],[77.72516,12.976887],[77.725424,12.976858],[77.725571,12.976816],[77.725598,12.976733],[77.725566,12.976418],[77.725173,12.976374],[77.724835,12.976397],[77.724431,12.97645],[77.723956,12.976518]]]]}","[{""gateName"": ""A-Nallurahalli"", ""stopCode"": ""31_G_A"", ""lat"": 12.97665012, ""lon"": 77.72488117}]",12.976641,77.724884,Nallurahalli,89
bangalore_metro,8,"{""type"":""MultiPolygon"",""coordinates"":[[[[77.589929866,12.977687033],[77.592664598,12.980387481],[77.593481767,12.979814199],[77.590598511,12.976970806],[77.589929866,12.977687033]]]]}","[{""gateName"": ""A-Vidhana Soudha Side"", ""stopCode"": ""8_G_A"", ""lat"": 12.9801394, ""lon"": 77.59274348}, {""gateName"": ""B-GPO Side"", ""stopCode"": ""8_G_B"", ""lat"": 12.97947945, ""lon"": 77.59268179}, {""gateName"": ""C-GPO Side"", ""stopCode"": ""8_G_C"", ""lat"": 12.97902989, ""lon"": 77.59229153}, {""gateName"": ""D-Cubbon Park Side"", ""stopCode"": ""8_G_D"", ""lat"": 12.97756492, ""lon"": 77.59092226}, {""gateName"": ""E-Vikasa Soudha Side"", ""stopCode"": ""8_G_E"", ""lat"": 12.97763287, ""lon"": 77.59011894}, {""gateName"": ""F-Dr. B. R. Ambedkar Station, Vidhana Soudha"", ""stopCode"": ""8_G_F"", ""lat"": 12.9778668, ""lon"": 77.59021014}]",12.978742,77.59164,"Dr. B. R. Ambedkar Station, Vidhana Soudha",61
bangalore_metro,14,"{""type"":""MultiPolygon"",""coordinates"":[[[[77.537062,12.970214],[77.537106,12.970363],[77.537034,12.970416],[77.537411,12.971481],[77.53776,12.971382],[77.537766,12.971237],[77.537765,12.971185],[77.537586,12.970603],[77.537482,12.970298],[77.537427,12.970213],[77.537302,12.970142],[77.537062,12.970214]]]]}","[{""gateName"": ""A-Post Office Side"", ""stopCode"": ""14_G_A"", ""lat"": 12.97129719, ""lon"": 77.53740548}, {""gateName"": ""B-Hosahalli Side"", ""stopCode"": ""14_G_B"", ""lat"": 12.97025691, ""lon"": 77.53732502}]",12.970956,77.53741,Vijayanagar,67
bangalore_metro,65,"{""type"":""MultiPolygon"",""coordinates"":[[[[77.544454,12.876733],[77.544414,12.876736],[77.544378,12.876756],[77.544331,12.876961],[77.544319,12.87704],[77.544274,12.877202],[77.544444,12.87761],[77.544663,12.878069],[77.54471,12.878162],[77.544817,12.878193],[77.544887,12.87825],[77.544991,12.878355],[77.545134,12.878632],[77.545284,12.878559],[77.545432,12.878496],[77.545298,12.878129],[77.545312,12.878027],[77.545309,12.877809],[77.545115,12.877318],[77.544972,12.876951],[77.544823,12.876786],[77.544704,12.876749],[77.544601,12.876739],[77.544507,12.876753],[77.544454,12.876733]]]]}","[{""gateName"": ""A-Raghuvanahalli Side"", ""stopCode"": ""65_G_A"", ""lat"": 12.87740545, ""lon"": 77.54492573}, {""gateName"": ""B-Bayanapalya Side"", ""stopCode"": ""65_G_B"", ""lat"": 12.87754861, ""lon"": 77.5445871}]",12.877437,77.54474,Vajarahalli,40
bangalore_metro,9,"{""type"":""MultiPolygon"",""coordinates"":[[[[77.583025,12.973411],[77.582891,12.97334],[77.582857,12.973385],[77.58282,12.973429],[77.582788,12.973466],[77.58276,12.973499],[77.582701,12.973453],[77.582616,12.973631],[77.582506,12.973829],[77.583178,12.974258],[77.583329,12.974128],[77.584425,12.974791],[77.584385,12.974908],[77.584416,12.974987],[77.584537,12.975052],[77.584637,12.975085],[77.584743,12.975114],[77.584865,12.975],[77.584962,12.974849],[77.585137,12.974543],[77.584661,12.974292],[77.584501,12.974533],[77.583961,12.974231],[77.583444,12.973926],[77.583516,12.973757],[77.583222,12.973557],[77.583025,12.973411]]]]}","[{""gateName"": ""A-Bangalore University Side"", ""stopCode"": ""9_G_A"", ""lat"": 12.97485842, ""lon"": 77.58451848}, {""gateName"": ""B-Government Arts and Science College Side"", ""stopCode"": ""9_G_B"", ""lat"": 12.9745121, ""lon"": 77.58472904}, {""gateName"": ""C-City Civil Court Side"", ""stopCode"": ""9_G_C"", ""lat"": 12.97349797, ""lon"": 77.58299634}, {""gateName"": ""D-Central College Side"", ""stopCode"": ""9_G_D"", ""lat"": 12.97385213, ""lon"": 77.58278847}, {""gateName"": ""E-Central College Side"", ""stopCode"": ""9_G_E"", ""lat"": 12.97398412, ""lon"": 77.5831452}]",12.97452,77.58422,"Sir M. Visvesvaraya Stn., Central College",62
bangalore_metro,29,"{""type"":""MultiPolygon"",""coordinates"":[[[[77.708408,12.981377],[77.708428,12.981446],[77.708457,12.981513],[77.708566,12.981559],[77.708746,12.981602],[77.708911,12.981557],[77.708968,12.981373],[77.709025,12.981216],[77.709119,12.980886],[77.709198,12.980569],[77.70923,12.980407],[77.709228,12.980245],[77.709179,12.980172],[77.709084,12.980101],[77.708954,12.980109],[77.708803,12.98014],[77.70872,12.980286],[77.708674,12.980436],[77.70857,12.980755],[77.708408,12.981377]]]]}","[{""gateName"": ""A-Seetharampalya Side"", ""stopCode"": ""29_G_A"", ""lat"": 12.98092611, ""lon"": 77.70898238}, {""gateName"": ""B-Doddanekundi Side"", ""stopCode"": ""29_G_B"", ""lat"": 12.98082941, ""lon"": 77.70862162}]",12.980856,77.708786,Seetharampalya,87
bangalore_metro,36,"{""type"":""MultiPolygon"",""coordinates"":[[[[77.757875,12.996333],[77.758268,12.996374],[77.758258,12.996175],[77.75817,12.995801],[77.758045,12.995487],[77.757816,12.994864],[77.75769,12.994715],[77.75754,12.994752],[77.757469,12.995014],[77.757875,12.996333]]]]}","[{""gateName"": ""A-Whitefield Traffic Police Station Side"", ""stopCode"": ""36_G_A"", ""lat"": 12.99497417, ""lon"": 77.7578938}, {""gateName"": ""B-Whitefield Railway Station Side"", ""stopCode"": ""36_G_B"", ""lat"": 12.99586537, ""lon"": 77.75814593}]",12.995743,77.75795,Whitefield (Kadugodi),93
bangalore_metro,44,"{""type"":""MultiPolygon"",""coordinates"":[[[[77.540288,13.028598],[77.540335,13.028685],[77.540411,13.028784],[77.540559,13.028693],[77.540604,13.02876],[77.541077,13.028481],[77.541116,13.028499],[77.541177,13.028619],[77.541365,13.028504],[77.541425,13.028471],[77.541608,13.028364],[77.541522,13.028235],[77.541465,13.028253],[77.541428,13.028191],[77.541557,13.028104],[77.541517,13.028031],[77.541424,13.027927],[77.541268,13.028004],[77.541251,13.027988],[77.541075,13.028088],[77.541056,13.028055],[77.541318,13.02791],[77.541254,13.027794],[77.540749,13.028077],[77.540826,13.028227],[77.540678,13.0283],[77.540601,13.028149],[77.540343,13.0283],[77.540289,13.028364],[77.540318,13.028432],[77.540401,13.028434],[77.540442,13.028498],[77.540288,13.028598]]]]}","[{""gateName"": ""A-GG Palya Side"", ""stopCode"": ""44_G_A"", ""lat"": 13.02786311, ""lon"": 77.54114984}, {""gateName"": ""B-GG Palya Side"", ""stopCode"": ""44_G_B"", ""lat"": 13.02800421, ""lon"": 77.54090845}, {""gateName"": ""C-GG Palya Side"", ""stopCode"": ""44_G_C"", ""lat"": 13.02833347, ""lon"": 77.54148245}, {""gateName"": ""E-MES Road Side"", ""stopCode"": ""44_G_E"", ""lat"": 13.02837005, ""lon"": 77.54027009}]",13.028403,77.54086,Goraguntepalya,54
bangalore_metro,45,"{""type"":""MultiPolygon"",""coordinates"":[[[[77.550594,13.023283],[77.55051,13.023053],[77.550566,13.023007],[77.550428,13.022764],[77.550274,13.022844],[77.550249,13.022797],[77.550598,13.022602],[77.55049,13.022443],[77.550016,13.022674],[77.549952,13.022894],[77.549858,13.022967],[77.549789,13.022866],[77.549559,13.023004],[77.549603,13.023103],[77.549503,13.02317],[77.549318,13.02311],[77.548864,13.023399],[77.548959,13.023564],[77.549283,13.023369],[77.549333,13.023381],[77.549224,13.023485],[77.549363,13.023708],[77.549542,13.023622],[77.549639,13.023701],[77.549746,13.023732],[77.54989,13.023682],[77.550162,13.023515],[77.550325,13.023778],[77.550385,13.023705],[77.550433,13.023647],[77.550448,13.023623],[77.550341,13.023439],[77.550594,13.023283]]]]}","[{""gateName"": ""A-APMC Market Side"", ""stopCode"": ""45_G_A"", ""lat"": 13.02257138, ""lon"": 77.55038201}, {""gateName"": ""B-APMC Market Side"", ""stopCode"": ""45_G_B"", ""lat"": 13.02296074, ""lon"": 77.54967928}, {""gateName"": ""C-APMC Market Side"", ""stopCode"": ""45_G_C"", ""lat"": 13.0233684, ""lon"": 77.5489591}, {""gateName"": ""D-Railway Station Side"", ""stopCode"": ""45_G_D"", ""lat"": 13.02364802, ""lon"": 77.54968732}, {""gateName"": ""E-Railway Station Side"", ""stopCode"": ""45_G_E"", ""lat"": 13.02360359, ""lon"": 77.55031764}, {""gateName"": ""F-Railway Station Side"", ""stopCode"": ""45_G_F"", ""lat"": 13.02334096, ""lon"": 77.55011245}, {""gateName"": ""G-Railway Station Side"", ""stopCode"": ""45_G_G"", ""lat"": 13.02314759, ""lon"": 77.55047187}]",13.023268,77.54987,Yeshwantpur,53
bangalore_metro,40,"{""type"":""MultiPolygon"",""coordinates"":[[[[77.511616,13.043429],[77.511664,13.043767],[77.511706,13.043923],[77.511883,13.043971],[77.512178,13.043924],[77.513186,13.043711],[77.513143,13.04346],[77.513125,13.043349],[77.513155,13.04327],[77.513095,13.042935],[77.511616,13.043429]]]]}","[{""gateName"": ""A-Hesarghatta Cross Side"", ""stopCode"": ""40_G_A"", ""lat"": 13.04356122, ""lon"": 77.511895}, {""gateName"": ""B-Jalahalli Cross Side"", ""stopCode"": ""40_G_B"", ""lat"": 13.04324897, ""lon"": 77.5128445}]",13.043261,77.51255,Dasarahalli,58
bangalore_metro,70,"{""type"":""MultiPolygon"",""coordinates"":[[[[77.47344362622684,13.05705159466102],[77.47213848666823,13.0573831631646],[77.47222573848728,13.05775310799571],[77.47354160548728,13.05743446751846],[77.47344362622684,13.05705159466102]]]]}",[],13.057222,80.265000,Madavara,163
bangalore_metro,69,"{""type"":""MultiPolygon"",""coordinates"":[[[[77.48843589270618,13.05205131009457],[77.48716656689366,13.05250973492213],[77.48726480815652,13.05276186026085],[77.48853632140691,13.0523167415464],[77.48843589270618,13.05205131009457]]]]}",[],13.075000,80.231389,Chikkabidarakallu,164
bangalore_metro,68,"{""type"":""MultiPolygon"",""coordinates"":[[[[77.49367814419227,13.05022049957597],[77.49377123300708,13.05046130907157],[77.49504960419372,13.04998818598807],[77.49496473576406,13.0497597611531],[77.49367814419227,13.05022049957597]]]]}",[],13.088611,80.288056,Manjunathanagara,165
chennai_metro,SAE,,"[{""gateName"": ""A3-Near Amma Arangam"", ""stopCode"": ""SAE"", ""lat"": 13.084513, ""lon"": 80.2196321}, {""gateName"": ""A2-Near Valliammal College"", ""stopCode"": ""SAE"", ""lat"": 13.0846623, ""lon"": 80.2196832}, {""gateName"": ""B2-Near Anna Nagar Roundana"", ""stopCode"": ""SAE"", ""lat"": 13.0845365, ""lon"": 80.2191261}, {""gateName"": ""B3-Near Kandhaswamy College"", ""stopCode"": ""SAE"", ""lat"": 13.0846921, ""lon"": 80.218741}]",13.08472565,80.22005328,ANNA NAGAR EAST,
chennai_metro,SAL,,"[{""gateName"": ""B-Towards Airport"", ""stopCode"": ""SAL"", ""lat"": 13.0038958, ""lon"": 80.20118}, {""gateName"": ""A- Near Urban Square"", ""stopCode"": ""SAL"", ""lat"": 13.0048551, ""lon"": 80.2015646}]",13.00372197,80.20154361,ARIGNAR ANNA ALANDUR,
chennai_metro,SAN,,"[{""gateName"": ""C-Near ESI Hospital"", ""stopCode"": ""SAN"", ""lat"": 13.0351886, ""lon"": 80.2104551}, {""gateName"": ""D-Near BHEL Staff Quarters"", ""stopCode"": ""SAN"", ""lat"": 13.0351167, ""lon"": 80.2108348}]",13.03534195,80.21063651,ASHOK NAGAR,
chennai_metro,SAP,,"[{""gateName"": ""A-Towards Tambaram/Koyambedu"", ""stopCode"": ""SAP"", ""lat"": 12.9804578, ""lon"": 80.1643062}]",12.98159298,80.1639009,AIRPORT,
chennai_metro,SAR,,"[{""gateName"": ""C-Near MMDA Colony"", ""stopCode"": ""SAR"", ""lat"": 13.0618382, ""lon"": 80.2117838}, {""gateName"": ""B-Near Chennai Park Inn"", ""stopCode"": ""SAR"", ""lat"": 13.0617739, ""lon"": 80.211564}]",13.06184867,80.21191767,ARUMBAKKAM,
chennai_metro,SAT,,"[{""gateName"": ""B3-Near Kora Food Street"", ""stopCode"": ""SAT"", ""lat"": 13.0851153, ""lon"": 80.2084914}, {""gateName"": ""B1&B2-Near 2nd Avenue Road"", ""stopCode"": ""SAT"", ""lat"": 13.0848867, ""lon"": 80.2084222}, {""gateName"": ""A3-Near Shanthi Colony"", ""stopCode"": ""SAT"", ""lat"": 13.0848399, ""lon"": 80.209699}, {""gateName"": ""A2-Near Anna Tower Park"", ""stopCode"": ""SAT"", ""lat"": 13.0851002, ""lon"": 80.2096133}]",13.08517703,80.20848648,ANNA NAGAR TOWER,
chennai_metro,SCC,,"[{""gateName"": ""B2-Near Central Railway Station"", ""stopCode"": ""SCC"", ""lat"": 13.0816968, ""lon"": 80.273681}, {""gateName"": ""A2- Near Rajiv Gandhi Hospital"", ""stopCode"": ""SCC"", ""lat"": 13.0815127, ""lon"": 80.2747051}, {""gateName"": ""B1- Towards Egmore road"", ""stopCode"": ""SCC"", ""lat"": 13.0813602, ""lon"": 80.2733365}, {""gateName"": ""B5- Near Ripon Building"", ""stopCode"": ""SCC"", ""lat"": 13.0817205, ""lon"": 80.270964}]",13.0817804,80.27354903,PURATCHI THALAIVAR DR.M.G.RAMACHANDRAN CENTRAL METRO,
chennai_metro,SCM,,"[{""gateName"": ""D-Near KSRTC Boarding Point "", ""stopCode"": ""SCM"", ""lat"": 13.0680697, ""lon"": 80.2040548}, {""gateName"": ""C- Near Koyambedu Bus Stand"", ""stopCode"": ""SCM"", ""lat"": 13.0698771, ""lon"": 80.2047622}, {""gateName"": ""A-Near Koyambedu Market"", ""stopCode"": ""SCM"", ""lat"": 13.0682084, ""lon"": 80.2035784}]",13.06824182,80.20411868,PURATCHI THALAIVI DR.J.JAYALALITHAA CMBT METRO,
chennai_metro,SCR,,"[{""gateName"": ""A2-Near Post office Nandanam"", ""stopCode"": ""SCR"", ""lat"": 13.0318744, ""lon"": 80.2411259}, {""gateName"": ""B1-Near Defence Officers Quarters"", ""stopCode"": ""SCR"", ""lat"": 13.0308356, ""lon"": 80.2396807}, {""gateName"": ""A1-Near Chennai Metros"", ""stopCode"": ""SCR"", ""lat"": 13.0320289, ""lon"": 80.2421045}]",13.03112925,80.24035987,NANDANAM,
chennai_metro,SEG,,"[{""gateName"": ""B2-Near Periyar Book House"", ""stopCode"": ""SEG"", ""lat"": 13.0797209, ""lon"": 80.2613928}]",13.07877935,80.26110401,EGMORE METRO,
chennai_metro,SGE,,"[{""gateName"": ""A2-Near Omandurar Multispeciality Hospital "", ""stopCode"": ""SGE"", ""lat"": 13.0701119, ""lon"": 80.2735251}, {""gateName"": ""B2-Near Richie Street"", ""stopCode"": ""SGE"", ""lat"": 13.06937, ""lon"": 80.2721987}, {""gateName"": ""A3-Near Chindadaripet Railway Station "", ""stopCode"": ""SGE"", ""lat"": 13.070008, ""lon"": 80.272892}, {""gateName"": ""B1-Near Kalaivanar Arangam"", ""stopCode"": ""SGE"", ""lat"": 13.0689044, ""lon"": 80.2722294}]",13.07004362,80.2735029,GOVERNMENT ESTATE,
chennai_metro,SGM,,"[{""gateName"": ""A1-Near DMS Office"", ""stopCode"": ""SGM"", ""lat"": 13.0459917, ""lon"": 80.248507}, {""gateName"": ""A3-Near Kamarajar Arangam"", ""stopCode"": ""SGM"", ""lat"": 13.0467314, ""lon"": 80.248317}, {""gateName"": ""B2-Near Century Plaza"", ""stopCode"": ""SGM"", ""lat"": 13.0446797, ""lon"": 80.2479194}, {""gateName"": ""B1-Near AG Office"", ""stopCode"": ""SGM"", ""lat"": 13.0444343, ""lon"": 80.2481167}]",13.04594039,80.24853668,AG-DMS,
chennai_metro,SGU,,"[{""gateName"": ""A-Near Guindy Railway Station"", ""stopCode"": ""SGU"", ""lat"": 13.0090566, ""lon"": 80.2123341}]",13.00936883,80.21343944,GUINDY METRO,
chennai_metro,SHC,,"[{""gateName"": ""A1-Near Madras Law College"", ""stopCode"": ""SHC"", ""lat"": 13.0878626, ""lon"": 80.2853306}, {""gateName"": ""A3-Near Sowcarpet"", ""stopCode"": ""SHC"", ""lat"": 13.0883549, ""lon"": 80.2848219}, {""gateName"": ""A4-Near Beach Station"", ""stopCode"": ""SHC"", ""lat"": 13.0885627, ""lon"": 80.285755}, {""gateName"": ""B1-Near Fort Railway Station"", ""stopCode"": ""SHC"", ""lat"": 13.0870741, ""lon"": 80.2851312}, {""gateName"": ""B3- Near Raja Annamalai Mandram"", ""stopCode"": ""SHC"", ""lat"": 13.0864115, ""lon"": 80.2848047}]",13.08786263,80.28533057,HIGH COURT,
chennai_metro,SKM,,"[{""gateName"": ""B1-Near ECO Park"", ""stopCode"": ""SKM"", ""lat"": 13.0775251, ""lon"": 80.2422504}, {""gateName"": ""B3-Near Indian Overseas Bank"", ""stopCode"": ""SKM"", ""lat"": 13.0777155, ""lon"": 80.2422361}, {""gateName"": ""A3-Bus Stop Towards Koyambedu"", ""stopCode"": ""SKM"", ""lat"": 13.077668, ""lon"": 80.2432363}, {""gateName"": ""A1-Near Kilpauk Medical College"", ""stopCode"": ""SKM"", ""lat"": 13.0778339, ""lon"": 80.2430103}]",13.07734478,80.24221008,KILPAUK,
chennai_metro,SKO,,"[{""gateName"": ""D-Towards Kurungaleeswarar Temple"", ""stopCode"": ""SKO"", ""lat"": 13.0751976, ""lon"": 80.1951265}, {""gateName"": ""C-Near Koyambedu Market"", ""stopCode"": ""SKO"", ""lat"": 13.0726373, ""lon"": 80.1947203}, {""gateName"": ""B-Near Koyambedu CMDA Building"", ""stopCode"": ""SKO"", ""lat"": 13.0731137, ""lon"": 80.1949613}, {""gateName"": ""A-Towards Maduravoyal / Poonamalle"", ""stopCode"": ""SKO"", ""lat"": 13.073908, ""lon"": 80.1951991}]",13.07533116,80.19506616,KOYAMBEDU,
chennai_metro,SKP,,"[{""gateName"": ""E2-Near Rohit Hospital"", ""stopCode"": ""SKP"", ""lat"": 13.1509405, ""lon"": 80.2995983}, {""gateName"": ""E1-Near Kaladipet market"", ""stopCode"": ""SKP"", ""lat"": 13.1507503, ""lon"": 80.2993216}]",13.15090825,80.29963587,KALADIPET METRO,
chennai_metro,SLI,,"[{""gateName"": ""A3-Near Pass Port Office"", ""stopCode"": ""SLI"", ""lat"": 13.0653143, ""lon"": 80.2667528}, {""gateName"": ""A2-Near Yes Bank"", ""stopCode"": ""SLI"", ""lat"": 13.0650113, ""lon"": 80.2668337}, {""gateName"": ""B2-Near LIC Southern zonal office"", ""stopCode"": ""SLI"", ""lat"": 13.0646088, ""lon"": 80.2663523}, {""gateName"": ""B3-Near Indian Overseas Bank"", ""stopCode"": ""SLI"", ""lat"": 13.0644622, ""lon"": 80.2656779}]",13.06540373,80.26657741,LIC,
chennai_metro,SLM,,"[{""gateName"": ""A-Near Ramada Plaza"", ""stopCode"": ""SLM"", ""lat"": 13.0146107, ""lon"": 80.2241499}, {""gateName"": ""B1-Near Panagal Maligai"", ""stopCode"": ""SLM"", ""lat"": 13.0148424, ""lon"": 80.2241542}]",13.01454669,80.22424799,LITTLE MOUNT,
chennai_metro,SMA,,"[{""gateName"": ""B1-Near Lingi Cheety Street"", ""stopCode"": ""SMA"", ""lat"": 13.0953684, ""lon"": 80.2863493}, {""gateName"": ""A1-Near Mannadi Street"", ""stopCode"": ""SMA"", ""lat"": 13.0962935, ""lon"": 80.2860347}]",13.09589736,80.28599516,MANNADI,
chennai_metro,SME,,"[{""gateName"": ""B1-Near International Air Cargo"", ""stopCode"": ""SME"", ""lat"": 12.9875771, ""lon"": 80.1760626}, {""gateName"": ""A1-Near Suburban Railway Station"", ""stopCode"": ""SME"", ""lat"": 12.987962, ""lon"": 80.1768705}]",12.98760088,80.17603091,MEENAMBAKKAM METRO,
chennai_metro,SMM,,"[{""gateName"": ""A-Towards Alandur,Nanganallur"", ""stopCode"": ""SMM"", ""lat"": 12.9949885, ""lon"": 80.1974918}]",12.99474861,80.19755432,ST.THOMAS MOUNT,
chennai_metro,SNP,,"[{""gateName"": ""A2-Near Metro Bus Stop"", ""stopCode"": ""SNP"", ""lat"": 13.0789121, ""lon"": 80.250876}, {""gateName"": ""A3-Near Chennai District library"", ""stopCode"": ""SNP"", ""lat"": 13.0787262, ""lon"": 80.2509415}, {""gateName"": ""B3-Near Sangam Cinemas"", ""stopCode"": ""SNP"", ""lat"": 13.0788086, ""lon"": 80.2496099}, {""gateName"": ""B2-Near Tamilnadu Police Quarters"", ""stopCode"": ""SNP"", ""lat"": 13.0785508, ""lon"": 80.2492985}]",13.07892912,80.25087459,NEHRU PARK,
chennai_metro,SNW,,"[{""gateName"": ""E1-Near Soundarapandi Subbammal School"", ""stopCode"": ""SNW"", ""lat"": 13.1339496, ""lon"": 80.2926848}, {""gateName"": ""E4-Near Temple Park School"", ""stopCode"": ""SNW"", ""lat"": 13.1340842, ""lon"": 80.2928597}, {""gateName"": ""E3-Near Apollo Hospital"", ""stopCode"": ""SNW"", ""lat"": 13.1344393, ""lon"": 80.2928982}]",13.13402268,80.29274409,NEW WASHERMENPET METRO,
chennai_metro,SOT,,"[{""gateName"": ""A1-Towards Airport And Tambaram"", ""stopCode"": ""SOT"", ""lat"": 12.9994289, ""lon"": 80.1937202}]",12.99968301,80.19405757,NANGANALLUR ROAD,
chennai_metro,SPC,,"[{""gateName"": ""A2-Towards Central"", ""stopCode"": ""SPC"", ""lat"": 13.0758411, ""lon"": 80.2334919}, {""gateName"": ""B2-Near Pachaiyappa's College"", ""stopCode"": ""SPC"", ""lat"": 13.075347, ""lon"": 80.2325818}, {""gateName"": ""B3-Near St.George School"", ""stopCode"": ""SPC"", ""lat"": 13.0753636, ""lon"": 80.2318887}]",13.0759689,80.23344467,PACHAIYAPPA,
chennai_metro,SSA,,"[{""gateName"": ""A3-Near Saidapet Bus Stand"", ""stopCode"": ""SSA"", ""lat"": 13.0239805, ""lon"": 80.2285092}, {""gateName"": ""B3-Near District Registrar's office"", ""stopCode"": ""SSA"", ""lat"": 13.0241977, ""lon"": 80.2281897}, {""gateName"": ""A1-Near Veterinary Poly clinic"", ""stopCode"": ""SSA"", ""lat"": 13.0241405, ""lon"": 80.2293486}]",13.02402718,80.2286365,SAIDAPET METRO,
chennai_metro,SSI,,"[{""gateName"": ""A-Towards Airport, Gunidy"", ""stopCode"": ""SSI"", ""lat"": 13.0173997, ""lon"": 80.2057418}, {""gateName"": ""B1-Near Olympia Tech Park"", ""stopCode"": ""SSI"", ""lat"": 13.0171849, ""lon"": 80.2054585}]",13.01710693,80.20568784,EKKATTUTHANGAL,
chennai_metro,SSN,,"[{""gateName"": ""B2-Near Post Office"", ""stopCode"": ""SSN"", ""lat"": 13.0798155, ""lon"": 80.2245022}, {""gateName"": ""B3-Near Thiru Vi.Ka.Park"", ""stopCode"": ""SSN"", ""lat"": 13.0797058, ""lon"": 80.225962}, {""gateName"": ""A2-Near Corporation Regional Office"", ""stopCode"": ""SSN"", ""lat"": 13.0775308, ""lon"": 80.225406}, {""gateName"": ""A3-Near Government School"", ""stopCode"": ""SSN"", ""lat"": 13.0775756, ""lon"": 80.2247897}]",13.07971448,80.22463254,SHENOY NAGAR,
chennai_metro,STC,,"[{""gateName"": ""E4-Near Bombay Hotel"", ""stopCode"": ""STC"", ""lat"": 13.1156295, ""lon"": 80.2844735}, {""gateName"": ""E2-Near Sir Thiyagaraya College"", ""stopCode"": ""STC"", ""lat"": 13.1171852, ""lon"": 80.284312}, {""gateName"": ""E3-Near Maharani Theatre"", ""stopCode"": ""STC"", ""lat"": 13.1170446, ""lon"": 80.2849629}]",13.11561642,80.28446928,THIYAGARAYA COLLEGE METRO,
chennai_metro,STE,,"[{""gateName"": ""A3-Towards T.Nagar"", ""stopCode"": ""STE"", ""lat"": 13.0378398, ""lon"": 80.2464974}, {""gateName"": ""A2-Near Defence Estate Office"", ""stopCode"": ""STE"", ""lat"": 13.0375552, ""lon"": 80.2467131}, {""gateName"": ""B1-Near SIET college"", ""stopCode"": ""STE"", ""lat"": 13.0365411, ""lon"": 80.2464942}, {""gateName"": ""B2-Near Rangoon Street"", ""stopCode"": ""STE"", ""lat"": 13.0370173, ""lon"": 80.2463146}]",13.03782035,80.24640937,TEYNAMPET,
chennai_metro,STG,,"[{""gateName"": ""E1-Near Thangam Mahal"", ""stopCode"": ""STG"", ""lat"": 13.1426625, ""lon"": 80.2960025}, {""gateName"": ""E2-Near Thangal Bus Stop"", ""stopCode"": ""STG"", ""lat"": 13.1437822, ""lon"": 80.2964716}, {""gateName"": ""E3-Near N4 BeachKasimedu Fishmarket"", ""stopCode"": ""STG"", ""lat"": 13.1437293, ""lon"": 80.296612}]",13.14266249,80.29600255,TOLLGATE METRO,
chennai_metro,STI,,"[{""gateName"": ""B2-Near Kotak Mahindra Bank"", ""stopCode"": ""STI"", ""lat"": 13.085426, ""lon"": 80.2009641}, {""gateName"": ""B1-Near VR Mall"", ""stopCode"": ""STI"", ""lat"": 13.0851786, ""lon"": 80.2011116}, {""gateName"": ""A2-Near Kora Food Street"", ""stopCode"": ""STI"", ""lat"": 13.0853509, ""lon"": 80.2023592}, {""gateName"": ""A3-Near GST Office"", ""stopCode"": ""STI"", ""lat"": 13.0851397, ""lon"": 80.2023094}]",13.08499774,80.20220918,THIRUMANGALAM,
chennai_metro,STL,,"[{""gateName"": ""A4-Near Spencer Plaza"", ""stopCode"": ""STL"", ""lat"": 13.059354, ""lon"": 80.2595049}, {""gateName"": ""A1-Near Express Avenue Mall"", ""stopCode"": ""STL"", ""lat"": 13.0588606, ""lon"": 80.2592771}, {""gateName"": ""B1-Near Sathyam Cinemas"", ""stopCode"": ""STL"", ""lat"": 13.0580303, ""lon"": 80.2582136}, {""gateName"": ""B2-Towards Greams Road"", ""stopCode"": ""STL"", ""lat"": 13.0581949, ""lon"": 80.2581123}]",13.05936791,80.25947454,THOUSAND LIGHTS,
chennai_metro,STR,,"[{""gateName"": ""E1-Near Akasthya Apartments"", ""stopCode"": ""STR"", ""lat"": 13.12394, ""lon"": 80.2882885}, {""gateName"": ""E4-Near H3 Police Stationparking"", ""stopCode"": ""STR"", ""lat"": 13.1234554, ""lon"": 80.288004}, {""gateName"": ""E3-Near M.M. Theatre"", ""stopCode"": ""STR"", ""lat"": 13.1249108, ""lon"": 80.289039}, {""gateName"": ""E2-Near Apollo Hospitals Tondiarpet"", ""stopCode"": ""STR"", ""lat"": 13.1246137, ""lon"": 80.2887749}]",13.12398868,80.28817191,TONDIARPET METRO,
chennai_metro,STT,,"[{""gateName"": ""E1-Near Tiruvottiyur Railway Station"", ""stopCode"": ""STT"", ""lat"": 13.1598061, ""lon"": 80.3022376}, {""gateName"": ""E2-Near N8 Beach"", ""stopCode"": ""STT"", ""lat"": 13.1600309, ""lon"": 80.3024342}]",13.15976007,80.30221762,THIRUVOTRIYUR THERADI METRO,
chennai_metro,STV,,"[{""gateName"": ""E3-Near TNEB Office"", ""stopCode"": ""STV"", ""lat"": 13.1725035, ""lon"": 80.3055567}, {""gateName"": ""E2-Near Thiruvotriyur Bus Depot"", ""stopCode"": ""STV"", ""lat"": 13.1723296, ""lon"": 80.305297}]",13.17254477,80.30558561,THIRUVOTRIYUR METRO,
chennai_metro,SVA,,"[{""gateName"": ""B-Near NEXUS Mall"", ""stopCode"": ""SVA"", ""lat"": 13.0508097, ""lon"": 80.2116621}, {""gateName"": ""A-Near SIMS Hospital"", ""stopCode"": ""SVA"", ""lat"": 13.0510598, ""lon"": 80.21196}, {""gateName"": ""D-Near Vadapalani Murugan Temple"", ""stopCode"": ""SVA"", ""lat"": 13.0508413, ""lon"": 80.212205}]",13.0510565,80.21168145,VADAPALANI,
chennai_metro,SWA,,"[{""gateName"": ""B2-Near Stanley Govt Hospital"", ""stopCode"": ""SWA"", ""lat"": 13.1063655, ""lon"": 80.2801755}, {""gateName"": ""A1-Near Suburban Railway Station"", ""stopCode"": ""SWA"", ""lat"": 13.1082809, ""lon"": 80.280927}, {""gateName"": ""A2A-Near Dakshinamoorthy Kovil"", ""stopCode"": ""SWA"", ""lat"": 13.1082451, ""lon"": 80.2812201}]",13.10657326,80.28076413,WASHERMENPET METRO,
chennai_metro,SWD,,"[{""gateName"": ""E1-Near ITC Company"", ""stopCode"": ""SWD"", ""lat"": 13.1844788, ""lon"": 80.3089535}]",13.18430393,80.30910134,WIMCO NAGAR DEPOT STATION,
chennai_metro,SWN,,"[{""gateName"": ""E1-Near Wimconagar Railway Station"", ""stopCode"": ""SWN"", ""lat"": 13.1785946, ""lon"": 80.3070637}, {""gateName"": ""E3-Near Wimconagar Bus Stop"", ""stopCode"": ""SWN"", ""lat"": 13.178432, ""lon"": 80.3072099}]",13.17892519,80.30714058,WIMCO NAGAR METRO,
chennai_metro,SAE|0213,"{""type"":""MultiPolygon"",""coordinates"":[[[[80.21752334,13.084526783],[80.217585235,13.084817062],[80.2177575,13.084894076],[80.217776799,13.085324699],[80.218320437,13.085299807],[80.218300413,13.084902755],[80.218883574,13.084855018],[80.218918146,13.084899087],[80.219429055,13.084886988],[80.219445143,13.084831567],[80.219909314,13.084802279],[80.220592244,13.084754786],[80.220543472,13.084407209],[80.220288622,13.084411252],[80.220279197,13.084480872],[80.219903118,13.084499884],[80.21989542,13.084378153],[80.219616139,13.084383325],[80.219608059,13.084472464],[80.219195588,13.084506263],[80.219174619,13.084257714],[80.219071143,13.08427766],[80.219075977,13.084383954],[80.21899423,13.084402878],[80.218981637,13.084484378],[80.218292066,13.084498706],[80.218182488,13.084409083],[80.217789427,13.084410255],[80.21752334,13.084526783]]]]}","[{""stopCode"": ""SAE_G_1"", ""gateName"": ""A3-Near Amma Arangam"", ""lat"": 13.084513, ""lon"": 80.2196321 },{""stopCode"": ""SAE_G_2"", ""gateName"": ""A2-Near Valliammal College"", ""lat"": 13.0846623, ""lon"": 80.2196832 },{""stopCode"": ""SAE_G_3"", ""gateName"": ""B2-Near Anna Nagar Roundana"", ""lat"": 13.0845365, ""lon"": 80.2191261 },{""stopCode"": ""SAE_G_4"", ""gateName"": ""B3-Near Kandhaswamy College"", ""lat"": 13.0846921, ""lon"": 80.218741 }]",13.08472565,80.22005328,"ANNA NAGAR EAST,ANNA NAGAR EAST",0
chennai_metro,SAL|0231,"{""type"":""MultiPolygon"",""coordinates"":[[[[80.201022828,13.003515025],[80.200740398,13.003647682],[80.20090265,13.004253986],[80.200908129,13.004327983],[80.200902791,13.004367859],[80.200846806,13.004401199],[80.200967374,13.004784293],[80.201023572,13.004922948],[80.201099621,13.00489275],[80.201258861,13.004807092],[80.201290548,13.004795718],[80.201473773,13.005157741],[80.201679087,13.005382552],[80.202075287,13.005186419],[80.201967048,13.004989986],[80.202044165,13.004869837],[80.202067251,13.004820296],[80.202098574,13.004705155],[80.202427937,13.004283085],[80.202411264,13.003727016],[80.20235148,13.003360371],[80.201471621,13.00336675],[80.201233169,13.003437509],[80.201022828,13.003515025]]]]}","[{""stopCode"": ""SAL_G_1"", ""gateName"": ""B-Towards Airport"", ""lat"": 13.0038958, ""lon"": 80.20118 },{""stopCode"": ""SAL_G_2"", ""gateName"": ""A- Near Urban Square"", ""lat"": 13.0048551, ""lon"": 80.2015646 }]",13.00372197,80.20154361,"ARIGNAR ANNA ALANDUR,ARIGNAR ANNA ALANDUR",0
chennai_metro,SAN|0227,"{""type"":""MultiPolygon"",""coordinates"":[[[[80.210372238,13.034873292],[80.210140818,13.035259914],[80.210495787,13.035402125],[80.210456634,13.035522175],[80.210530824,13.035713978],[80.210656353,13.035750165],[80.210819248,13.035697431],[80.210876116,13.035622301],[80.211087574,13.035742279],[80.211093375,13.035706818],[80.211453156,13.035934328],[80.211478865,13.035868427],[80.211614632,13.035951828],[80.211727837,13.035733935],[80.211682186,13.03569646],[80.211706796,13.035633728],[80.211653162,13.035603419],[80.211665537,13.035559942],[80.211250839,13.035362969],[80.21113007,13.035242904],[80.211071655,13.035041924],[80.210818258,13.035076061],[80.210604416,13.03487074],[80.210372238,13.034873292]]]]}","[{""stopCode"": ""SAN_G_1"", ""gateName"": ""C-Near ESI Hospital"", ""lat"": 13.0351886, ""lon"": 80.2104551 },{""stopCode"": ""SAN_G_2"", ""gateName"": ""D-Near BHEL Staff Quarters"", ""lat"": 13.0351167, ""lon"": 80.2108348 }]",13.03534195,80.21063651,"ASHOK NAGAR,ASHOK NAGAR",0
chennai_metro,SAP|0133,"{""type"":""MultiPolygon"",""coordinates"":[[[[80.162566896,12.979932701],[80.162360688,12.980355209],[80.163482126,12.98077197],[80.163617959,12.980849697],[80.163905751,12.980999978],[80.163737873,12.981398773],[80.163848658,12.981477489],[80.163765872,12.981777477],[80.163872682,12.981824776],[80.164024626,12.981612498],[80.164137019,12.981558379],[80.164283305,12.981153308],[80.164328038,12.981175232],[80.164435774,12.981189439],[80.164528563,12.98120467],[80.164629608,12.981230892],[80.164767093,12.981257457],[80.165017004,12.981181259],[80.165417421,12.981206782],[80.165552433,12.980923336],[80.16513777,12.980718417],[80.164639868,12.980515909],[80.164141319,12.980360718],[80.163352582,12.980160218],[80.162566896,12.979932701]]]]}","[{""stopCode"": ""SAP_G_1"", ""gateName"": ""A-Towards Tambaram/Koyambedu"", ""lat"": 12.9804578, ""lon"": 80.1643062 }]",12.98159298,80.1639009,"AIRPORT,AIRPORT",0
chennai_metro,SAR|0223,"{""type"":""MultiPolygon"",""coordinates"":[[[[80.211545461,13.062350626],[80.211524463,13.062816039],[80.211819766,13.062811235],[80.211832483,13.062497161],[80.21192363,13.062464237],[80.211914666,13.062338741],[80.211876361,13.062307973],[80.211861517,13.062089815],[80.211915754,13.062071907],[80.211948079,13.061953306],[80.211986543,13.06192582],[80.212281607,13.061869308],[80.212327108,13.061616024],[80.211844257,13.061443062],[80.211841449,13.061191951],[80.211527283,13.061189841],[80.211509827,13.061416429],[80.211413172,13.061410687],[80.211274092,13.061393845],[80.21126802,13.061529099],[80.211066978,13.061527487],[80.211027341,13.061704014],[80.211303119,13.061884866],[80.211496413,13.061926993],[80.211531851,13.06217536],[80.211480735,13.062184245],[80.211476839,13.062341426],[80.211545461,13.062350626]]]]}","[{""stopCode"": ""SAR_G_1"", ""gateName"": ""C-Near MMDA Colony"", ""lat"": 13.0618382, ""lon"": 80.2117838 },{""stopCode"": ""SAR_G_2"", ""gateName"": ""B-Near Chennai Park Inn"", ""lat"": 13.0617739, ""lon"": 80.211564 }]",13.06184867,80.21191767,"ARUMBAKKAM,ARUMBAKKAM",0
chennai_metro,SAT|0215,"{""type"":""MultiPolygon"",""coordinates"":[[[[80.208491469,13.085411214],[80.208564287,13.085399651],[80.208571284,13.085160092],[80.208619644,13.085160985],[80.209203984,13.085142306],[80.209210453,13.085222029],[80.209473568,13.085207845],[80.209474268,13.085213262],[80.209625573,13.085207201],[80.209689802,13.085199355],[80.209716431,13.085135503],[80.20983204,13.085128079],[80.209831714,13.084817167],[80.20982376,13.084686227],[80.209422728,13.084708512],[80.209419435,13.084840762],[80.208524639,13.084863565],[80.208521698,13.084843722],[80.208516695,13.084769569],[80.208493981,13.08477007],[80.208491154,13.084729601],[80.20824769,13.084730016],[80.208252656,13.084835733],[80.208261612,13.084903719],[80.208414063,13.085144407],[80.208491469,13.085411214]]]]}","[{""stopCode"": ""SAT_G_1"", ""gateName"": ""B3-Near Kora Food Street"", ""lat"": 13.0851153, ""lon"": 80.2084914 },{""stopCode"": ""SAT_G_2"", ""gateName"": ""B1&B2-Near 2nd Avenue Road"", ""lat"": 13.0848867, ""lon"": 80.2084222 },{""stopCode"": ""SAT_G_3"", ""gateName"": ""A3-Near Shanthi Colony"", ""lat"": 13.0848399, ""lon"": 80.209699 },{""stopCode"": ""SAT_G_4"", ""gateName"": ""A2-Near Anna Tower Park"", ""lat"": 13.0851002, ""lon"": 80.2096133 }]",13.08517703,80.20848648,"ANNA NAGAR TOWER,ANNA NAGAR TOWER",0
chennai_metro,SCC|0201,"{""type"":""MultiPolygon"",""coordinates"":[[[[80.271099799,13.081846353],[80.271214574,13.081179944],[80.273331164,13.081642585],[80.273280471,13.081888615],[80.273234288,13.082090033],[80.274746794,13.082562646],[80.274897407,13.082238413],[80.275042847,13.082181612],[80.275091889,13.081520038],[80.274829368,13.081491432],[80.274835317,13.081120136],[80.27455376,13.081072557],[80.274549578,13.081358479],[80.27347816,13.081274332],[80.273515761,13.080952425],[80.27331288,13.080921156],[80.273284374,13.081330556],[80.271151439,13.080861632],[80.271001022,13.08083128],[80.270897396,13.08182239],[80.271099799,13.081846353]]]]}","[{""stopCode"": ""SCC_G_1"", ""gateName"": ""B2-Near Central Railway Station"", ""lat"": 13.0816968, ""lon"": 80.273681 },{""stopCode"": ""SCC_G_2"", ""gateName"": ""A2- Near Rajiv Gandhi Hospital"", ""lat"": 13.0815127, ""lon"": 80.2747051 },{""stopCode"": ""SCC_G_3"", ""gateName"": ""B1- Towards Egmore road"", ""lat"": 13.0813602, ""lon"": 80.2733365 },{""stopCode"": ""SCC_G_4"", ""gateName"": ""B5- Near Ripon Building"", ""lat"": 13.0817205, ""lon"": 80.270964 }]",13.0817804,80.27354903,"PURATCHI THALAIVAR DR.M.G.RAMACHANDRAN CENTRAL METRO,PURATCHI THALAIVAR DR.M.G.RAMACHANDRAN CENTRAL METRO",0
chennai_metro,SCM|0221,"{""type"":""MultiPolygon"",""coordinates"":[[[[80.204875402,13.069908745],[80.204951054,13.069853318],[80.204855883,13.069539318],[80.20479571,13.06897182],[80.204848808,13.068665648],[80.204875506,13.068356534],[80.204491766,13.068395569],[80.204486601,13.068348144],[80.204293308,13.068346637],[80.204151152,13.067913273],[80.203845766,13.068070397],[80.203407109,13.068146554],[80.20343201,13.068247007],[80.203438298,13.068449277],[80.203449885,13.068511352],[80.203441197,13.068551813],[80.203174633,13.068595223],[80.203180554,13.068711495],[80.203175953,13.068804588],[80.203304917,13.068796384],[80.203474371,13.068791003],[80.20368547,13.068773292],[80.203827385,13.068771958],[80.203992086,13.068758541],[80.204110623,13.068752156],[80.204523181,13.068729345],[80.204643437,13.069817104],[80.204242913,13.070158789],[80.204292899,13.070310914],[80.204875402,13.069908745]]]]}","[{""stopCode"": ""SCM_G_1"", ""gateName"": ""D-Near KSRTC Boarding Point "", ""lat"": 13.0680697, ""lon"": 80.2040548 },{""stopCode"": ""SCM_G_2"", ""gateName"": ""C- Near Koyambedu Bus Stand"", ""lat"": 13.0698771, ""lon"": 80.2047622 },{""stopCode"": ""SCM_G_3"", ""gateName"": ""A-Near Koyambedu Market"", ""lat"": 13.0682084, ""lon"": 80.2035784 }]",13.06824182,80.20411868,"PURATCHI THALAIVI DR.J.JAYALALITHAA CMBT METRO,PURATCHI THALAIVI DR.J.JAYALALITHAA CMBT METRO",0
chennai_metro,SCR|0119,"{""type"":""MultiPolygon"",""coordinates"":[[[[80.239674961,13.030751836],[80.239654933,13.03075748],[80.239644791,13.030770244],[80.23965075,13.030836294],[80.239660216,13.030893738],[80.23967291,13.031002005],[80.239678095,13.031036477],[80.239695565,13.031146873],[80.239704556,13.031328006],[80.239724001,13.031415773],[80.239997522,13.031328065],[80.240238174,13.03142982],[80.240706227,13.031630923],[80.240978771,13.031782865],[80.240976569,13.031825593],[80.241103061,13.031912394],[80.241118515,13.031963075],[80.241531078,13.03216744],[80.241767519,13.032130644],[80.242324696,13.032461701],[80.242544698,13.032290869],[80.24249887,13.032163888],[80.242648892,13.031847775],[80.24201135,13.031542153],[80.241888172,13.031758837],[80.241768603,13.031699372],[80.241561968,13.031745814],[80.240510258,13.031203378],[80.240445966,13.031096407],[80.240324832,13.031036025],[80.240320699,13.030958648],[80.240066893,13.03083264],[80.240002833,13.030673707],[80.239704018,13.030745353],[80.239688838,13.030747798],[80.239674961,13.030751836]]]]}","[{""stopCode"": ""SCR_G_1"", ""gateName"": ""A2-Near Post office Nandanam"", ""lat"": 13.0318744, ""lon"": 80.2411259 },{""stopCode"": ""SCR_G_2"", ""gateName"": ""B1-Near Defence Officers Quarters"", ""lat"": 13.0308356, ""lon"": 80.2396807 },{""stopCode"": ""SCR_G_3"", ""gateName"": ""A1-Near Chennai Metros"", ""lat"": 13.0320289, ""lon"": 80.2421045 }]",13.03112925,80.24035987,"NANDANAM,NANDANAM",0
chennai_metro,SEG|0203,"{""type"":""MultiPolygon"",""coordinates"":[[[[80.260043261,13.078957699],[80.261413865,13.079295648],[80.26139612,13.079414611],[80.26137565,13.079498227],[80.261347254,13.079653666],[80.261069572,13.079597575],[80.261018218,13.079728233],[80.261473257,13.079894473],[80.261671235,13.079982914],[80.261727958,13.079843584],[80.261522812,13.079713584],[80.261557977,13.079515183],[80.261601911,13.079307978],[80.262945011,13.079925038],[80.263158725,13.079173645],[80.262457193,13.079031765],[80.262208049,13.078898434],[80.261399601,13.078802067],[80.259650066,13.078490049],[80.25960302,13.07886972],[80.260043261,13.078957699]]]]}","[{""stopCode"": ""SEG_G_1"", ""gateName"": ""B2-Near Periyar Book House"", ""lat"": 13.0797209, ""lon"": 80.2613928 }]",13.07877935,80.26110401,"EGMORE METRO,EGMORE METRO",0
chennai_metro,SGE|0109,"{""type"":""MultiPolygon"",""coordinates"":[[[[80.272596601,13.069306118],[80.272766036,13.069153251],[80.272779901,13.069089697],[80.272280085,13.068642049],[80.272162112,13.068690635],[80.272068921,13.068836992],[80.271973561,13.069008665],[80.272151731,13.069277995],[80.272035079,13.069370176],[80.27217786,13.069631797],[80.272340264,13.069544412],[80.272846356,13.06999959],[80.272722686,13.070099095],[80.272821579,13.070205601],[80.272972863,13.070091598],[80.273674707,13.070615368],[80.273660533,13.07066895],[80.273868176,13.070823455],[80.274109159,13.070568164],[80.273883694,13.070377894],[80.273852213,13.070351906],[80.27362204,13.070139758],[80.273640337,13.070061153],[80.273420509,13.069799305],[80.273274059,13.069885462],[80.272596601,13.069306118]]]]}","[{""stopCode"": ""SGE_G_1"", ""gateName"": ""A2-Near Omandurar Multispeciality Hospital "", ""lat"": 13.0701119, ""lon"": 80.2735251 },{""stopCode"": ""SGE_G_2"", ""gateName"": ""B2-Near Richie Street"", ""lat"": 13.06937, ""lon"": 80.2721987 },{""stopCode"": ""SGE_G_3"", ""gateName"": ""A3-Near Chindadaripet Railway Station "", ""lat"": 13.070008, ""lon"": 80.272892 },{""stopCode"": ""SGE_G_4"", ""gateName"": ""B1-Near Kalaivanar Arangam"", ""lat"": 13.0689044, ""lon"": 80.2722294 }]",13.07004362,80.2735029,"GOVERNMENT ESTATE,GOVERNMENT ESTATE",0
chennai_metro,SGM|0115,"{""type"":""MultiPolygon"",""coordinates"":[[[[80.248205303,13.046793528],[80.248318774,13.0467761],[80.248706708,13.046760313],[80.2485488,13.045962644],[80.248647975,13.045955423],[80.248526028,13.045400003],[80.248420758,13.04541626],[80.248340537,13.045434371],[80.248241449,13.045028384],[80.248177045,13.044618236],[80.248299478,13.044586164],[80.248248584,13.044312198],[80.248105127,13.044350722],[80.247844071,13.04440554],[80.247838074,13.044512896],[80.247811324,13.044534338],[80.247896319,13.044926427],[80.247931151,13.04491456],[80.248069526,13.045580518],[80.248143126,13.045956139],[80.248210631,13.046262206],[80.248258267,13.046511426],[80.248156805,13.046563532],[80.248205303,13.046793528]]]]}","[{""stopCode"": ""SGM_G_1"", ""gateName"": ""A1-Near DMS Office"", ""lat"": 13.0459917, ""lon"": 80.248507 },{""stopCode"": ""SGM_G_2"", ""gateName"": ""A3-Near Kamarajar Arangam"", ""lat"": 13.0467314, ""lon"": 80.248317 },{""stopCode"": ""SGM_G_3"", ""gateName"": ""B2-Near Century Plaza"", ""lat"": 13.0446797, ""lon"": 80.2479194 },{""stopCode"": ""SGM_G_4"", ""gateName"": ""B1-Near AG Office"", ""lat"": 13.0444343, ""lon"": 80.2481167 }]",13.04594039,80.24853668,"AG-DMS,AG-DMS",0
chennai_metro,SGU|0125,"{""type"":""MultiPolygon"",""coordinates"":[[[[80.213291162,13.007994883],[80.212923126,13.0080697],[80.212854561,13.008038408],[80.21263576,13.008113033],[80.211922294,13.00752275],[80.211643156,13.007889601],[80.212271298,13.008363443],[80.212088063,13.008757147],[80.21198133,13.009017841],[80.212071876,13.009044596],[80.212170556,13.00904841],[80.212371971,13.009067336],[80.212479892,13.009270928],[80.212990342,13.00939639],[80.213311016,13.009464522],[80.21346618,13.009527733],[80.213832896,13.009660792],[80.214656051,13.009929898],[80.214909142,13.009732875],[80.214328754,13.009362047],[80.213421023,13.008730927],[80.213336378,13.008579141],[80.21329291,13.008403067],[80.213464066,13.008289037],[80.213406996,13.008175882],[80.213355794,13.008096991],[80.213291162,13.007994883]]]]}","[{""stopCode"": ""SGU_G_1"", ""gateName"": ""A-Near Guindy Railway Station"", ""lat"": 13.0090566, ""lon"": 80.2123341 }]",13.00936883,80.21343944,"GUINDY METRO,GUINDY METRO",0
chennai_metro,SHC|0105,"{""type"":""MultiPolygon"",""coordinates"":[[[[80.284387622,13.088555287],[80.285694326,13.088636102],[80.286056673,13.088660696],[80.286060028,13.088576221],[80.286056571,13.088486663],[80.286045929,13.088404626],[80.286011774,13.088291023],[80.285968546,13.088287175],[80.285437906,13.088263988],[80.285383302,13.088019937],[80.285491103,13.087991087],[80.285114133,13.086299724],[80.285021596,13.086176761],[80.284519615,13.086093417],[80.284565145,13.086222427],[80.284636748,13.086455225],[80.284915398,13.08738472],[80.284288946,13.087475678],[80.284190414,13.08698155],[80.284020375,13.086948332],[80.28400953,13.087273796],[80.283986887,13.087588684],[80.28400394,13.088141133],[80.284200595,13.088142336],[80.284184159,13.087617959],[80.284945053,13.087480706],[80.285134086,13.088195631],[80.284667062,13.088198015],[80.284605464,13.088309986],[80.284243683,13.088299598],[80.284387622,13.088555287]]]]}","[{""stopCode"": ""SHC_G_1"", ""gateName"": ""A1-Near Madras Law College"", ""lat"": 13.0878626, ""lon"": 80.2853306 },{""stopCode"": ""SHC_G_2"", ""gateName"": ""A3-Near Sowcarpet"", ""lat"": 13.0883549, ""lon"": 80.2848219 },{""stopCode"": ""SHC_G_3"", ""gateName"": ""A4-Near Beach Station"", ""lat"": 13.0885627, ""lon"": 80.285755 },{""stopCode"": ""SHC_G_4"", ""gateName"": ""B1-Near Fort Railway Station"", ""lat"": 13.0870741, ""lon"": 80.2851312 },{""stopCode"": ""SHC_G_5"", ""gateName"": ""B3- Near Raja Annamalai Mandram"", ""lat"": 13.0864115, ""lon"": 80.2848047 }]",13.08786263,80.28533057,"HIGH COURT,HIGH COURT",0
chennai_metro,SKM|0207,"{""type"":""MultiPolygon"",""coordinates"":[[[[80.242319849,13.078027989],[80.242344726,13.077889899],[80.242412995,13.07789207],[80.242422907,13.077802537],[80.242898594,13.077871303],[80.242886862,13.077988617],[80.243125066,13.078016261],[80.243150321,13.077882585],[80.243731486,13.077949797],[80.24380705,13.07798239],[80.243797873,13.078052552],[80.243930871,13.078083572],[80.243948121,13.077981964],[80.243882464,13.077965252],[80.243925683,13.07768531],[80.244016903,13.077697858],[80.244052328,13.077512663],[80.243710182,13.077460432],[80.243674486,13.077488588],[80.243594981,13.077487529],[80.243589384,13.077534352],[80.24350382,13.077525495],[80.243079996,13.077471178],[80.243060979,13.077558354],[80.242278227,13.077475754],[80.242299922,13.077247833],[80.242196327,13.077247894],[80.242181223,13.07734875],[80.24210919,13.077657247],[80.242085202,13.077721827],[80.242073664,13.077752866],[80.242092277,13.077840377],[80.242172828,13.077857472],[80.242152716,13.077996032],[80.242319849,13.078027989]]]]}","[{""stopCode"": ""SKM_G_1"", ""gateName"": ""B1-Near ECO Park"", ""lat"": 13.0775251, ""lon"": 80.2422504 },{""stopCode"": ""SKM_G_2"", ""gateName"": ""B3-Near Indian Overseas Bank"", ""lat"": 13.0777155, ""lon"": 80.2422361 },{""stopCode"": ""SKM_G_3"", ""gateName"": ""A3-Bus Stop Towards Koyambedu"", ""lat"": 13.077668, ""lon"": 80.2432363 },{""stopCode"": ""SKM_G_4"", ""gateName"": ""A1-Near Kilpauk Medical College"", ""lat"": 13.0778339, ""lon"": 80.2430103 }]",13.07734478,80.24221008,"KILPAUK,KILPAUK",0
chennai_metro,SKO|0219,"{""type"":""MultiPolygon"",""coordinates"":[[[[80.194959865,13.075291309],[80.194964199,13.075456605],[80.195156757,13.075457256],[80.195169321,13.07509485],[80.19522892,13.074196689],[80.195837324,13.074172299],[80.195826342,13.073525812],[80.195948778,13.072855542],[80.194981206,13.072786681],[80.194970775,13.072496129],[80.194606535,13.072558545],[80.194590109,13.073351982],[80.194677248,13.07337095],[80.194707493,13.074267745],[80.194935743,13.074256009],[80.194972075,13.075197476],[80.194959865,13.075291309]]]]}","[{""stopCode"": ""SKO_G_1"", ""gateName"": ""D-Towards Kurungaleeswarar Temple"", ""lat"": 13.0751976, ""lon"": 80.1951265 },{""stopCode"": ""SKO_G_2"", ""gateName"": ""C-Near Koyambedu Market"", ""lat"": 13.0726373, ""lon"": 80.1947203 },{""stopCode"": ""SKO_G_3"", ""gateName"": ""B-Near Koyambedu CMDA Building"", ""lat"": 13.0731137, ""lon"": 80.1949613 },{""stopCode"": ""SKO_G_4"", ""gateName"": ""A-Towards Maduravoyal / Poonamalle"", ""lat"": 13.073908, ""lon"": 80.1951991 }]",13.07533116,80.19506616,"KOYAMBEDU,KOYAMBEDU",0
chennai_metro,SKP|01F5,"{""type"":""MultiPolygon"",""coordinates"":[[[[80.299472402,13.1512155],[80.299563501,13.151451644],[80.299658305,13.151570862],[80.299854382,13.151514424],[80.2997983,13.151332621],[80.299730079,13.151161841],[80.299746039,13.151155136],[80.299668289,13.150940298],[80.299839517,13.150880017],[80.299688334,13.150493876],[80.299559593,13.150473943],[80.299519811,13.150489792],[80.299496228,13.150421034],[80.299464716,13.150414954],[80.299438272,13.150417125],[80.299412067,13.150378172],[80.299325698,13.150163246],[80.299238974,13.149985274],[80.29907231,13.15002767],[80.299117085,13.150166784],[80.299057121,13.150204602],[80.299153002,13.150440016],[80.299136128,13.150453353],[80.299247827,13.150734427],[80.299271183,13.15072819],[80.299351345,13.150932351],[80.299334598,13.150939316],[80.29945111,13.15122498],[80.299472402,13.1512155]]]]}","[{""stopCode"": ""SKP_G_1"", ""gateName"": ""E2-Near Rohit Hospital"", ""lat"": 13.1509405, ""lon"": 80.2995983 },{""stopCode"": ""SKP_G_2"", ""gateName"": ""E1-Near Kaladipet market"", ""lat"": 13.1507503, ""lon"": 80.2993216 }]",13.15090825,80.29963587,"KALADIPET METRO,KALADIPET METRO",0
chennai_metro,SLI|0111,"{""type"":""MultiPolygon"",""coordinates"":[[[[80.26521464,13.064221995],[80.265682609,13.06457517],[80.265748339,13.064524563],[80.266653698,13.06528009],[80.266293264,13.06541434],[80.266310314,13.065542264],[80.266699247,13.065479707],[80.267142131,13.065178588],[80.266915248,13.06499034],[80.266992101,13.064898224],[80.266868347,13.064799883],[80.266724515,13.064833016],[80.266480742,13.064637362],[80.266601676,13.06450843],[80.266524613,13.064440042],[80.266290665,13.064537773],[80.266181576,13.06447663],[80.265975492,13.064348762],[80.265675439,13.064074782],[80.265438356,13.06390023],[80.26521464,13.064221995]]]]}","[{""stopCode"": ""SLI_G_1"", ""gateName"": ""A3-Near Pass Port Office"", ""lat"": 13.0653143, ""lon"": 80.2667528 },{""stopCode"": ""SLI_G_2"", ""gateName"": ""A2-Near Yes Bank"", ""lat"": 13.0650113, ""lon"": 80.2668337 },{""stopCode"": ""SLI_G_3"", ""gateName"": ""B2-Near LIC Southern zonal office"", ""lat"": 13.0646088, ""lon"": 80.2663523 },{""stopCode"": ""SLI_G_4"", ""gateName"": ""B3-Near Indian Overseas Bank"", ""lat"": 13.0644622, ""lon"": 80.2656779 }]",13.06540373,80.26657741,"LIC,LIC",0
chennai_metro,SLM|0123,"{""type"":""MultiPolygon"",""coordinates"":[[[[80.224099729,13.015089791],[80.224251315,13.014951138],[80.22447525,13.015115396],[80.224638948,13.014902855],[80.22430128,13.014634047],[80.224421816,13.01448279],[80.224145158,13.014263457],[80.224036626,13.014410459],[80.22369289,13.014120535],[80.223430849,13.013937699],[80.223250116,13.014120186],[80.223380443,13.014257637],[80.22334325,13.01433737],[80.223530589,13.01451737],[80.223618041,13.014424164],[80.223951455,13.014711532],[80.223814289,13.014859052],[80.224099729,13.015089791]]]]}","[{""stopCode"": ""SLM_G_1"", ""gateName"": ""A-Near Ramada Plaza"", ""lat"": 13.0146107, ""lon"": 80.2241499 },{""stopCode"": ""SLM_G_2"", ""gateName"": ""B1-Near Panagal Maligai"", ""lat"": 13.0148424, ""lon"": 80.2241542 }]",13.01454669,80.22424799,"LITTLE MOUNT,LITTLE MOUNT",0
chennai_metro,SMA|0103,"{""type"":""MultiPolygon"",""coordinates"":[[[[80.285781859,13.09544495],[80.285905608,13.096371293],[80.286507216,13.09629199],[80.286372993,13.094923664],[80.286308897,13.094354732],[80.285684539,13.094465112],[80.285781859,13.09544495]]]]}","[{""stopCode"": ""SMA_G_1"", ""gateName"": ""B1-Near Lingi Cheety Street"", ""lat"": 13.0953684, ""lon"": 80.2863493 },{""stopCode"": ""SMA_G_2"", ""gateName"": ""A1-Near Mannadi Street"", ""lat"": 13.0962935, ""lon"": 80.2860347 }]",13.09589736,80.28599516,"MANNADI,MANNADI",0
chennai_metro,SME|0131,"{""type"":""MultiPolygon"",""coordinates"":[[[[80.176023849,12.987692326],[80.176181106,12.987802324],[80.176161187,12.987833923],[80.176203317,12.987859035],[80.176250519,12.987885897],[80.176309942,12.987929836],[80.17633266,12.987903314],[80.176512518,12.988024667],[80.176540828,12.987997369],[80.176679956,12.988109842],[80.176781228,12.988165723],[80.176911907,12.988261796],[80.17694259,12.988230503],[80.177172105,12.988395566],[80.177313952,12.988193034],[80.177072911,12.988025186],[80.177132104,12.987863716],[80.176908145,12.987731261],[80.176867001,12.987776526],[80.176797235,12.987726374],[80.176869152,12.98763927],[80.176572851,12.987437586],[80.17656623,12.987434157],[80.176528585,12.987484816],[80.176478153,12.987459491],[80.176429153,12.987535188],[80.176407365,12.987518014],[80.176332345,12.987471506],[80.176265726,12.987428344],[80.176242372,12.987413358],[80.176125642,12.987336526],[80.175962577,12.987226209],[80.175873623,12.987331907],[80.175800966,12.98742388],[80.175899863,12.987492904],[80.175939842,12.987522012],[80.175947913,12.987540799],[80.175961526,12.987561318],[80.175967825,12.987600923],[80.17599933,12.987643658],[80.176028385,12.98767188],[80.176023849,12.987692326]]]]}","[{""stopCode"": ""SME_G_1"", ""gateName"": ""B1-Near International Air Cargo"", ""lat"": 12.9875771, ""lon"": 80.1760626 },{""stopCode"": ""SME_G_2"", ""gateName"": ""A1-Near Suburban Railway Station"", ""lat"": 12.987962, ""lon"": 80.1768705 }]",12.98760088,80.17603091,"MEENAMBAKKAM METRO,MEENAMBAKKAM METRO",0
chennai_metro,SMM|0233,"{""type"":""MultiPolygon"",""coordinates"":[[[[80.196322771,12.994430231],[80.196304323,12.994552033],[80.196273702,12.99479342],[80.19669961,12.994887458],[80.197176057,12.995002368],[80.197269269,12.995035557],[80.197341703,12.995065141],[80.197462432,12.995109756],[80.198378466,12.995385323],[80.19910704,12.995663361],[80.199853769,12.995956674],[80.200035005,12.99551996],[80.199538243,12.995329942],[80.199570501,12.995256954],[80.198589283,12.994907538],[80.198294629,12.994808638],[80.198047459,12.994721245],[80.198024075,12.994695334],[80.19791184,12.994665077],[80.197896025,12.994707123],[80.197559814,12.99457004],[80.197576095,12.994538058],[80.197429638,12.994486121],[80.197411538,12.994521571],[80.196908262,12.994326104],[80.196570254,12.994187504],[80.196407803,12.994341919],[80.196322771,12.994430231]]]]}","[{""stopCode"": ""SMM_G_1"", ""gateName"": ""A-Towards Alandur,Nanganallur"", ""lat"": 12.9949885, ""lon"": 80.1974918 }]",12.99474861,80.19755432,"ST.THOMAS MOUNT,ST.THOMAS MOUNT",0
chennai_metro,SNP|0205,"{""type"":""MultiPolygon"",""coordinates"":[[[[80.249704483,13.079113664],[80.249722189,13.078864464],[80.250212483,13.078936089],[80.250718503,13.078946828],[80.250740521,13.079059728],[80.25090682,13.079070177],[80.250962859,13.079072198],[80.250964647,13.079041282],[80.250969903,13.078956466],[80.251078832,13.078959052],[80.251100747,13.078749091],[80.251125284,13.078515806],[80.250913044,13.078476764],[80.250929752,13.078306558],[80.250851943,13.078276494],[80.250659798,13.07823605],[80.250640975,13.078479584],[80.250684509,13.078516181],[80.250665404,13.078694281],[80.250222391,13.078655529],[80.249882268,13.078610027],[80.249785719,13.078458657],[80.249502677,13.078395867],[80.249219394,13.078355553],[80.249146894,13.078552995],[80.249108324,13.078736549],[80.249344513,13.078779821],[80.249525483,13.078827843],[80.24954978,13.079093571],[80.249704483,13.079113664]]]]}","[{""stopCode"": ""SNP_G_1"", ""gateName"": ""A2-Near Metro Bus Stop"", ""lat"": 13.0789121, ""lon"": 80.250876 },{""stopCode"": ""SNP_G_2"", ""gateName"": ""A3-Near Chennai District library"", ""lat"": 13.0787262, ""lon"": 80.2509415 },{""stopCode"": ""SNP_G_3"", ""gateName"": ""B3-Near Sangam Cinemas"", ""lat"": 13.0788086, ""lon"": 80.2496099 },{""stopCode"": ""SNP_G_4"", ""gateName"": ""B2-Near Tamilnadu Police Quarters"", ""lat"": 13.0785508, ""lon"": 80.2492985 }]",13.07892912,80.25087459,"NEHRU PARK,NEHRU PARK",0
chennai_metro,SNW|01F9,"{""type"":""MultiPolygon"",""coordinates"":[[[[80.292881214,13.134650651],[80.293001143,13.134994426],[80.29326752,13.134929555],[80.293141757,13.134579108],[80.293224119,13.134548449],[80.293207609,13.134443153],[80.293211461,13.134413085],[80.293204032,13.134390056],[80.29319242,13.134352629],[80.29323972,13.134335115],[80.293215619,13.134248966],[80.293115949,13.13423609],[80.292998731,13.13427816],[80.292944645,13.134124829],[80.293105741,13.134078741],[80.293100315,13.134002016],[80.293090456,13.133941793],[80.293059863,13.133924618],[80.293004804,13.133906781],[80.292940591,13.133930421],[80.292903678,13.133835517],[80.292851523,13.133829759],[80.29282854,13.133782029],[80.292738999,13.133507084],[80.292593763,13.133544899],[80.292470992,13.133591439],[80.292581941,13.133889471],[80.29265129,13.134090212],[80.292680068,13.134080099],[80.292814142,13.134389184],[80.292792399,13.13439168],[80.292817011,13.134466098],[80.292692622,13.134509272],[80.29277146,13.134685499],[80.292881214,13.134650651]]]]}","[{""stopCode"": ""SNW_G_1"", ""gateName"": ""E1-Near Soundarapandi Subbammal School"", ""lat"": 13.1339496, ""lon"": 80.2926848 },{""stopCode"": ""SNW_G_2"", ""gateName"": ""E4-Near Temple Park School"", ""lat"": 13.1340842, ""lon"": 80.2928597 },{""stopCode"": ""SNW_G_3"", ""gateName"": ""E3-Near Apollo Hospital"", ""lat"": 13.1344393, ""lon"": 80.2928982 }]",13.13402268,80.29274409,"NEW WASHERMENPET METRO,NEW WASHERMENPET METRO",0
chennai_metro,SOT|0129,"{""type"":""MultiPolygon"",""coordinates"":[[[[80.193922807,12.999991653],[80.194034424,13.000076092],[80.194299876,13.000277777],[80.194583188,13.000503306],[80.194739002,13.000302244],[80.194535786,13.000130175],[80.194537306,13.000123027],[80.194418944,12.999998799],[80.194439665,12.999965953],[80.194252112,12.999777942],[80.194156366,12.999704313],[80.194204283,12.999645081],[80.19420803,12.99953644],[80.193966933,12.999346424],[80.193895781,12.999436906],[80.193691312,12.999256962],[80.193550809,12.999342234],[80.193350575,12.999180615],[80.193216878,12.999435084],[80.193708972,12.9998237],[80.193734511,12.999858285],[80.193922807,12.999991653]]]]}","[{""stopCode"": ""SOT_G_1"", ""gateName"": ""A1-Towards Airport And Tambaram"", ""lat"": 12.9994289, ""lon"": 80.1937202 }]",12.99968301,80.19405757,"NANGANALLUR ROAD,NANGANALLUR ROAD",0
chennai_metro,SPC|0209,"{""type"":""MultiPolygon"",""coordinates"":[[[[80.231663349,13.075280882],[80.231626415,13.075453071],[80.232064874,13.075599953],[80.232070337,13.075512348],[80.232996936,13.075825198],[80.233255312,13.075892817],[80.23323599,13.0759787],[80.233528055,13.076084449],[80.233558454,13.075944069],[80.23365844,13.075944763],[80.233755184,13.075646099],[80.233771728,13.075571921],[80.23343034,13.07551724],[80.233157235,13.075500608],[80.232768625,13.075385607],[80.232804357,13.075305731],[80.232472763,13.0751755],[80.232399586,13.075189675],[80.232392033,13.075113545],[80.232322328,13.074759693],[80.23208704,13.074772326],[80.232130851,13.075185669],[80.231663349,13.075280882]]]]}","[{""stopCode"": ""SPC_G_1"", ""gateName"": ""A2-Towards Central"", ""lat"": 13.0758411, ""lon"": 80.2334919 },{""stopCode"": ""SPC_G_2"", ""gateName"": ""B2-Near Pachaiyappa's College"", ""lat"": 13.075347, ""lon"": 80.2325818 },{""stopCode"": ""SPC_G_3"", ""gateName"": ""B3-Near St.George School"", ""lat"": 13.0753636, ""lon"": 80.2318887 }]",13.0759689,80.23344467,"PACHAIYAPPA,PACHAIYAPPA",0
chennai_metro,SSA|0121,"{""type"":""MultiPolygon"",""coordinates"":[[[[80.227480902,13.022960319],[80.227192742,13.023242623],[80.227564389,13.023671755],[80.227690609,13.023830475],[80.227772698,13.023916533],[80.227845513,13.023988776],[80.227901623,13.024042258],[80.228124062,13.024237476],[80.228450957,13.024468109],[80.22868532,13.02462987],[80.229001776,13.02459788],[80.229089121,13.02450602],[80.229141017,13.024516041],[80.229427609,13.024169909],[80.229112982,13.023913338],[80.228852935,13.023781178],[80.22860309,13.023875105],[80.227986832,13.023371279],[80.228038408,13.023117503],[80.227720938,13.022758705],[80.227480902,13.022960319]]]]}","[{""stopCode"": ""SSA_G_1"", ""gateName"": ""A3-Near Saidapet Bus Stand"", ""lat"": 13.0239805, ""lon"": 80.2285092 },{""stopCode"": ""SSA_G_2"", ""gateName"": ""B3-Near District Registrar's office"", ""lat"": 13.0241977, ""lon"": 80.2281897 },{""stopCode"": ""SSA_G_3"", ""gateName"": ""A1-Near Veterinary Poly clinic"", ""lat"": 13.0241405, ""lon"": 80.2293486 }]",13.02402718,80.2286365,"SAIDAPET METRO,SAIDAPET METRO",0
chennai_metro,SSI|0229,"{""type"":""MultiPolygon"",""coordinates"":[[[[80.204935331,13.015911048],[80.205035052,13.016220374],[80.204978476,13.016274803],[80.205114865,13.016600984],[80.205224366,13.016893731],[80.205232633,13.01708566],[80.205266246,13.017186469],[80.205310858,13.01727794],[80.205436293,13.017281933],[80.205529917,13.017587659],[80.20571182,13.017514955],[80.205740544,13.017503281],[80.205751416,13.017493843],[80.205770686,13.017487935],[80.205871421,13.017455029],[80.205748992,13.017178113],[80.205521366,13.016503352],[80.205398466,13.016186155],[80.20537078,13.016134487],[80.20530942,13.016138728],[80.205264158,13.016004691],[80.205203291,13.015825473],[80.204935331,13.015911048]]]]}","[{""stopCode"": ""SSI_G_1"", ""gateName"": ""A-Towards Airport"", ""lat"": 13.0173997, ""lon"": 80.2057418 },{""stopCode"": ""SSI_G_2"", ""gateName"": ""B1-Near Olympia Tech Park"", ""lat"": 13.0171849, ""lon"": 80.2054585 }]",13.01710693,80.20568784,"EKKATTUTHANGAL,EKKATTUTHANGAL",0
chennai_metro,SSN|0211,"{""type"":""MultiPolygon"",""coordinates"":[[[[80.225198429,13.08068801],[80.225109202,13.080707473],[80.225108281,13.080812216],[80.225564674,13.080816983],[80.225530189,13.080680137],[80.22551742,13.080538265],[80.225409124,13.080516884],[80.225366712,13.079900135],[80.226200538,13.079828268],[80.226144495,13.079674617],[80.225927343,13.079460885],[80.226054935,13.079238592],[80.226120874,13.078964531],[80.226087807,13.078424023],[80.226088577,13.078169151],[80.226056058,13.07800099],[80.225891589,13.077710188],[80.225617906,13.077478535],[80.225371864,13.077381786],[80.225181519,13.077301313],[80.22513835,13.076953669],[80.224916213,13.076960593],[80.224921353,13.077131782],[80.224950078,13.077350554],[80.224549552,13.077545712],[80.224326302,13.077742903],[80.224216723,13.077981546],[80.224180228,13.078527016],[80.224211575,13.078842508],[80.224265822,13.07911644],[80.224335959,13.079306913],[80.224358796,13.07938756],[80.22443226,13.07949532],[80.224453213,13.079635521],[80.224242279,13.079880776],[80.224244808,13.08000472],[80.224842552,13.079932287],[80.225123701,13.079916776],[80.225198429,13.08068801]]]]}","[{""stopCode"": ""SSN_G_1"", ""gateName"": ""B2-Near Post Office"", ""lat"": 13.0798155, ""lon"": 80.2245022 },{""stopCode"": ""SSN_G_2"", ""gateName"": ""B3-Near Thiru Vi.Ka.Park"", ""lat"": 13.0797058, ""lon"": 80.225962 },{""stopCode"": ""SSN_G_3"", ""gateName"": ""A2-Near Corporation Regional Office"", ""lat"": 13.0775308, ""lon"": 80.225406 },{""stopCode"": ""SSN_G_4"", ""gateName"": ""A3-Near Government School"", ""lat"": 13.0775756, ""lon"": 80.2247897 }]",13.07971448,80.22463254,"SHENOY NAGAR,SHENOY NAGAR",0
chennai_metro,STC|01FD,"{""type"":""MultiPolygon"",""coordinates"":[[[[80.284822419,13.116981865],[80.284556934,13.117064378],[80.284405739,13.11712365],[80.284330141,13.117153286],[80.284266623,13.117074015],[80.284212779,13.117099363],[80.284254544,13.117182922],[80.284335585,13.117301106],[80.284362781,13.117336773],[80.284555921,13.117224728],[80.284847905,13.117117702],[80.285399041,13.116979936],[80.285015098,13.115777886],[80.285008396,13.115778507],[80.284894455,13.115530775],[80.284916426,13.115513061],[80.284981623,13.115450548],[80.284922836,13.115391116],[80.284784074,13.115436584],[80.284643303,13.115496666],[80.284362832,13.115617263],[80.284295279,13.115647794],[80.284329416,13.115718157],[80.284421761,13.115684608],[80.28450024,13.115835344],[80.28454429,13.115993906],[80.2849155,13.116851987],[80.284781896,13.116873012],[80.284822419,13.116981865]]]]}","[{""stopCode"": ""STC_G_1"", ""gateName"": ""E4-Near Bombay Hotel"", ""lat"": 13.1156295, ""lon"": 80.2844735 },{""stopCode"": ""STC_G_2"", ""gateName"": ""E2-Near Sir Thiyagaraya College"", ""lat"": 13.1171852, ""lon"": 80.284312 },{""stopCode"": ""STC_G_3"", ""gateName"": ""E3-Near Maharani Theatre"", ""lat"": 13.1170446, ""lon"": 80.2849629 }]",13.11561642,80.28446928,"THIYAGARAYA COLLEGE METRO,THIYAGARAYA COLLEGE METRO",0
chennai_metro,STE|0117,"{""type"":""MultiPolygon"",""coordinates"":[[[[80.246541407,13.036492135],[80.246509025,13.036497442],[80.246483058,13.036347417],[80.246400142,13.03602891],[80.246104684,13.036071326],[80.245825806,13.036123311],[80.245840616,13.036244992],[80.246105939,13.036191955],[80.246150794,13.036370005],[80.246045804,13.036394994],[80.246069092,13.036519843],[80.246172745,13.036498292],[80.246209579,13.036661248],[80.246100233,13.036706524],[80.246199469,13.037069751],[80.246293034,13.03704821],[80.246357607,13.037380452],[80.246277289,13.037393191],[80.246375822,13.037902586],[80.246528738,13.037897763],[80.246793948,13.037867983],[80.246771077,13.037625543],[80.246865398,13.037581639],[80.246857617,13.037502443],[80.246852712,13.037469561],[80.246835837,13.037474281],[80.24683431,13.037434055],[80.24679768,13.037427843],[80.246779505,13.03735905],[80.246691936,13.03737272],[80.246531514,13.036570455],[80.246711913,13.036524747],[80.246696552,13.036499096],[80.246608867,13.036520717],[80.246548877,13.036534964],[80.246541407,13.036492135]]]]}","[{""stopCode"": ""STE_G_1"", ""gateName"": ""A3-Towards T.Nagar"", ""lat"": 13.0378398, ""lon"": 80.2464974 },{""stopCode"": ""STE_G_2"", ""gateName"": ""A2-Near Defence Estate Office"", ""lat"": 13.0375552, ""lon"": 80.2467131 },{""stopCode"": ""STE_G_3"", ""gateName"": ""B1-Near SIET college"", ""lat"": 13.0365411, ""lon"": 80.2464942 },{""stopCode"": ""STE_G_4"", ""gateName"": ""B2-Near Rangoon Street"", ""lat"": 13.0370173, ""lon"": 80.2463146 }]",13.03782035,80.24640937,"TEYNAMPET,TEYNAMPET",0
chennai_metro,STG|01F7,"{""type"":""MultiPolygon"",""coordinates"":[[[[80.296334952,13.143601597],[80.296477573,13.143918263],[80.296804075,13.143830238],[80.29667091,13.143521987],[80.296603298,13.143510093],[80.296468903,13.143190905],[80.296288629,13.142756278],[80.296282817,13.142701079],[80.296150365,13.142395089],[80.295905485,13.14246392],[80.295953525,13.142577581],[80.295919221,13.142598281],[80.296023229,13.142816553],[80.295991022,13.142838533],[80.296104028,13.14311807],[80.296149288,13.143221317],[80.29617504,13.143281153],[80.296193134,13.143319889],[80.296313238,13.143608607],[80.296334952,13.143601597]]]]}","[{""stopCode"": ""STG_G_1"", ""gateName"": ""E1-Near Thangam Mahal"", ""lat"": 13.1426625, ""lon"": 80.2960025 },{""stopCode"": ""STG_G_2"", ""gateName"": ""E2-Near Thangal Bus Stop"", ""lat"": 13.1437822, ""lon"": 80.2964716 },{""stopCode"": ""STG_G_3"", ""gateName"": ""E3-Near N4 BeachKasimedu Fishmarket"", ""lat"": 13.1437293, ""lon"": 80.296612 }]",13.14266249,80.29600255,"TOLLGATE METRO,TOLLGATE METRO",0
chennai_metro,STI|0217,"{""type"":""MultiPolygon"",""coordinates"":[[[[80.200472201,13.085496124],[80.200787755,13.085509668],[80.20080696,13.085576143],[80.201437687,13.085533847],[80.201408367,13.085413648],[80.201976626,13.085392047],[80.201970676,13.085520718],[80.202579412,13.085474656],[80.202587467,13.085351442],[80.202560045,13.085076479],[80.202469693,13.084984592],[80.202115938,13.084993779],[80.202125641,13.085053416],[80.20212468,13.085154595],[80.201233405,13.085189742],[80.201229367,13.085134443],[80.201231877,13.085053496],[80.200959094,13.085040661],[80.200945581,13.085140946],[80.200478574,13.085156481],[80.200467699,13.085459427],[80.200472201,13.085496124]]]]}","[{""stopCode"": ""STI_G_1"", ""gateName"": ""B2-Near Kotak Mahindra Bank"", ""lat"": 13.085426, ""lon"": 80.2009641 },{""stopCode"": ""STI_G_2"", ""gateName"": ""B1-Near VR Mall"", ""lat"": 13.0851786, ""lon"": 80.2011116 },{""stopCode"": ""STI_G_3"", ""gateName"": ""A2-Near Kora Food Street"", ""lat"": 13.0853509, ""lon"": 80.2023592 },{""stopCode"": ""STI_G_4"", ""gateName"": ""A3-Near GST Office"", ""lat"": 13.0851397, ""lon"": 80.2023094 }]",13.08499774,80.20220918,"THIRUMANGALAM,THIRUMANGALAM",0
chennai_metro,STL|0113,"{""type"":""MultiPolygon"",""coordinates"":[[[[80.25803895,13.058178428],[80.257955907,13.058317842],[80.258063735,13.058392114],[80.258165099,13.058286796],[80.258679845,13.058704915],[80.258956847,13.058962771],[80.259245578,13.0592017],[80.259199716,13.059288368],[80.259489142,13.059498161],[80.259786728,13.059199493],[80.259538263,13.058976998],[80.259579522,13.05890378],[80.258939245,13.058468837],[80.258732121,13.058351707],[80.258710697,13.058367547],[80.258250262,13.057998087],[80.258312168,13.05792533],[80.258254288,13.057884393],[80.258108599,13.058053514],[80.25803895,13.058178428]]]]}","[{""stopCode"": ""STL_G_1"", ""gateName"": ""A4-Near Spencer Plaza"", ""lat"": 13.059354, ""lon"": 80.2595049 },{""stopCode"": ""STL_G_2"", ""gateName"": ""A1-Near Express Avenue Mall"", ""lat"": 13.0588606, ""lon"": 80.2592771 },{""stopCode"": ""STL_G_3"", ""gateName"": ""B1-Near Sathyam Cinemas"", ""lat"": 13.0580303, ""lon"": 80.2582136 },{""stopCode"": ""STL_G_4"", ""gateName"": ""B2-Towards Greams Road"", ""lat"": 13.0581949, ""lon"": 80.2581123 }]",13.05936791,80.25947454,"THOUSAND LIGHTS,THOUSAND LIGHTS",0
chennai_metro,STR|01FB,"{""type"":""MultiPolygon"",""coordinates"":[[[[80.288839569,13.124799564],[80.288919804,13.124948944],[80.288972141,13.125051595],[80.289118935,13.125012328],[80.289352067,13.124885581],[80.289201657,13.124585359],[80.289020228,13.124663887],[80.288926487,13.124514838],[80.288969557,13.124470329],[80.288959846,13.124428149],[80.288911991,13.124360894],[80.288822373,13.124388029],[80.288517039,13.123959717],[80.288384944,13.123775922],[80.288502684,13.123602391],[80.288372497,13.123240703],[80.287706009,13.123459422],[80.287915075,13.123613313],[80.287998521,13.123692055],[80.28811879,13.12381708],[80.288045195,13.123905867],[80.288205766,13.12406189],[80.288290006,13.123988789],[80.288659694,13.124469335],[80.288577339,13.12452681],[80.288748968,13.124830951],[80.288839569,13.124799564]]]]}","[{""stopCode"": ""STR_G_1"", ""gateName"": ""E1-Near Akasthya Apartments"", ""lat"": 13.12394, ""lon"": 80.2882885 },{""stopCode"": ""STR_G_2"", ""gateName"": ""E4-Near H3 Police Stationparking"", ""lat"": 13.1234554, ""lon"": 80.288004 },{""stopCode"": ""STR_G_3"", ""gateName"": ""E3-Near M.M. Theatre"", ""lat"": 13.1249108, ""lon"": 80.289039 },{""stopCode"": ""STR_G_4"", ""gateName"": ""E2-Near Apollo Hospitals Tondiarpet"", ""lat"": 13.1246137, ""lon"": 80.2887749 }]",13.12398868,80.28817191,"TONDIARPET METRO,TONDIARPET METRO",0
chennai_metro,STT|01F3,"{""type"":""MultiPolygon"",""coordinates"":[[[[80.302010652,13.159094086],[80.302145844,13.159616936],[80.301990833,13.159642356],[80.302034868,13.15973801],[80.301983708,13.159745258],[80.302009916,13.159844901],[80.30217404,13.159801605],[80.302273656,13.160164979],[80.302376138,13.160565634],[80.302428305,13.16056286],[80.302469702,13.160690325],[80.302676666,13.160661126],[80.302646833,13.160519922],[80.302553724,13.160167233],[80.302591679,13.160148],[80.302580509,13.160083934],[80.302832051,13.160028754],[80.30281728,13.159949905],[80.302938404,13.159911768],[80.302910619,13.159812295],[80.30279285,13.159783157],[80.30246355,13.159863205],[80.302234381,13.158929678],[80.302035328,13.15896005],[80.30205645,13.159060583],[80.302010652,13.159094086]]]]}","[{""stopCode"": ""STT_G_1"", ""gateName"": ""E1-Near Tiruvottiyur Railway Station"", ""lat"": 13.1598061, ""lon"": 80.3022376 },{""stopCode"": ""STT_G_2"", ""gateName"": ""E2-Near N8 Beach"", ""lat"": 13.1600309, ""lon"": 80.3024342 }]",13.15976007,80.30221762,"THIRUVOTRIYUR THERADI METRO,THIRUVOTRIYUR THERADI METRO",0
chennai_metro,STV|01F1,"{""type"":""MultiPolygon"",""coordinates"":[[[[80.305176123,13.172182178],[80.305262632,13.172453478],[80.305355937,13.172442443],[80.305389024,13.172567506],[80.305435149,13.172714531],[80.305536613,13.172659639],[80.305674393,13.172575609],[80.305631925,13.17245753],[80.305543858,13.172237073],[80.3055092,13.172236767],[80.305492452,13.172152424],[80.305430247,13.171947775],[80.305427965,13.171939125],[80.305398132,13.17179718],[80.305288251,13.171457506],[80.305228344,13.171275761],[80.305180379,13.171121811],[80.30514336,13.170998938],[80.304973097,13.171038301],[80.304994478,13.171125346],[80.304913747,13.171150696],[80.305013496,13.171502901],[80.305026897,13.171591625],[80.305091223,13.171808214],[80.305140048,13.172032554],[80.305176123,13.172182178]]]]}","[{""stopCode"": ""STV_G_1"", ""gateName"": ""E3-Near TNEB Office"", ""lat"": 13.1725035, ""lon"": 80.3055567 },{""stopCode"": ""STV_G_2"", ""gateName"": ""E2-Near Thiruvotriyur Bus Depot"", ""lat"": 13.1723296, ""lon"": 80.305297 }]",13.17254477,80.30558561,"THIRUVOTRIYUR METRO,THIRUVOTRIYUR METRO",0
chennai_metro,SVA|0225,"{""type"":""MultiPolygon"",""coordinates"":[[[[80.211901757,13.050388344],[80.211756535,13.050429777],[80.211761033,13.050468922],[80.211770957,13.050604677],[80.211778092,13.050661791],[80.211783302,13.050722474],[80.211751796,13.050729715],[80.21171713,13.050735202],[80.211663418,13.050744833],[80.211609632,13.050755625],[80.211548124,13.050767674],[80.211475512,13.050774007],[80.211357977,13.05078904],[80.211221742,13.050808329],[80.211195412,13.051032385],[80.211258578,13.051334483],[80.211597418,13.051311213],[80.211780594,13.051306403],[80.211939114,13.051298579],[80.211963594,13.051300266],[80.211966601,13.051397528],[80.211978248,13.051582748],[80.212088971,13.051575715],[80.212147016,13.051571795],[80.212205796,13.051564032],[80.212268487,13.051560561],[80.212330338,13.051553038],[80.21231783,13.051368687],[80.212318091,13.05128814],[80.212430055,13.05128835],[80.212392507,13.050808633],[80.212389178,13.050407459],[80.212273792,13.050379836],[80.212284638,13.049929493],[80.211873595,13.049921586],[80.211901757,13.050388344]]]]}","[{""stopCode"": ""SVA_G_1"", ""gateName"": ""B-Near NEXUS Mall"", ""lat"": 13.0508097, ""lon"": 80.2116621 },{""stopCode"": ""SVA_G_2"", ""gateName"": ""A-Near SIMS Hospital"", ""lat"": 13.0510598, ""lon"": 80.21196 },{""stopCode"": ""SVA_G_3"", ""gateName"": ""D-Near Vadapalani Murugan Temple"", ""lat"": 13.0508413, ""lon"": 80.212205 }]",13.0510565,80.21168145,"VADAPALANI,VADAPALANI",0
chennai_metro,SWA|0101,"{""type"":""MultiPolygon"",""coordinates"":[[[[80.280862957,13.108843811],[80.281127187,13.10876947],[80.281740025,13.108599174],[80.281533442,13.108063578],[80.281221277,13.108171792],[80.281187,13.108067784],[80.280960178,13.107298049],[80.28102091,13.107274814],[80.280715294,13.106161262],[80.2804225,13.106165872],[80.28017918,13.106169478],[80.280118317,13.106170819],[80.28008106,13.106174227],[80.280111864,13.106286075],[80.280223351,13.106664744],[80.280316835,13.106984045],[80.280418784,13.107339862],[80.280446276,13.107442305],[80.280466839,13.107505395],[80.280478044,13.107542776],[80.280503468,13.107628886],[80.280598325,13.107943758],[80.280649755,13.108118497],[80.280683303,13.108216054],[80.280707404,13.108298402],[80.280732963,13.108382526],[80.280754871,13.108448343],[80.280862957,13.108843811]]]]}","[{""stopCode"": ""SWA_G_1"", ""gateName"": ""B2-Near Stanley Govt Hospital"", ""lat"": 13.1063655, ""lon"": 80.2801755 },{""stopCode"": ""SWA_G_2"", ""gateName"": ""A1-Near Suburban Railway Station"", ""lat"": 13.1082809, ""lon"": 80.280927 },{""stopCode"": ""SWA_G_3"", ""gateName"": ""A2A-Near Dakshinamoorthy Kovil"", ""lat"": 13.1082451, ""lon"": 80.2812201 }]",13.10657326,80.28076413,"WASHERMENPET METRO,WASHERMENPET METRO",0
chennai_metro,SWD|01ED,"{""type"":""MultiPolygon"",""coordinates"":[[[[80.308629207,13.183701357],[80.308754287,13.184151471],[80.30887901,13.184636873],[80.310113707,13.184288727],[80.309653858,13.182979295],[80.309493835,13.182586202],[80.309438916,13.182449585],[80.308380298,13.182823482],[80.308520739,13.183307548],[80.308629207,13.183701357]]]]}","[{""stopCode"": ""SWD_G_1"", ""gateName"": ""E1-Near ITC Company"", ""lat"": 13.1844788, ""lon"": 80.3089535 }]",13.18430393,80.30910134,"WIMCO NAGAR DEPOT STATION,WIMCO NAGAR DEPOT STATION",0
chennai_metro,SWN|01EF,"{""type"":""MultiPolygon"",""coordinates"":[[[[80.307187117,13.179376839],[80.307344847,13.179910092],[80.307447808,13.179915276],[80.307471755,13.179999372],[80.307651027,13.179954537],[80.307619954,13.179858757],[80.307646448,13.179838868],[80.307278743,13.178625599],[80.307321107,13.178612103],[80.307311761,13.178531795],[80.307275854,13.17853059],[80.307263769,13.178308833],[80.307247797,13.178253712],[80.306962134,13.178328976],[80.307028002,13.178549482],[80.306949505,13.178606376],[80.307122934,13.179174731],[80.307138868,13.179171326],[80.307204991,13.179367009],[80.307187117,13.179376839]]]]}","[{""stopCode"": ""SWN_G_1"", ""gateName"": ""E1-Near Wimconagar Railway Station"", ""lat"": 13.1785946, ""lon"": 80.3070637 },{""stopCode"": ""SWN_G_2"", ""gateName"": ""E3-Near Wimconagar Bus Stop"", ""lat"": 13.178432, ""lon"": 80.3072099 }]",13.17892519,80.30714058,"WIMCO NAGAR METRO,WIMCO NAGAR METRO",0
chennai_suburban,ANNR,"{""type"":""MultiPolygon"",""coordinates"":[[[[80.125760172,13.116844616],[80.125735876,13.117196558],[80.126109887,13.117188088],[80.12630253,13.117179543],[80.126545398,13.117146267],[80.127078118,13.116888533],[80.127594221,13.116634361],[80.128475264,13.116515523],[80.129126552,13.116244161],[80.129397265,13.11595762],[80.129459293,13.115735208],[80.129442794,13.115529016],[80.129093396,13.115473413],[80.128097664,13.115707372],[80.126556509,13.115857618],[80.12578271,13.115909334],[80.124937791,13.116011675],[80.123644045,13.116309346],[80.123577413,13.116761087],[80.123971953,13.116960016],[80.125257904,13.116806615],[80.125760172,13.116844616]]]]}","[{""gateName"":""A1"",""stopCode"":""ANNR"",""lat"":13.1168250649558,""lon"":80.1262286734646}]",13.116517,80.127255,ANNANUR,1
chennai_suburban,APB,"{""type"":""MultiPolygon"",""coordinates"":[[[[80.229892342,13.305519424],[80.230913197,13.305040122],[80.231847457,13.304279458],[80.232665946,13.303533417],[80.232237801,13.303199777],[80.231649265,13.303565564],[80.231229315,13.303866589],[80.231054525,13.303964401],[80.230795996,13.3041998],[80.230523015,13.304491646],[80.229890521,13.304953737],[80.229656941,13.305161171],[80.229892342,13.305519424]]]]}","[{""gateName"":""B1"",""stopCode"":""APB"",""lat"":13.3041956570795,""lon"":80.2309699034707}]",13.304406,80.230971,ANUPPAMBATTU,2
chennai_suburban,AIP,"{""type"":""MultiPolygon"",""coordinates"":[[[[80.290263611,13.261204315],[80.290679621,13.26096738],[80.290409985,13.260363044],[80.289813045,13.260768505],[80.289133588,13.2611109],[80.289044899,13.261126271],[80.288558694,13.261245574],[80.288201708,13.261533416],[80.2875854,13.261858866],[80.287522581,13.262303262],[80.287987472,13.262422073],[80.288644372,13.262091354],[80.289420973,13.261596116],[80.290263611,13.261204315]]]]}","[{""gateName"":""B1"",""stopCode"":""AIP"",""lat"":13.2611617363806,""lon"":80.2890251171182}]",13.261438,80.289153,ATTIPPATTU,3
chennai_suburban,AIPP,"{""type"":""MultiPolygon"",""coordinates"":[[[[80.29928572,13.249625091],[80.299006977,13.250098072],[80.299477624,13.250147506],[80.300331442,13.249485885],[80.300492067,13.249289998],[80.30065633,13.248718974],[80.301185077,13.247928908],[80.301173865,13.247697059],[80.301093856,13.247563379],[80.30090871,13.247569279],[80.300648444,13.247879986],[80.300309164,13.248184055],[80.299700513,13.249121751],[80.29928572,13.249625091]]]]}","[{""gateName"":""A1"",""stopCode"":""AIPP"",""lat"":13.2493511922069,""lon"":80.3002773916735}]",13.2492,80.300049,ATTIPATTU PUDU NAGAR.H,4
chennai_suburban,BBQ,"{""type"":""MultiPolygon"",""coordinates"":[[[[80.27089743,13.102975358],[80.270971944,13.103986702],[80.271671068,13.104066127],[80.271736134,13.103385287],[80.271972752,13.103466874],[80.272038583,13.103153309],[80.271820964,13.102886513],[80.271753998,13.102746593],[80.271809896,13.101474526],[80.271670116,13.101072396],[80.271156066,13.101008534],[80.271016555,13.102223051],[80.27089743,13.102975358]]]]}","[{""gateName"":""B1"",""stopCode"":""BBQ"",""lat"":13.1030551399392,""lon"":80.2709959394446},{""gateName"":""BL1"",""stopCode"":""BBQ"",""lat"":13.1033398360704,""lon"":80.2709590164764}]",13.102079,80.271368,BASIN BRIDGE JN.(MADRAS),2
chennai_suburban,CGL,"{""type"":""MultiPolygon"",""coordinates"":[[[[79.981460014,12.69206222],[79.981365089,12.692029767],[79.981062611,12.692039333],[79.980886597,12.692197975],[79.98081273,12.692403981],[79.980653106,12.692919475],[79.980688862,12.693184334],[79.980513179,12.69351358],[79.980092751,12.69421921],[79.97999282,12.694363305],[79.97967183,12.694864609],[79.979342636,12.695473914],[79.978875843,12.696231483],[79.978929451,12.6962729],[79.979144688,12.69605118],[79.979830911,12.695131971],[79.98069572,12.694738775],[79.980737283,12.694683746],[79.981059772,12.694350962],[79.981093874,12.694292412],[79.981477452,12.693721738],[79.981881578,12.693084706],[79.982216861,12.692467013],[79.982674264,12.691619468],[79.982803122,12.691255044],[79.98307581,12.690495525],[79.983315915,12.689890836],[79.983474566,12.689563999],[79.98339536,12.689447132],[79.983267563,12.68949649],[79.983186238,12.689599296],[79.983049658,12.689668092],[79.98278846,12.689989504],[79.982653217,12.690171341],[79.982412288,12.690633193],[79.982201094,12.691062136],[79.981957554,12.691485455],[79.981688525,12.691923622],[79.981554565,12.692121692],[79.981460014,12.69206222]]]]}","[{""gateName"":""B1"",""stopCode"":""CGL"",""lat"":12.6935764947809,""lon"":79.9804876603606}]",12.69411,79.98084,CHENGALPATTU JN.,6
chennai_suburban,MSF,"{""type"":""MultiPolygon"",""coordinates"":[[[[80.28284064,13.082728138],[80.2827456,13.082539064],[80.282433332,13.082127774],[80.282062908,13.082189926],[80.281963071,13.08224992],[80.282022417,13.082346282],[80.281751495,13.082522999],[80.281860387,13.082740668],[80.2819107,13.082707069],[80.281839848,13.082584732],[80.28202339,13.082469046],[80.282221864,13.082803324],[80.282430238,13.083136717],[80.282631001,13.083454654],[80.282961015,13.084012437],[80.283239883,13.084384163],[80.283299151,13.08445794],[80.283105507,13.084626717],[80.283240202,13.0848166],[80.28328737,13.084781563],[80.283195669,13.084665636],[80.283227289,13.084602593],[80.283329205,13.084522485],[80.283483457,13.084711512],[80.283733464,13.084904872],[80.283751399,13.084786608],[80.28404534,13.084534111],[80.283947816,13.084437352],[80.283813979,13.084343594],[80.283712265,13.084158182],[80.283462984,13.083707321],[80.283180653,13.083276057],[80.28284064,13.082728138]]]]}","[{""gateName"":""A1"",""stopCode"":""MSF"",""lat"":13.08221861031,""lon"":80.2824398480513},{""gateName"":""B1"",""stopCode"":""MSF"",""lat"":13.0827146226767,""lon"":80.2818583113023},{""gateName"":""B2"",""stopCode"":""MSF"",""lat"":13.0848125491428,""lon"":80.2832413841523}]",13.082692231983,80.282178372145,CHENNAI FORT,7
chennai_suburban,MASS,"{""type"":""MultiPolygon"",""coordinates"":[[[[80.278767422,13.079914402],[80.279512682,13.079966218],[80.279411113,13.079573649],[80.278801149,13.079524903],[80.278408501,13.079484622],[80.277957288,13.079461365],[80.277431914,13.079443789],[80.276562551,13.079392918],[80.276004603,13.079538735],[80.275474664,13.07968691],[80.274825611,13.079910456],[80.274818737,13.080326531],[80.274813337,13.080501614],[80.274889108,13.080534248],[80.274945398,13.080169825],[80.2752132,13.080055436],[80.275581005,13.079938051],[80.275705992,13.079951517],[80.276156322,13.079880779],[80.276515537,13.079802718],[80.277104131,13.079798315],[80.277977219,13.07985154],[80.278767422,13.079914402]]]]}","[{""gateName"":""A"",""stopCode"":""MASS"",""lat"":13.07981892,""lon"":80.2761619}]",13.083037,80.27479,CHENNAI CENTRAL SUBURBAN,8
chennai_suburban,MPKT,"{""type"":""MultiPolygon"",""coordinates"":[[[[80.278767422,13.079914402],[80.279512682,13.079966218],[80.279411113,13.079573649],[80.278801149,13.079524903],[80.278408501,13.079484622],[80.277957288,13.079461365],[80.277431914,13.079443789],[80.276562551,13.079392918],[80.276004603,13.079538735],[80.275474664,13.07968691],[80.274825611,13.079910456],[80.274818737,13.080326531],[80.274813337,13.080501614],[80.274889108,13.080534248],[80.274945398,13.080169825],[80.2752132,13.080055436],[80.275581005,13.079938051],[80.275705992,13.079951517],[80.276156322,13.079880779],[80.276515537,13.079802718],[80.277104131,13.079798315],[80.277977219,13.07985154],[80.278767422,13.079914402]]]]}","[{""gateName"":""A"",""stopCode"":""MPKT"",""lat"":13.07981892,""lon"":80.2761619}]",13.079588,80.277502,CHENNAI PARK TOWN,9
chennai_suburban,MPK,"{""type"":""MultiPolygon"",""coordinates"":[[[[80.278767422,13.079914402],[80.279512682,13.079966218],[80.279411113,13.079573649],[80.278801149,13.079524903],[80.278408501,13.079484622],[80.277957288,13.079461365],[80.277431914,13.079443789],[80.276562551,13.079392918],[80.276004603,13.079538735],[80.275474664,13.07968691],[80.274825611,13.079910456],[80.274818737,13.080326531],[80.274813337,13.080501614],[80.274889108,13.080534248],[80.274945398,13.080169825],[80.2752132,13.080055436],[80.275581005,13.079938051],[80.275705992,13.079951517],[80.276156322,13.079880779],[80.276515537,13.079802718],[80.277104131,13.079798315],[80.277977219,13.07985154],[80.278767422,13.079914402]]]]}","[{""gateName"":""A"",""stopCode"":""MPK"",""lat"":13.07981892,""lon"":80.2761619}]",13.080734135583,80.272890301421,CHENNAI PARK,10
chennai_suburban,MCPK,"{""type"":""MultiPolygon"",""coordinates"":[[[[80.280834166,13.062866679],[80.280834617,13.062811987],[80.280836913,13.062730676],[80.280832325,13.062576685],[80.280830625,13.062188947],[80.280816227,13.061921548],[80.280763463,13.061468051],[80.280669001,13.061190626],[80.280604324,13.060955367],[80.280537817,13.060915973],[80.2804585,13.060901204],[80.280346923,13.060971912],[80.280376784,13.061378576],[80.280417819,13.06170271],[80.280264609,13.061824574],[80.280292065,13.06192748],[80.280381017,13.061934566],[80.280471395,13.062177444],[80.280530399,13.062395169],[80.280546819,13.06286471],[80.280586592,13.062867942],[80.280609516,13.062859887],[80.280834166,13.062866679]]]]}","[{""gateName"":""A"",""stopCode"":""MCPK"",""lat"":13.06184968,""lon"":80.28046583},{""gateName"":""B"",""stopCode"":""MCPK"",""lat"":13.0618196,""lon"":80.28070307}]",13.062746,80.280611,CHEPAUK,11
chennai_suburban,MSC,"{""type"":""MultiPolygon"",""coordinates"":[[[[80.241325935,13.073977126],[80.242173487,13.074260133],[80.242270314,13.074360004],[80.242533788,13.074435476],[80.242616923,13.074382808],[80.24326672,13.074573906],[80.243936231,13.074773293],[80.244171746,13.074834107],[80.244356828,13.074885476],[80.244447384,13.074874861],[80.244565107,13.074764674],[80.244680985,13.074582882],[80.244394755,13.074431572],[80.244019637,13.074320802],[80.243662265,13.074187085],[80.243297062,13.074110392],[80.242839108,13.073957917],[80.242195804,13.073781949],[80.242228885,13.073637456],[80.242370472,13.073260589],[80.242285357,13.073243235],[80.242130549,13.073636743],[80.241597167,13.073546537],[80.241325935,13.073977126]]]]}","[{""gateName"":""A1"",""stopCode"":""MSC"",""lat"":13.0737094305886,""lon"":80.2419158786553},{""gateName"":""B1"",""stopCode"":""MSC"",""lat"":13.0740049605832,""lon"":80.2413992117032}]",13.07441652,80.2436481,CHENNAI CHETPAT,12
chennai_suburban,MCPT,"{""type"":""MultiPolygon"",""coordinates"":[[[[80.273579928,13.074616859],[80.273834082,13.074682529],[80.273903201,13.074642056],[80.27392291,13.074499104],[80.273949439,13.074213594],[80.273993264,13.073895761],[80.274023808,13.073565682],[80.274062173,13.073285846],[80.274110264,13.073078625],[80.274174496,13.072806931],[80.274163231,13.072728992],[80.274039846,13.072670002],[80.273958172,13.072669871],[80.273844446,13.072657258],[80.273781953,13.072764829],[80.273729088,13.072941266],[80.273706667,13.073145711],[80.273672963,13.073280018],[80.273745179,13.073349874],[80.273756136,13.073392429],[80.273738532,13.073534291],[80.273698531,13.073540532],[80.27367307,13.073733784],[80.273645952,13.073965794],[80.273682399,13.074038045],[80.273620894,13.07426161],[80.273586618,13.074398198],[80.273579928,13.074616859]]]]}","[{""gateName"":""A"",""stopCode"":""MCPT"",""lat"":13.07373246,""lon"":80.27374883}]",13.074676,80.273723,CHINTADARIPET,13
chennai_suburban,CMP,"{""type"":""MultiPolygon"",""coordinates"":[[[[80.140712808,12.952345058],[80.140965852,12.952634012],[80.141036923,12.952605783],[80.140854643,12.952400208],[80.14091657,12.952364749],[80.141063752,12.952258774],[80.141117012,12.952246734],[80.141500538,12.952829317],[80.141698672,12.95288414],[80.142756857,12.954215256],[80.143194225,12.954819149],[80.143913642,12.955996282],[80.144027062,12.955865668],[80.142118906,12.953064571],[80.141702659,12.952371117],[80.141529634,12.951964992],[80.141351763,12.951665729],[80.141041283,12.951287287],[80.14062632,12.950725267],[80.140186208,12.950118831],[80.139848912,12.949597843],[80.139671977,12.949327286],[80.139418337,12.949019732],[80.139335468,12.949004272],[80.139554381,12.949730336],[80.139756129,12.950384091],[80.139943272,12.950671228],[80.140126128,12.950950714],[80.140439704,12.951403105],[80.140674812,12.951705844],[80.140909106,12.951972255],[80.141066091,12.952107224],[80.141045348,12.952179677],[80.140795061,12.952332666],[80.140714873,12.952190163],[80.140666487,12.95220654],[80.140712808,12.952345058]]]]}","[{""gateName"":""A1"",""stopCode"":""CMP"",""lat"":12.9515079257169,""lon"":80.1411537256692},{""gateName"":""B1"",""stopCode"":""CMP"",""lat"":12.9514936821877,""lon"":80.1406260349155},{""gateName"":""R1"",""stopCode"":""CMP"",""lat"":12.9524007684736,""lon"":80.1407783421593}]",12.95127604,80.14084709,CHROMEPET,14
chennai_suburban,EGT,"{""type"":""MultiPolygon"",""coordinates"":[[[[79.885269557,13.107427061],[79.886095746,13.107719354],[79.886168442,13.107289411],[79.885514474,13.107043837],[79.884928456,13.106846167],[79.884326479,13.106623543],[79.883697499,13.106473824],[79.883262666,13.106356381],[79.883141676,13.106577657],[79.883362119,13.106831231],[79.884280099,13.107100937],[79.884257732,13.107155258],[79.884257479,13.107193396],[79.884257479,13.107193396],[79.884413444,13.1072211],[79.884729906,13.107226622],[79.885269557,13.107427061]]]]}","[{""gateName"":""A1"",""stopCode"":""EGT"",""lat"":13.1071644719046,""lon"":79.8843163089534}]",13.107082,79.884682,EGATTUR,15
chennai_suburban,MS,"{""type"":""MultiPolygon"",""coordinates"":[[[[80.258359032,13.078275619],[80.259860492,13.078611288],[80.259816618,13.078916158],[80.259946478,13.079193249],[80.26030175,13.079246087],[80.26067239,13.07927302],[80.261387833,13.079382875],[80.261388499,13.079510208],[80.261484673,13.079652945],[80.26153682,13.07970783],[80.261621669,13.07971961],[80.261654958,13.079536654],[80.261845338,13.079525282],[80.262078807,13.079574874],[80.262299365,13.079535488],[80.262337829,13.079265297],[80.262641101,13.079107629],[80.262667277,13.078911646],[80.262694639,13.078584812],[80.262738032,13.078234233],[80.262608943,13.078004298],[80.262253041,13.07790372],[80.262010655,13.077775817],[80.261981703,13.077732208],[80.261586978,13.07756374],[80.261453283,13.077517685],[80.261324303,13.077504649],[80.261410057,13.077369559],[80.260916914,13.07720383],[80.260442802,13.077301814],[80.260328906,13.077192749],[80.260194597,13.077457009],[80.259572472,13.077363774],[80.258211897,13.07712654],[80.257376978,13.077063378],[80.257287497,13.077564839],[80.257530424,13.077897136],[80.258359032,13.078275619]]]]}","[{""gateName"":""Bus stop"",""stopCode"":""MS"",""lat"":13.077576833033893,""lon"":80.26157787711054},{""gateName"":""Near Footover bridge "",""stopCode"":""MS"",""lat"":13.077426484962329,""lon"":80.26051765856086},{""gateName"":""Egmore Sangeetha Hotel"",""stopCode"":""MS"",""lat"":13.077227506044293,""lon"":80.2608636872051},{""gateName"":""Egmore Metro CMRL Parking"",""stopCode"":""MS"",""lat"":13.07922479016689,""lon"":80.26153668365787}]",13.07825171,80.26103334,CHENNAI EGMORE,16
chennai_suburban,ELR,"{""type"":""MultiPolygon"",""coordinates"":[[[[80.115222885,13.459950494],[80.114988016,13.460669241],[80.115475777,13.460852851],[80.115789521,13.46001343],[80.115838223,13.459888249],[80.11613104,13.459415812],[80.116195347,13.458515819],[80.116455896,13.457232902],[80.11654593,13.45676728],[80.116574728,13.456505673],[80.116400321,13.45649063],[80.11620612,13.456817692],[80.116068774,13.457253073],[80.115804777,13.457977409],[80.115558789,13.458428928],[80.115440375,13.458827847],[80.115236791,13.459394625],[80.115194261,13.45978478],[80.115222885,13.459950494]]]]}","[{""gateName"":""B1"",""stopCode"":""ELR"",""lat"":13.4594514262079,""lon"":80.1153340901626},{""gateName"":""A1"",""stopCode"":""ELR"",""lat"":13.4595950616637,""lon"":80.1159248576536}]",13.45820298,80.11565755,ELAVUR,17
chennai_suburban,KAVM,"{""type"":""MultiPolygon"",""coordinates"":[[[[80.316971059,13.20374836],[80.316886777,13.203492738],[80.316532004,13.203503064],[80.316242573,13.203667863],[80.316244786,13.203674255],[80.316271228,13.203846211],[80.316475912,13.204124273],[80.316600689,13.204413636],[80.316796981,13.204750108],[80.316990293,13.205028633],[80.317214625,13.205371233],[80.317327041,13.205633288],[80.31758412,13.206033497],[80.317772746,13.206046975],[80.317873509,13.205878306],[80.317559954,13.205238877],[80.317413482,13.204775932],[80.317408777,13.204493443],[80.317179559,13.204188741],[80.316971059,13.20374836]]]]}","[{""gateName"":""B1"",""stopCode"":""KAVM"",""lat"":13.2176139743641,""lon"":80.3214834830695}]",13.204528,80.316968,KATHIVAKKAM,18
chennai_suburban,GWYR,"{""type"":""MultiPolygon"",""coordinates"":[[[[80.252269015,13.021311191],[80.252629533,13.021814522],[80.252933009,13.021607005],[80.252968064,13.021495472],[80.252984919,13.021319403],[80.252867637,13.021322078],[80.252756253,13.021175985],[80.252579061,13.020939221],[80.252414289,13.020696894],[80.252330239,13.020527013],[80.252111049,13.020156584],[80.251959446,13.019975076],[80.251743465,13.019732109],[80.251467793,13.019341865],[80.251423565,13.019306482],[80.251264988,13.019441781],[80.251100332,13.019533808],[80.251041029,13.019595315],[80.251351811,13.019875415],[80.251674605,13.020305712],[80.251936671,13.020763577],[80.252269015,13.021311191]]]]}","[{""gateName"":""A"",""stopCode"":""GWYR"",""lat"":13.02167542,""lon"":80.25277382}]",13.021594,80.252547,GREENWAYS ROAD,19
chennai_suburban,GI,"{""type"":""MultiPolygon"",""coordinates"":[[[[80.058086358,12.845913836],[80.058211733,12.845671894],[80.058137653,12.845621963],[80.057964547,12.84540578],[80.057559553,12.844966406],[80.057676832,12.844931154],[80.057718122,12.844725582],[80.057529067,12.844540845],[80.057264592,12.844452792],[80.057055917,12.84443568],[80.056669103,12.844096563],[80.056158348,12.843616358],[80.055773503,12.843189562],[80.055462386,12.843244109],[80.055069504,12.843362201],[80.055070971,12.843366688],[80.055633913,12.843864941],[80.05615863,12.844452426],[80.056714599,12.845096703],[80.057144932,12.845570489],[80.05752801,12.846020991],[80.058086358,12.845913836]]]]}","[{""gateName"":""A1"",""stopCode"":""GI"",""lat"":12.845063604351,""lon"":80.0575782025638}]",12.844676,80.0568,GUDUVANCHERI,20
chennai_suburban,GPD,"{""type"":""MultiPolygon"",""coordinates"":[[[[80.122311849,13.41211469],[80.122580553,13.411932106],[80.122913749,13.411379959],[80.123289816,13.410860445],[80.123596346,13.41026233],[80.123724895,13.410053117],[80.123959534,13.409813876],[80.123905433,13.40950103],[80.124188738,13.408857021],[80.124901441,13.407500563],[80.125050916,13.406653988],[80.124325192,13.407647153],[80.123496956,13.40898703],[80.123136715,13.409544574],[80.122835147,13.409950044],[80.122209671,13.411290991],[80.122311849,13.41211469]]]]}","[{""gateName"":""B1"",""stopCode"":""GPD"",""lat"":13.409781314294,""lon"":80.1230402213148},{""gateName"":""A1"",""stopCode"":""GPD"",""lat"":13.4100836097256,""lon"":80.1236032965796}]",13.409115,80.123624,GUMMIDIPUNDI,21
chennai_suburban,HC,"{""type"":""MultiPolygon"",""coordinates"":[[[[80.074357219,13.119018559],[80.074928745,13.118867285],[80.075899618,13.118871065],[80.076494734,13.118862376],[80.077130967,13.118817453],[80.07729188,13.118282878],[80.07716929,13.118267304],[80.076442261,13.118333489],[80.075546053,13.118321445],[80.074802498,13.118366484],[80.074507174,13.118380498],[80.074170172,13.118394791],[80.073950763,13.118416466],[80.074020132,13.11884219],[80.074357219,13.119018559]]]]}","[{""gateName"":""A1"",""stopCode"":""HC"",""lat"":13.1188537787425,""lon"":80.0743165186492},{""gateName"":""B1"",""stopCode"":""HC"",""lat"":13.1184305071224,""lon"":80.074071903985},{""gateName"":""AL1"",""stopCode"":""HC"",""lat"":13.1187908499106,""lon"":80.0740595963289},{""gateName"":""BL1"",""stopCode"":""HC"",""lat"":13.1184020392705,""lon"":80.0740949808401}]",13.118654,80.074979,HINDU COLLEGE,22
chennai_suburban,INDR,"{""type"":""MultiPolygon"",""coordinates"":[[[[80.249437202,12.997662166],[80.249686518,12.997624608],[80.249757973,12.997481577],[80.249906433,12.996829859],[80.249972419,12.996602572],[80.250033623,12.996430923],[80.250120492,12.996117929],[80.250097933,12.995701473],[80.250136856,12.995472591],[80.25012063,12.995115042],[80.250134266,12.994898589],[80.249848619,12.994867966],[80.249737358,12.995097495],[80.24947233,12.996122543],[80.249221358,12.997090281],[80.249078226,12.99751657],[80.249119277,12.997609432],[80.249437202,12.997662166]]]]}","[{""gateName"":""A"",""stopCode"":""INDR"",""lat"":12.99636688,""lon"":80.24946094}]",12.99641,80.24967,INDRA NAGAR,23
chennai_suburban,KBT,"{""type"":""MultiPolygon"",""coordinates"":[[[[79.863686882,13.100565836],[79.864584948,13.100884822],[79.864813488,13.100325402],[79.864199246,13.1001495],[79.863652105,13.099922061],[79.863214678,13.099741393],[79.862615473,13.099581429],[79.862210101,13.099456938],[79.862119295,13.099515562],[79.861862658,13.099451399],[79.861861287,13.099451399],[79.861485588,13.099565073],[79.861485588,13.099565073],[79.861847149,13.099955218],[79.86232537,13.100164026],[79.863004474,13.100370901],[79.863004474,13.100370901],[79.863686882,13.100565836]]]]}","[{""gateName"":""B1"",""stopCode"":""KBT"",""lat"":13.099769872604,""lon"":79.8628563721512}]",13.100054,79.863106,KADAMBATTUR,24
chennai_suburban,CJ,"{""type"":""MultiPolygon"",""coordinates"":[[[[79.705737964,12.848040053],[79.705565192,12.84755405],[79.704881062,12.847583853],[79.704568112,12.848104818],[79.704410427,12.848471952],[79.704514259,12.848866014],[79.704810058,12.849149428],[79.705830234,12.848564729],[79.705737964,12.848040053]]]]}","[{""gateName"":""B1"",""stopCode"":""CJ"",""lat"":12.848177120418,""lon"":79.7050829906269}]",12.84828692,79.70498241,KANCHIPURAM,25
chennai_suburban,CJE,"{""type"":""MultiPolygon"",""coordinates"":[[[[79.713090414,12.840286236],[79.713060692,12.839629904],[79.712422811,12.839588435],[79.712379413,12.839946725],[79.71229168,12.840557555],[79.712248622,12.841333497],[79.712152553,12.842015666],[79.712054564,12.842740279],[79.712055171,12.842933163],[79.712186989,12.842973781],[79.712321754,12.842855067],[79.712479909,12.842651965],[79.712594554,12.84260582],[79.712743721,12.842524913],[79.712847117,12.841914352],[79.712896248,12.841468839],[79.712995573,12.840827302],[79.713090414,12.840286236]]]]}","[{""gateName"":""B1"",""stopCode"":""CJE"",""lat"":12.8408318155407,""lon"":79.7121322006367}]",12.8405755,79.71222807,KANCHIPURAM EAST,26
chennai_suburban,KTBR,"{""type"":""MultiPolygon"",""coordinates"":[[[[80.247624654,13.003996402],[80.247600499,13.004920106],[80.247552666,13.005061076],[80.247541578,13.005473132],[80.247547716,13.005926833],[80.247571259,13.006470933],[80.247709867,13.006508868],[80.247896596,13.006486936],[80.247975803,13.006442904],[80.248231131,13.006472168],[80.248190382,13.006179195],[80.248240366,13.005446754],[80.248193112,13.004980924],[80.24819321,13.004415962],[80.24816212,13.003863037],[80.247807791,13.003869403],[80.247624654,13.003996402]]]]}","[{""gateName"":""A"",""stopCode"":""KTBR"",""lat"":13.00529574,""lon"":80.24758552}]",13.006361,80.247697,KASTURBA NAGAR,27
chennai_suburban,KAVM,"{""type"":""MultiPolygon"",""coordinates"":[[[[80.316456625,13.204304361],[80.316823982,13.204909272],[80.317186017,13.205606786],[80.31760115,13.206072567],[80.317776442,13.206029434],[80.317849646,13.205892361],[80.317666024,13.205343567],[80.31754155,13.204765692],[80.317419336,13.204443326],[80.31714753,13.204000764],[80.316832279,13.203343194],[80.316301248,13.203350759],[80.316377293,13.203760216],[80.316456625,13.204304361]]]]}","[{""gateName"":""B1"",""stopCode"":""KAVM"",""lat"":13.2037733249455,""lon"":80.3164465748258}]",13.204528,80.316968,KATHIVAKKAM,28
chennai_suburban,CTM,"{""type"":""MultiPolygon"",""coordinates"":[[[[80.025230807,12.80450194],[80.025890711,12.805516338],[80.026475135,12.806284],[80.026972265,12.807000759],[80.027600894,12.807840068],[80.028013288,12.808493552],[80.028489616,12.808251499],[80.027912304,12.807183273],[80.027288921,12.806271391],[80.027106507,12.806011579],[80.026565581,12.805218751],[80.025998741,12.8045058],[80.02560372,12.804411505],[80.025230807,12.80450194]]]]}","[{""gateName"":""A1"",""stopCode"":""CTM"",""lat"":12.8056581522848,""lon"":80.026807523951}]",12.80593,80.026348,KATTANGULATUR,29
chennai_suburban,KVP,"{""type"":""MultiPolygon"",""coordinates"":[[[[80.148502064,13.363338486],[80.149164669,13.362970316],[80.149025105,13.362571578],[80.148299874,13.362745929],[80.147843692,13.362974292],[80.147284259,13.363211226],[80.146746642,13.363554844],[80.146334181,13.363852064],[80.146174764,13.363920994],[80.145693568,13.364147448],[80.145622229,13.364542523],[80.145940341,13.364441637],[80.146578458,13.36420117],[80.147179537,13.363906569],[80.147710785,13.363604766],[80.148502064,13.363338486]]]]}","[{""gateName"":""B1"",""stopCode"":""KVP"",""lat"":13.3631424569917,""lon"":80.1477693792586}]",13.36353,80.147383,KAVARAIPPETTAI,30
chennai_suburban,MKK,"{""type"":""MultiPolygon"",""coordinates"":[[[[80.230735307,13.053144728],[80.230946376,13.053860528],[80.231172318,13.053731328],[80.231191751,13.053407764],[80.231144428,13.053158985],[80.231152084,13.052633166],[80.231040411,13.051903028],[80.230971006,13.051331769],[80.230983996,13.051036092],[80.231044705,13.050968126],[80.230852205,13.050685258],[80.230628489,13.050383668],[80.230467895,13.050359127],[80.230406614,13.050464661],[80.23041359,13.050826266],[80.230287819,13.050960028],[80.230329297,13.051226678],[80.230556974,13.052139438],[80.230735307,13.053144728]]]]}","[{""gateName"":""A1"",""stopCode"":""MKK"",""lat"":13.0510923339189,""lon"":80.230888857412},{""gateName"":""B1"",""stopCode"":""MKK"",""lat"":13.0511902677637,""lon"":80.2304806423664},{""gateName"":""B2"",""stopCode"":""MKK"",""lat"":13.0518698593637,""lon"":80.2305686965216}]",13.05278802,80.2308973,KODAMBAKKAM,31
chennai_suburban,KOTR,"{""type"":""MultiPolygon"",""coordinates"":[[[[80.182392692,13.113474127],[80.182373284,13.11369045],[80.18332123,13.113615425],[80.183780518,13.113552069],[80.183791419,13.113688901],[80.184009479,13.113683092],[80.184255883,13.113643188],[80.184270195,13.113580801],[80.185019874,13.113396071],[80.185426506,13.113366071],[80.18543687,13.113119584],[80.185391318,13.112908817],[80.185285556,13.112850831],[80.184844164,13.112997547],[80.184389997,13.11308036],[80.184193576,13.113123853],[80.184093342,13.113083171],[80.183593707,13.113165363],[80.183172086,13.11323815],[80.182392692,13.113474127]]]]}","[{""gateName"":""A1"",""stopCode"":""KOTR"",""lat"":13.1136111525022,""lon"":80.1839708111111},{""gateName"":""B1"",""stopCode"":""KOTR"",""lat"":13.1131032156416,""lon"":80.1842031181193}]",13.11326,80.184464,KORATTUR,32
chennai_suburban,KOK,"{""type"":""MultiPolygon"",""coordinates"":[[[[80.279618924,13.122059237],[80.279139686,13.120826787],[80.278210723,13.118640461],[80.277463193,13.118931043],[80.27902588,13.122116749],[80.279618924,13.122059237]]]]}","[{""gateName"":""A1"",""stopCode"":""KOK"",""lat"":13.1188221270402,""lon"":80.2781489953014}]",13.120671,80.278682,KORUKKUPET,33
chennai_suburban,KTPM,"{""type"":""MultiPolygon"",""coordinates"":[[[[80.248257946,13.012388646],[80.247994481,13.012455874],[80.248006189,13.013166051],[80.248067101,13.013672491],[80.248080058,13.013936685],[80.248193301,13.014051668],[80.248429202,13.014023104],[80.248587213,13.014026085],[80.248601979,13.013923911],[80.248539293,13.013489572],[80.248511271,13.013232867],[80.248486471,13.012893106],[80.2485062,13.012617109],[80.248451929,13.012366157],[80.248257946,13.012388646]]]]}","[{""gateName"":""A"",""stopCode"":""KTPM"",""lat"":13.01483975,""lon"":80.24829863}]",13.014867,80.248379,KOTTURPURAM,34
chennai_suburban,MLHS,"{""type"":""MultiPolygon"",""coordinates"":[[[[80.277074851,13.046024605],[80.277248954,13.045951714],[80.2772253,13.045842016],[80.277132742,13.045522698],[80.277062729,13.045304658],[80.277001223,13.045105509],[80.276891348,13.044811196],[80.276762702,13.044494552],[80.276692456,13.044257905],[80.276643715,13.044106417],[80.276563181,13.044091525],[80.27640845,13.044159233],[80.276352391,13.044196421],[80.27638657,13.044282302],[80.276525446,13.044711507],[80.276602208,13.045030796],[80.276757233,13.045454344],[80.276878298,13.04576289],[80.276986841,13.045999679],[80.277074851,13.046024605]]]]}","[{""gateName"":""A"",""stopCode"":""MLHS"",""lat"":13.04515368,""lon"":80.27699222}]",13.045875,80.276974,LIGHT HOUSE,35
chennai_suburban,MBM,"{""type"":""MultiPolygon"",""coordinates"":[[[[80.228966145,13.042156611],[80.229037388,13.042632495],[80.229336178,13.042702984],[80.229220244,13.042181045],[80.228963611,13.041472839],[80.228795854,13.040804502],[80.228702662,13.040448323],[80.228637225,13.040192655],[80.228510407,13.039892331],[80.228445955,13.039633492],[80.228321999,13.039142588],[80.228214476,13.038707352],[80.228071041,13.038207349],[80.22791671,13.03765175],[80.227993804,13.037585311],[80.228087712,13.037556569],[80.228087706,13.037519468],[80.228034663,13.037415248],[80.227962169,13.037263072],[80.227936421,13.037104626],[80.227836617,13.037117348],[80.227772988,13.036911379],[80.227800246,13.036860715],[80.227745655,13.036849069],[80.227632298,13.036512568],[80.227603343,13.036336862],[80.227570632,13.036235454],[80.227342331,13.036187714],[80.227211778,13.03625099],[80.227229448,13.036544642],[80.227295702,13.036899564],[80.227393417,13.037201315],[80.227343359,13.037315816],[80.227324357,13.037436135],[80.227491118,13.037681134],[80.227575247,13.037883493],[80.227582037,13.038069061],[80.227505814,13.038084069],[80.227518194,13.038229574],[80.227656124,13.038186306],[80.227730476,13.038505444],[80.227841391,13.03881462],[80.227882449,13.039095617],[80.228081127,13.039289022],[80.228271319,13.039767886],[80.228431275,13.040410987],[80.228599826,13.040997076],[80.228763573,13.041623851],[80.228966145,13.042156611]]]]}","[{""gateName"":""A1"",""stopCode"":""MBM"",""lat"":13.0370545855205,""lon"":80.2277267281686},{""gateName"":""A2"",""stopCode"":""MBM"",""lat"":13.0375681267869,""lon"":80.227890565521},{""gateName"":""A3"",""stopCode"":""MBM"",""lat"":13.0424630724689,""lon"":80.2292296415642},{""gateName"":""B1"",""stopCode"":""MBM"",""lat"":13.0372522808365,""lon"":80.2273779499432},{""gateName"":""B2"",""stopCode"":""MBM"",""lat"":13.0381600367843,""lon"":80.2276020161097}]",13.04150247,80.22877073,MAMBALAM,36
chennai_suburban,MAF,"{""type"":""MultiPolygon"",""coordinates"":[[[[79.802459164,13.096868761],[79.802713073,13.096915336],[79.802622335,13.096395223],[79.802042817,13.096329738],[79.801504943,13.096328156],[79.800501035,13.096313231],[79.800026488,13.096338563],[79.79951101,13.096510009],[79.799517837,13.096838184],[79.799968729,13.096870736],[79.80058492,13.096924818],[79.801127404,13.096953089],[79.801392804,13.096915308],[79.801811392,13.096859342],[79.802459164,13.096868761]]]]}","[{""gateName"":""A1"",""stopCode"":""MAF"",""lat"":13.0969093692447,""lon"":79.8013211687518}]",13.096637,79.801608,MANAVUR,37
chennai_suburban,MNDY,"{""type"":""MultiPolygon"",""coordinates"":[[[[80.261148941,13.029018335],[80.26114849,13.028818148],[80.261055383,13.028477313],[80.260974558,13.028205384],[80.260903806,13.028025838],[80.260726612,13.027629207],[80.260653305,13.027444858],[80.260554935,13.027236167],[80.260493903,13.027169481],[80.260399866,13.027189046],[80.260295409,13.026925192],[80.260230332,13.026672409],[80.260163599,13.026580015],[80.260067389,13.026605121],[80.259886087,13.026736502],[80.259932477,13.026896695],[80.260089165,13.027338211],[80.260268516,13.027750747],[80.260332751,13.027927152],[80.260423148,13.028119044],[80.260513892,13.028374608],[80.26060675,13.028562108],[80.260739194,13.028819225],[80.260830524,13.029005294],[80.260897737,13.029123016],[80.260965068,13.029137301],[80.261148941,13.029018335]]]]}","[{""gateName"":""A"",""stopCode"":""MNDY"",""lat"":13.02795976,""lon"":80.26080194}]",13.028885,80.260853,MANDAVELI,38
chennai_suburban,MMNK,"{""type"":""MultiPolygon"",""coordinates"":[[[[80.021078834,12.798581024],[80.021630569,12.799274611],[80.02169348,12.799086602],[80.021322927,12.79857939],[80.021405156,12.798407983],[80.02121909,12.79804071],[80.020829946,12.797472167],[80.020495776,12.796949412],[80.020344585,12.796654463],[80.020353155,12.796521238],[80.020675213,12.796380755],[80.020851473,12.796279523],[80.02112636,12.796111663],[80.021182272,12.796133711],[80.021222131,12.796114149],[80.021136627,12.795954275],[80.021072426,12.795969712],[80.021052453,12.796007994],[80.021103058,12.796067725],[80.020635524,12.79635789],[80.020364499,12.796460772],[80.020432311,12.796336453],[80.020313864,12.796314325],[80.019930687,12.796280459],[80.019882128,12.796143966],[80.019724418,12.796129866],[80.019625201,12.796237651],[80.019636574,12.796370944],[80.019658568,12.796529583],[80.01978444,12.796720132],[80.020385603,12.79766821],[80.021078834,12.798581024]]]]}","[{""gateName"":""A1"",""stopCode"":""MMNK"",""lat"":12.796398799151,""lon"":80.0202367740709},{""gateName"":""R1"",""stopCode"":""MMNK"",""lat"":12.7960792463849,""lon"":80.0211429252484}]",12.79676,80.020001,MARAIMALAI NAGAR KAMARAJAR,39
chennai_suburban,MASS,"{""type"":""MultiPolygon"",""coordinates"":[[[[80.273565902,13.08339371],[80.273815343,13.083494055],[80.273748575,13.084299025],[80.274321659,13.084326642],[80.274503723,13.083600312],[80.274721427,13.083659198],[80.274627382,13.084237195],[80.274182195,13.087500147],[80.274299112,13.088103532],[80.274812955,13.08815339],[80.27539193,13.086819915],[80.275804783,13.084040053],[80.27594249,13.084009331],[80.276249535,13.081928601],[80.275999006,13.081840212],[80.275730897,13.081816995],[80.275459961,13.081792372],[80.275197683,13.081811626],[80.274772338,13.081787792],[80.274482214,13.081818791],[80.273968296,13.081750689],[80.273383772,13.081632291],[80.273308076,13.08203847],[80.273469214,13.082165855],[80.273610695,13.082670176],[80.273545607,13.083034854],[80.273622542,13.083078301],[80.273565902,13.08339371]]]]}","[{""gateName"":""Station Entry  Wall Tax road"",""stopCode"":""MASS"",""lat"":13.082250229954605,""lon"":80.27607377262525},{""gateName"":""Near National Flag "",""stopCode"":""MASS"",""lat"":13.08232537100175,""lon"":80.27566453841929},{""gateName"":""Near Platform Ticket Counter"",""stopCode"":""MASS"",""lat"":13.082292666926127,""lon"":80.2750910193842},{""gateName"":""MRTS (SubUrban) Terminal"",""stopCode"":""MASS"",""lat"":13.082804637053354,""lon"":80.27388376441768},{""gateName"":""Central Metro Exit "",""stopCode"":""MASS"",""lat"":13.081846535622567,""lon"":80.2740345965431}]",13.083037,80.27479,CHENNAI CENTRAL SUBURBAN,40
chennai_suburban,MPK,"{""type"":""MultiPolygon"",""coordinates"":[[[[80.273565902,13.08339371],[80.273815343,13.083494055],[80.273748575,13.084299025],[80.274321659,13.084326642],[80.274503723,13.083600312],[80.274721427,13.083659198],[80.274627382,13.084237195],[80.274182195,13.087500147],[80.274299112,13.088103532],[80.274812955,13.08815339],[80.27539193,13.086819915],[80.275804783,13.084040053],[80.27594249,13.084009331],[80.276249535,13.081928601],[80.275999006,13.081840212],[80.275730897,13.081816995],[80.275459961,13.081792372],[80.275197683,13.081811626],[80.274772338,13.081787792],[80.274482214,13.081818791],[80.273968296,13.081750689],[80.273383772,13.081632291],[80.273308076,13.08203847],[80.273469214,13.082165855],[80.273610695,13.082670176],[80.273545607,13.083034854],[80.273622542,13.083078301],[80.273565902,13.08339371]]]]}","[{""gateName"":""Station Entry  Wall Tax road"",""stopCode"":""MPK"",""lat"":13.082250229954605,""lon"":80.27607377262525},{""gateName"":""Near National Flag "",""stopCode"":""MPK"",""lat"":13.08232537100175,""lon"":80.27566453841929},{""gateName"":""Near Platform Ticket Counter"",""stopCode"":""MPK"",""lat"":13.082292666926127,""lon"":80.2750910193842},{""gateName"":""MRTS (SubUrban) Terminal"",""stopCode"":""MPK"",""lat"":13.082804637053354,""lon"":80.27388376441768},{""gateName"":""Central Metro Exit "",""stopCode"":""MPK"",""lat"":13.081846535622567,""lon"":80.2740345965431}]",13.080734135583,80.272890301421,CHENNAI PARK,41
chennai_suburban,MN,"{""type"":""MultiPolygon"",""coordinates"":[[[[80.176795232,12.98547169],[80.176753106,12.985211588],[80.176497496,12.984974899],[80.175781625,12.984636386],[80.175238176,12.984363928],[80.174741688,12.984168159],[80.174364776,12.983958615],[80.173753944,12.983730981],[80.173155254,12.983464482],[80.173244119,12.98364106],[80.17342713,12.983939049],[80.17378084,12.984198353],[80.174125628,12.98441314],[80.174425779,12.984569408],[80.174748755,12.984725308],[80.174994627,12.984913344],[80.175272269,12.985039892],[80.175662261,12.985180255],[80.176380698,12.985420517],[80.176795232,12.98547169]]]]}","[{""gateName"":""S1"",""stopCode"":""MN"",""lat"":12.9853603567405,""lon"":80.1765965631419},{""gateName"":""B1"",""stopCode"":""MN"",""lat"":12.9851151819316,""lon"":80.1756977431988}]",12.98469755,80.17524851,MINAMBAKKAM,42
chennai_suburban,MJR,"{""type"":""MultiPolygon"",""coordinates"":[[[[80.258360964,13.282972785],[80.258336808,13.283152544],[80.258713125,13.283169892],[80.259142971,13.282834457],[80.259784813,13.282323115],[80.2607305,13.281502157],[80.260760462,13.281661125],[80.260856874,13.281607991],[80.260863222,13.281478059],[80.261114065,13.281268103],[80.261124951,13.281152572],[80.260723565,13.28070414],[80.260120329,13.281228404],[80.260097225,13.281508365],[80.25984804,13.281715],[80.259300665,13.282159033],[80.258360964,13.282972785]]]]}","[{""gateName"":""B1"",""stopCode"":""MJR"",""lat"":13.2810333627289,""lon"":80.2605575086453},{""gateName"":""A1"",""stopCode"":""MJR"",""lat"":13.2814780636688,""lon"":80.2608082771376}]",13.282025,80.259837,MINJUR,43
chennai_suburban,MSU,"{""type"":""MultiPolygon"",""coordinates"":[[[[79.713511024,13.085511021],[79.714005688,13.085506083],[79.713828264,13.08498489],[79.713091475,13.084927001],[79.712342603,13.084894401],[79.711773171,13.084860973],[79.71078464,13.084810131],[79.71093665,13.085306061],[79.712173926,13.085419856],[79.713511024,13.085511021]]]]}","[{""gateName"":""B1"",""stopCode"":""MSU"",""lat"":13.0850938947088,""lon"":79.7137521958662}]",13.085278,79.712473,MOSUR,44
chennai_suburban,MKAK,"{""type"":""MultiPolygon"",""coordinates"":[[[[80.27065296,13.041440247],[80.270749693,13.04117802],[80.270707064,13.041124752],[80.27055648,13.041033869],[80.270405636,13.04089751],[80.270268142,13.04075574],[80.270208764,13.040664618],[80.270138023,13.040589218],[80.270064136,13.040509061],[80.270018208,13.040410105],[80.269982582,13.04027544],[80.269951925,13.040223928],[80.269930173,13.040187645],[80.269858789,13.040146924],[80.269710526,13.039769161],[80.269662568,13.039612924],[80.269521159,13.039605933],[80.269407734,13.039647303],[80.269397907,13.039701161],[80.269489997,13.040013217],[80.269574334,13.040244049],[80.269751414,13.040544344],[80.269807123,13.040646666],[80.270070351,13.040969257],[80.270287581,13.041193669],[80.270426298,13.041345734],[80.270538885,13.041390635],[80.27065296,13.041440247]]]]}","[{""gateName"":""A"",""stopCode"":""MKAK"",""lat"":13.04096078,""lon"":80.27010817}]",13.041182,80.270386,MUNDAKAKANNI AMMAN KOIL,45
chennai_suburban,NPKM,"{""type"":""MultiPolygon"",""coordinates"":[[[[80.274665563,13.269643554],[80.274839672,13.26985714],[80.275050508,13.269745245],[80.275334288,13.269523398],[80.275545192,13.269340873],[80.275764652,13.269137562],[80.276162406,13.268826248],[80.27644383,13.268668066],[80.276739324,13.268467602],[80.277008586,13.268248022],[80.277039218,13.268171672],[80.277065972,13.268091694],[80.27695533,13.267923442],[80.276844345,13.267916047],[80.276244,13.26827755],[80.275935397,13.268558553],[80.275615897,13.26878725],[80.275348006,13.269060725],[80.274872503,13.269467492],[80.274665563,13.269643554]]]]}","[{""gateName"":""B1"",""stopCode"":""NPKM"",""lat"":13.2680228794777,""lon"":80.2768866913265}]",13.2687,80.276032,NANDIYAMPAKKAM,46
chennai_suburban,NTT,"{""type"":""MultiPolygon"",""coordinates"":[[[[79.75494783,12.824186898],[79.756249105,12.823812268],[79.756742503,12.823710143],[79.75747022,12.823471353],[79.7574063,12.823264512],[79.756951289,12.823353381],[79.756073508,12.823684234],[79.756011565,12.82358147],[79.75579189,12.823614287],[79.755692943,12.82376107],[79.754899697,12.824052316],[79.75494783,12.824186898]]]]}","[{""gateName"":""B1"",""stopCode"":""NTT"",""lat"":12.8236534340953,""lon"":79.7558443796001}]",12.82364716,79.75601226,NATHAPETTAI,47
chennai_suburban,NEC,"{""type"":""MultiPolygon"",""coordinates"":[[[[80.043485777,13.12199132],[80.044196289,13.121922602],[80.04571382,13.12163178],[80.04664532,13.121468832],[80.047591544,13.121269388],[80.047505232,13.121063983],[80.046902207,13.120912372],[80.046274559,13.120957362],[80.045539534,13.12103356],[80.044751085,13.121207861],[80.043966936,13.121293781],[80.043470596,13.121414042],[80.043210423,13.121512252],[80.043179158,13.121724293],[80.043485777,13.12199132]]]]}","[{""gateName"":""B1"",""stopCode"":""NEC"",""lat"":13.1215576575678,""lon"":80.0434962378782},{""gateName"":""A1"",""stopCode"":""NEC"",""lat"":13.1220455352669,""lon"":80.0436239193441}]",13.12147,80.045185,NEMILICHERRY HALT,48
chennai_suburban,NBK,"{""type"":""MultiPolygon"",""coordinates"":[[[[80.232478376,13.065438865],[80.232462313,13.065527896],[80.232596019,13.065734292],[80.232584896,13.065932993],[80.232644451,13.065957733],[80.232915369,13.065940102],[80.233217162,13.065850483],[80.233286812,13.065649177],[80.233119896,13.065579293],[80.232998731,13.06536074],[80.232937728,13.065077205],[80.232898591,13.064645453],[80.232952205,13.064612056],[80.232898969,13.064368219],[80.232863435,13.064016579],[80.232804617,13.063633949],[80.232763421,13.063317726],[80.232683217,13.062806406],[80.232639595,13.062507504],[80.232582294,13.062231426],[80.232511969,13.061890395],[80.232443463,13.061520732],[80.232220651,13.06150528],[80.232260207,13.062114663],[80.232356079,13.062750012],[80.232362273,13.063080262],[80.232413897,13.063648402],[80.232491697,13.064200321],[80.232515296,13.064358377],[80.232617201,13.065008659],[80.232658553,13.065332445],[80.232478376,13.065438865]]]]}","[{""gateName"":""A1"",""stopCode"":""NBK"",""lat"":13.0657919424183,""lon"":80.2331103919229},{""gateName"":""B1"",""stopCode"":""NBK"",""lat"":13.065683671714,""lon"":80.2326304153063},{""gateName"":""BL1"",""stopCode"":""NBK"",""lat"":13.0659083219916,""lon"":80.2326223435784}]",13.06527764,80.23285281,NUNGAMBAKKAM,49
chennai_suburban,PZA,"{""type"":""MultiPolygon"",""coordinates"":[[[[80.185617681,12.98939041],[80.18542075,12.989257278],[80.185372387,12.98916741],[80.185316074,12.989157434],[80.185292753,12.989243344],[80.18524705,12.989478237],[80.185236389,12.989617316],[80.185225193,12.989663896],[80.185267992,12.989676867],[80.185311975,12.989583677],[80.185451644,12.989649373],[80.185550453,12.989760208],[80.185769848,12.989869562],[80.185942973,12.989982053],[80.186052861,12.990028699],[80.186233997,12.990013096],[80.18662293,12.990195208],[80.187098067,12.990412148],[80.187677911,12.990651287],[80.188156576,12.990814973],[80.18849105,12.990921061],[80.18947547,12.991157489],[80.191052739,12.991711699],[80.191156651,12.991689337],[80.191101284,12.991628311],[80.19080401,12.991494921],[80.189872083,12.991122631],[80.189602517,12.991008857],[80.188986985,12.990766145],[80.188490963,12.99059764],[80.188372074,12.990517343],[80.187764249,12.990336946],[80.187087019,12.990071994],[80.186828567,12.989947459],[80.186295415,12.989663952],[80.185977566,12.989547511],[80.185617681,12.98939041]]]]}","[{""gateName"":""A1"",""stopCode"":""PZA"",""lat"":12.9895949572922,""lon"":80.1860476753573},{""gateName"":""B1"",""stopCode"":""PZA"",""lat"":12.9898942621133,""lon"":80.185902055048},{""gateName"":""S1"",""stopCode"":""PZA"",""lat"":12.9891929558452,""lon"":80.1853083738819},{""gateName"":""S2"",""stopCode"":""PZA"",""lat"":12.9895886317203,""lon"":80.1852523971211},{""gateName"":""A2"",""stopCode"":""PZA"",""lat"":12.9905148988317,""lon"":80.1882751868869}]",12.99104415,80.1891505,PALAVANTANGAL,50
chennai_suburban,PYV,"{""type"":""MultiPolygon"",""coordinates"":[[[[79.876869443,12.776952934],[79.877505856,12.776803405],[79.877908782,12.776694678],[79.878382756,12.776548767],[79.878925543,12.776403263],[79.879514336,12.776243489],[79.879383162,12.776130198],[79.878928905,12.776223693],[79.878459643,12.7763347],[79.87779629,12.776496038],[79.877379448,12.776620844],[79.87686257,12.776773411],[79.876869443,12.776952934]]]]}","[{""gateName"":""A1"",""stopCode"":""PYV"",""lat"":12.7767406751465,""lon"":79.8777886358687}]",12.77648995,79.87761073,PALAYASIVARAM,51
chennai_suburban,PV,"{""type"":""MultiPolygon"",""coordinates"":[[[[80.151703588,12.967242358],[80.151540506,12.967405828],[80.151930829,12.967710936],[80.152202227,12.968195808],[80.152762652,12.96896132],[80.153181446,12.969491699],[80.153674288,12.970087549],[80.153686411,12.969902742],[80.153775244,12.969434921],[80.153768153,12.969162065],[80.153335772,12.968641658],[80.152938536,12.968113411],[80.152646962,12.967640403],[80.152377309,12.967249219],[80.152556939,12.967212479],[80.152453898,12.967013544],[80.152142289,12.966996875],[80.151703588,12.967242358]]]]}","[{""gateName"":""A1"",""stopCode"":""PV"",""lat"":12.9670384325111,""lon"":80.1521218532794},{""gateName"":""A2"",""stopCode"":""PV"",""lat"":12.9673064846681,""lon"":80.152306663712},{""gateName"":""B1"",""stopCode"":""PV"",""lat"":12.967596874179,""lon"":80.1519313122907},{""gateName"":""AL1"",""stopCode"":""PV"",""lat"":12.9671389521038,""lon"":80.1522794435708},{""gateName"":""BL1"",""stopCode"":""PV"",""lat"":12.967520088524,""lon"":80.1517722893603}]",12.96818726,80.15260422,PALLAVARAM,52
chennai_suburban,PVM,"{""type"":""MultiPolygon"",""coordinates"":[[[[80.166682547,13.11490537],[80.166813045,13.114849161],[80.167360319,13.114836942],[80.167556107,13.114684175],[80.167723326,13.114505541],[80.167671506,13.114431891],[80.167496778,13.114432766],[80.167121653,13.114418132],[80.166747555,13.114421567],[80.16645321,13.114402568],[80.166209028,13.11439378],[80.165880523,13.114384729],[80.165577294,13.114357588],[80.165286616,13.11434692],[80.164804032,13.114333031],[80.1646782,13.114532792],[80.164652785,13.114731234],[80.164919313,13.114802307],[80.165274133,13.114827785],[80.165516173,13.11487379],[80.165722887,13.114895272],[80.166031348,13.114919089],[80.166323552,13.114927263],[80.166462893,13.114917858],[80.166682547,13.11490537]]]]}","[{""gateName"":""A1"",""stopCode"":""PVM"",""lat"":13.1148757459108,""lon"":80.1664262473939}]",13.114582,80.166268,PATTARAVAKKAM,53
chennai_suburban,PAB,"{""type"":""MultiPolygon"",""coordinates"":[[[[80.065585059,13.119466102],[80.067219428,13.119289742],[80.066765968,13.118898426],[80.066507838,13.118542006],[80.065498385,13.118575858],[80.065168932,13.118512237],[80.064584812,13.11855891],[80.063958864,13.118620476],[80.064264853,13.119256476],[80.064448647,13.119590027],[80.065585059,13.119466102]]]]}","[{""gateName"":""B1"",""stopCode"":""PAB"",""lat"":13.1186177955398,""lon"":80.0649088540463}]",13.118774,80.065237,PATTABIRAM,54
chennai_suburban,PER,"{""type"":""MultiPolygon"",""coordinates"":[[[[80.243000306,13.107245395],[80.242159852,13.107303721],[80.242105928,13.107622199],[80.243032796,13.10767057],[80.24377672,13.107700205],[80.24395374,13.107834431],[80.244325329,13.107875962],[80.244288679,13.108232294],[80.244484632,13.108098754],[80.244681975,13.107944675],[80.244680633,13.107865862],[80.244885902,13.107874148],[80.244861727,13.107802624],[80.245062257,13.107830367],[80.245666585,13.107808047],[80.246107619,13.107850571],[80.246645849,13.107897953],[80.247295055,13.107992589],[80.247873823,13.108020223],[80.247625958,13.107621458],[80.246965224,13.107542133],[80.24599421,13.10747763],[80.245771797,13.107432171],[80.245583272,13.107427113],[80.245340753,13.107400808],[80.245191176,13.107392323],[80.245042894,13.107354901],[80.244902897,13.107284348],[80.24466585,13.107266734],[80.244350206,13.107256432],[80.244151859,13.107295185],[80.24354057,13.107270563],[80.243139834,13.107269438],[80.243000306,13.107245395]]]]}","[{""gateName"":""A1"",""stopCode"":""PER"",""lat"":13.1079428772854,""lon"":80.2444606329735},{""gateName"":""B1"",""stopCode"":""PER"",""lat"":13.1073495213377,""lon"":80.2448514010535}]",13.107617,80.246783,PERAMBUR,55
chennai_suburban,PCW,"{""type"":""MultiPolygon"",""coordinates"":[[[[80.239468393,13.107645634],[80.240672165,13.107574294],[80.240585234,13.10723652],[80.240048236,13.107182635],[80.239261987,13.107168644],[80.239012666,13.106677096],[80.238706258,13.106410595],[80.238340752,13.106877797],[80.237810621,13.106774897],[80.237517797,13.106801162],[80.237468376,13.106632611],[80.237459556,13.106574224],[80.237370144,13.106602693],[80.237339762,13.106698332],[80.237321071,13.106922563],[80.237330089,13.107276109],[80.237352839,13.107673072],[80.236800863,13.107755247],[80.236933975,13.107828649],[80.23753184,13.107729795],[80.238256124,13.107689274],[80.239468393,13.107645634]]]]}","[{""gateName"":""B1"",""stopCode"":""PCW"",""lat"":13.1066984763599,""lon"":80.2387544959314}]",13.107366,80.239047,PERAMBUR CARRIAGE WORKS,56
chennai_suburban,PEW,"{""type"":""MultiPolygon"",""coordinates"":[[[[80.227075446,13.108348049],[80.22710152,13.10833035],[80.227404493,13.108161291],[80.226913968,13.107908768],[80.226156051,13.107821874],[80.225421436,13.108030983],[80.224952709,13.108095162],[80.224270948,13.10822302],[80.224308746,13.108680387],[80.224688525,13.108676516],[80.224991301,13.108628655],[80.225576606,13.108573871],[80.226187191,13.108468544],[80.226810457,13.108424375],[80.227075446,13.108348049]]]]}","[{""gateName"":""A1"",""stopCode"":""PEW"",""lat"":13.10855795814,""lon"":80.2243314614831},{""gateName"":""B1"",""stopCode"":""PEW"",""lat"":13.1083526816311,""lon"":80.224305307714}]",13.108325,80.225518,PERAMBUR LOCO WORKS,57
chennai_suburban,PRGL,"{""type"":""MultiPolygon"",""coordinates"":[[[[80.094993267,12.904985779],[80.094491637,12.904271144],[80.094244662,12.904371026],[80.094225053,12.904410256],[80.094302169,12.904535106],[80.094519058,12.904854219],[80.094782351,12.905187552],[80.095014258,12.905512885],[80.095396225,12.905988394],[80.09559405,12.906242567],[80.095891759,12.906605592],[80.09643712,12.907307004],[80.096231768,12.906715078],[80.096242097,12.906660935],[80.096021079,12.90640266],[80.095704107,12.905973469],[80.09545453,12.905635072],[80.095230472,12.905320257],[80.094993267,12.904985779]]]]}","[{""gateName"":""A1"",""stopCode"":""PRGL"",""lat"":12.9044128748643,""lon"":80.0944180940723},{""gateName"":""B1"",""stopCode"":""PRGL"",""lat"":12.9044938533447,""lon"":80.0943057867108}]",12.904692,80.09451,PERUNGALALATTUR,58
chennai_suburban,PRGD,"{""type"":""MultiPolygon"",""coordinates"":[[[[80.232574861,12.976499118],[80.232771915,12.976214923],[80.232771913,12.975998569],[80.232540239,12.975646293],[80.231924845,12.975042943],[80.231446341,12.974559418],[80.23099316,12.974149444],[80.230731641,12.97388462],[80.230419739,12.973908188],[80.230367986,12.974302244],[80.230272354,12.974617986],[80.230777216,12.975167287],[80.231433476,12.975752622],[80.23174645,12.976132627],[80.232380769,12.976720397],[80.232455438,12.976625938],[80.232574861,12.976499118]]]]}","[{""gateName"":""A"",""stopCode"":""PRGD"",""lat"":12.97572451,""lon"":80.23247192},{""gateName"":""B"",""stopCode"":""PRGD"",""lat"":12.97426314,""lon"":80.23096026}]",12.976039,80.232135,PERUNGUDI,59
chennai_suburban,PON,"{""type"":""MultiPolygon"",""coordinates"":[[[[80.198960977,13.331818506],[80.19879328,13.332139382],[80.198681859,13.332138356],[80.198593702,13.332238069],[80.19866425,13.332291692],[80.198645573,13.3324048],[80.198741193,13.332452592],[80.198713118,13.33255927],[80.198738991,13.332810823],[80.198642602,13.332937976],[80.198507165,13.333147663],[80.198233351,13.333583333],[80.198634144,13.3338418],[80.198915858,13.333453942],[80.199106819,13.333200717],[80.199300975,13.332849817],[80.199551674,13.332493511],[80.19977642,13.332202011],[80.199995451,13.331688996],[80.200064016,13.331394463],[80.199629437,13.331269721],[80.19936944,13.331474886],[80.199240818,13.331787458],[80.198960977,13.331818506]]]]}","[{""gateName"":""B1"",""stopCode"":""PON"",""lat"":13.3319567991357,""lon"":80.1989853822779},{""gateName"":""A1"",""stopCode"":""PON"",""lat"":12.8207646297631,""lon"":80.0369859555145},{""gateName"":""R1"",""stopCode"":""PON"",""lat"":12.8206296205709,""lon"":80.0375298000668}]",13.332605,80.19901,PONNERI,60
chennai_suburban,PLMG,"{""type"":""MultiPolygon"",""coordinates"":[[[[79.68484473,13.083475341],[79.686832317,13.08354498],[79.688031997,13.083652474],[79.688049681,13.083505175],[79.687407948,13.083040323],[79.687037706,13.082828363],[79.684997418,13.082631814],[79.684236957,13.08279092],[79.684268578,13.083145876],[79.68484473,13.083475341]]]]}","[{""gateName"":""A1"",""stopCode"":""PLMG"",""lat"":13.0833136574291,""lon"":79.6849907421047}]",13.083282,79.685887,PULIYAMANGALAM,61
chennai_suburban,PTLR,"{""type"":""MultiPolygon"",""coordinates"":[[[[79.938042205,13.123759737],[79.938180589,13.123808237],[79.938529626,13.123382477],[79.938508218,13.123177902],[79.9379276,13.123089922],[79.937565895,13.123044297],[79.936888879,13.122915536],[79.936250321,13.122772213],[79.935888672,13.122686807],[79.935448433,13.122590546],[79.93539108,13.122981326],[79.93553658,13.123069855],[79.935984076,13.123118212],[79.936487939,13.123195513],[79.936972853,13.123265528],[79.937302465,13.123333603],[79.937718303,13.12354414],[79.938042205,13.123759737]]]]}","[{""gateName"":""A1"",""stopCode"":""PTLR"",""lat"":13.1236752780091,""lon"":79.9381484581145}]",13.123063,79.936792,PUTLUR HALT,62
chennai_suburban,RDY,"{""type"":""MultiPolygon"",""coordinates"":[[[[79.95271863,12.729609556],[79.953173742,12.728808826],[79.953574049,12.728127997],[79.953930236,12.727464355],[79.953982874,12.727187973],[79.953770932,12.727239633],[79.953247229,12.728075587],[79.952987596,12.728636105],[79.952815298,12.728974348],[79.952651158,12.729375954],[79.952575451,12.729517889],[79.95271863,12.729609556]]]]}","[{""gateName"":""B1"",""stopCode"":""RDY"",""lat"":12.7294836229096,""lon"":79.9526391846707}]",12.72850163,79.95307135,REDDIPALAYAM,63
chennai_suburban,RPM,"{""type"":""MultiPolygon"",""coordinates"":[[[[80.293166959,13.105345631],[80.293371034,13.105313202],[80.293483231,13.105295904],[80.293382735,13.105181023],[80.293216638,13.104936652],[80.293156728,13.104844065],[80.293221403,13.104815597],[80.293403767,13.104722873],[80.293729455,13.104494274],[80.294066248,13.104251335],[80.29448404,13.103812477],[80.294378568,13.103556864],[80.29428291,13.103297683],[80.294089148,13.103356335],[80.293411029,13.103931494],[80.292830515,13.104350621],[80.292282825,13.104712204],[80.291836175,13.104901667],[80.29144282,13.105071312],[80.291370527,13.105259432],[80.291570701,13.105408989],[80.291650073,13.105378739],[80.292264516,13.105168359],[80.292665597,13.104972877],[80.293063048,13.104848716],[80.293312421,13.105166776],[80.293178913,13.10526315],[80.293166959,13.105345631]]]]}","[{""gateName"":""A1"",""stopCode"":""RPM"",""lat"":13.1053147191157,""lon"":80.2934327964468},{""gateName"":""AL1"",""stopCode"":""RPM"",""lat"":13.1052480408495,""lon"":80.2933789504516}]",13.104138,80.293418,ROYAPURAM,64
chennai_suburban,SP,"{""type"":""MultiPolygon"",""coordinates"":[[[[80.223997352,13.025207284],[80.224487533,13.025114295],[80.224429627,13.024803829],[80.22438145,13.024566799],[80.224308558,13.024256898],[80.224115801,13.02373665],[80.224260059,13.023644009],[80.224290907,13.023555616],[80.224315383,13.023495462],[80.224342539,13.023418611],[80.224328306,13.023255057],[80.224277088,13.023232925],[80.224032726,13.023213859],[80.223938297,13.02281171],[80.223886869,13.02251586],[80.223767156,13.022511694],[80.223590772,13.022232821],[80.223432854,13.022146356],[80.223230372,13.021979461],[80.223298419,13.022478777],[80.223397238,13.023000632],[80.223470618,13.023306082],[80.223456764,13.02351562],[80.223468366,13.023624404],[80.223636008,13.023794832],[80.223832283,13.024464794],[80.224011551,13.025074569],[80.223997352,13.025207284]]]]}","[{""gateName"":""A1"",""stopCode"":""SP"",""lat"":13.0233620457041,""lon"":80.2241470419178},{""gateName"":""B1"",""stopCode"":""SP"",""lat"":13.0234287457281,""lon"":80.2236290569227}]",13.02381606,80.22398619,SAIDAPET,65
chennai_suburban,SPAM,"{""type"":""MultiPolygon"",""coordinates"":[[[[79.836247308,13.095009456],[79.836257311,13.094928384],[79.836147755,13.094551938],[79.835577123,13.094481988],[79.835178753,13.094454179],[79.834582697,13.094422856],[79.834049077,13.094393626],[79.833258075,13.094341131],[79.832450918,13.094300608],[79.832319347,13.09439953],[79.832190068,13.094642649],[79.832280607,13.094722207],[79.832280607,13.094722207],[79.833049751,13.094806611],[79.833585364,13.094835805],[79.834112503,13.094852884],[79.834661486,13.094869635],[79.835459556,13.094920978],[79.836247308,13.095009456]]]]}","[{""gateName"":""B1"",""stopCode"":""SPAM"",""lat"":13.0945643011091,""lon"":79.8360718356449}]",13.094652,79.834986,SENJI PANAMBAKKAM,66
chennai_suburban,SVR,"{""type"":""MultiPolygon"",""coordinates"":[[[[79.96489646,13.125264182],[79.965689925,13.125343291],[79.965984013,13.125521467],[79.966223748,13.125523527],[79.96629488,13.125325569],[79.967192073,13.125177192],[79.967865763,13.125176176],[79.967671637,13.124722427],[79.967200703,13.124653032],[79.96664791,13.124733658],[79.966163757,13.124803675],[79.965881785,13.124806308],[79.965559181,13.124816287],[79.964778279,13.124847271],[79.96489646,13.125264182]]]]}","[{""gateName"":""A1"",""stopCode"":""SVR"",""lat"":13.1253818083797,""lon"":79.9660776066347}]",13.125012,79.966714,SEVVAPET ROAD,67
chennai_suburban,SKL,"{""type"":""MultiPolygon"",""coordinates"":[[[[79.99879402,12.759896336],[79.999043156,12.760317271],[79.999621538,12.761026297],[80.000131375,12.761743502],[80.000464555,12.762169895],[80.000838525,12.762644459],[80.001227855,12.763098069],[80.001427927,12.762855818],[80.001555347,12.762611049],[80.001328793,12.762196234],[80.001069503,12.761773337],[80.000824119,12.761410335],[80.000370191,12.760969013],[80.000057094,12.760556222],[79.999657817,12.760307835],[79.999282021,12.759946035],[79.99879402,12.759896336]]]]}","[{""gateName"":""A1"",""stopCode"":""SKL"",""lat"":12.762135338822,""lon"":80.0012152916265}]",12.761822,80.000699,SINGAPERUMALKOIL,68
chennai_suburban,STM,"{""type"":""MultiPolygon"",""coordinates"":[[[[80.201189372,12.995646126],[80.201075476,12.995461765],[80.200668308,12.995082021],[80.20047578,12.994985672],[80.200304497,12.994709528],[80.200113728,12.994302534],[80.199264808,12.994380889],[80.198735298,12.994191966],[80.198501575,12.994274373],[80.198288655,12.994229702],[80.197319313,12.993929106],[80.197369584,12.994220677],[80.198054579,12.994694081],[80.19865839,12.994962554],[80.199360073,12.995207783],[80.199997805,12.995516084],[80.200290854,12.995912795],[80.200590347,12.996311446],[80.200983671,12.996500773],[80.201049047,12.996131549],[80.201124822,12.995783956],[80.201303504,12.99582948],[80.201189372,12.995646126]]]]}","[{""gateName"":""A1"",""stopCode"":""STM"",""lat"":12.994436680776,""lon"":80.1989342546415},{""gateName"":""A2"",""stopCode"":""STM"",""lat"":12.9947999412299,""lon"":80.1998490864793},{""gateName"":""S1"",""stopCode"":""STM"",""lat"":12.9955717582048,""lon"":80.2007324597571}]",12.99484802,80.19882424,ST. THOMAS MOUNT,69
chennai_suburban,TKO,"{""type"":""MultiPolygon"",""coordinates"":[[[[79.677329708,13.022080421],[79.677299428,13.021844541],[79.677221176,13.021855708],[79.677289171,13.022422925],[79.677350657,13.023122712],[79.67741467,13.024286121],[79.677378739,13.024584824],[79.677554696,13.02458302],[79.677585986,13.024364019],[79.677550352,13.024043776],[79.677504718,13.023664589],[79.67746718,13.023331077],[79.677425641,13.022969777],[79.67739762,13.022828049],[79.677388692,13.02259429],[79.677361939,13.022334598],[79.677329708,13.022080421]]]]}","[{""gateName"":""B1"",""stopCode"":""TKO"",""lat"":13.0245511308715,""lon"":79.6773892260289}]",13.02428143,79.6773306,TAKKOLAM,70
chennai_suburban,TBM,"{""type"":""MultiPolygon"",""coordinates"":[[[[80.11984456,12.924116969],[80.12033253,12.923524659],[80.120333214,12.92341118],[80.119987808,12.923444305],[80.119317243,12.924238024],[80.118590558,12.924579951],[80.117518603,12.924282366],[80.116946124,12.924730357],[80.116437615,12.925013453],[80.116485545,12.925085596],[80.116834766,12.92540604],[80.117272101,12.925831287],[80.117298455,12.925882943],[80.117343508,12.925954439],[80.117411549,12.926035527],[80.117457576,12.926087119],[80.117497092,12.926141148],[80.117819617,12.926440137],[80.118018781,12.926626179],[80.11862149,12.926616928],[80.11926553,12.926729069],[80.119800554,12.926878409],[80.120367801,12.926247851],[80.119404529,12.92510659],[80.119597766,12.924527624],[80.11984456,12.924116969]]]]}","[{""gateName"":""West Entrance"",""stopCode"":""TBM"",""lat"":12.925676866196357,""lon"":80.11728958379841},{""gateName"":""East Entrance"",""stopCode"":""TBM"",""lat"":12.924246639043515,""lon"":80.1195516416252},{""gateName"":""East Entrance Main Road"",""stopCode"":""TBM"",""lat"":12.923463481488247,""lon"":80.1200936203375},{""gateName"":""Bus Stop"",""stopCode"":""TBM"",""lat"":12.926289287690972,""lon"":80.11766235672752}]",12.92534508,80.11891922,TAMBARAM,71
chennai_suburban,TBMS,"{""type"":""MultiPolygon"",""coordinates"":[[[[80.131124969,12.936958305],[80.13114626,12.936871661],[80.131036463,12.936735255],[80.130954168,12.936625833],[80.130959193,12.93656472],[80.130906159,12.936440469],[80.130994995,12.936351172],[80.130959678,12.9362358],[80.130845824,12.936220963],[80.130824221,12.936299013],[80.130849775,12.93639848],[80.130779341,12.936527409],[80.130460515,12.936784089],[80.130527106,12.936889331],[80.130477198,12.936949205],[80.130615522,12.937109306],[80.13081444,12.937348715],[80.131144572,12.9377484],[80.131414903,12.938156481],[80.1316646,12.938515509],[80.132046028,12.938990223],[80.13228133,12.939272403],[80.132667445,12.939338125],[80.132374519,12.93888794],[80.132132292,12.938518851],[80.131891632,12.938201706],[80.131699354,12.937920986],[80.13148844,12.937542235],[80.131124969,12.936958305]]]]}","[{""gateName"":""A1"",""stopCode"":""TBMS"",""lat"":12.9366679759166,""lon"":80.1309045250833},{""gateName"":""B1"",""stopCode"":""TBMS"",""lat"":12.9369258739724,""lon"":80.1305229877454}]",12.93794896,80.13151066,TAMBARAM SANATORIUM,72
chennai_suburban,TRMN,"{""type"":""MultiPolygon"",""coordinates"":[[[[80.239582111,12.978781522],[80.239572236,12.97917255],[80.239962532,12.979080385],[80.240182783,12.979093622],[80.240380068,12.979050982],[80.240960359,12.978941388],[80.241671521,12.978875273],[80.241977978,12.97882631],[80.242279829,12.978778101],[80.242285835,12.978584413],[80.242261149,12.978426808],[80.242012601,12.978325534],[80.24142228,12.978148286],[80.240928608,12.978116319],[80.240577652,12.978106547],[80.240067283,12.978254857],[80.239582497,12.978386316],[80.239582111,12.978781522]]]]}","[{""gateName"":""A"",""stopCode"":""TRMN"",""lat"":12.97830028,""lon"":80.24096819},{""gateName"":""B"",""stopCode"":""TRMN"",""lat"":12.96714067,""lon"":80.21822584}]",12.978686,80.24167,TARAMANI,73
chennai_suburban,MTMY,"{""type"":""MultiPolygon"",""coordinates"":[[[[80.267267945,13.035412306],[80.267541674,13.035674059],[80.267718797,13.035533256],[80.267816241,13.035640786],[80.267826531,13.035630179],[80.267860694,13.035444134],[80.267798843,13.0353555],[80.267614292,13.035148498],[80.267257816,13.034778525],[80.266762915,13.034272201],[80.266417404,13.033941451],[80.266256415,13.033943681],[80.266182241,13.034148273],[80.266183751,13.03423224],[80.266450688,13.034464133],[80.266617052,13.034618273],[80.266896574,13.034973434],[80.267267945,13.035412306]]]]}","[{""gateName"":""A"",""stopCode"":""MTMY"",""lat"":13.03551374,""lon"":80.26766563}]",13.03541,80.267473,THIRUMAYILAI,74
chennai_suburban,TMLP,"{""type"":""MultiPolygon"",""coordinates"":[[[[79.673802633,12.956335671],[79.673805588,12.956935644],[79.674006504,12.956897914],[79.674022015,12.956493029],[79.674026973,12.956404127],[79.674041264,12.955985824],[79.674051922,12.955766104],[79.674110048,12.955080698],[79.673900593,12.955136541],[79.673800566,12.955592638],[79.673798578,12.955937124],[79.673802633,12.956335671]]]]}","[{""gateName"":""A1"",""stopCode"":""TMLP"",""lat"":12.9568330744086,""lon"":79.6740015436977}]",12.95624396,79.67377498,TIRUMALPUR,75
chennai_suburban,TI,"{""type"":""MultiPolygon"",""coordinates"":[[[[80.030666927,13.123835693],[80.029917201,13.123504359],[80.02983568,13.123352731],[80.029658554,13.123390432],[80.029517937,13.123407377],[80.029499096,13.123309943],[80.029309682,13.123420565],[80.02917426,13.123476812],[80.028641977,13.123520667],[80.02793791,13.123569933],[80.027504942,13.123594683],[80.026688864,13.123651769],[80.026187905,13.123716733],[80.025806452,13.123940171],[80.025742868,13.124171278],[80.026562756,13.124135798],[80.02745589,13.124092807],[80.027715728,13.124095879],[80.027731117,13.124127244],[80.028015176,13.124125426],[80.028365835,13.124131884],[80.029135558,13.124104277],[80.029783432,13.124050983],[80.030261422,13.124035677],[80.030666927,13.123835693]]]]}","[{""gateName"":""B1"",""stopCode"":""TI"",""lat"":13.1234670175652,""lon"":80.0294789583845},{""gateName"":""BL1"",""stopCode"":""TI"",""lat"":13.123418323551,""lon"":80.0297204961348}]",13.124014,80.026914,TIRUNINRAVUR,76
chennai_suburban,MTCN,"{""type"":""MultiPolygon"",""coordinates"":[[[[80.280488079,13.056202721],[80.280753318,13.05621332],[80.280848661,13.056179256],[80.280859866,13.056132935],[80.280830235,13.056105973],[80.280801625,13.055982316],[80.280814162,13.055742487],[80.280823527,13.055494116],[80.280849423,13.055237571],[80.280864844,13.05500061],[80.280881799,13.054797817],[80.28084618,13.0546848],[80.2808094,13.054455917],[80.280799599,13.05422732],[80.280727409,13.054181144],[80.280587066,13.054209012],[80.280483711,13.054240667],[80.280483888,13.054367737],[80.280447365,13.054874189],[80.280444232,13.055156434],[80.280416886,13.055594839],[80.280426453,13.055701412],[80.280415375,13.055905134],[80.280404273,13.056115113],[80.280488079,13.056202721]]]]}","[{""gateName"":""A"",""stopCode"":""MTCN"",""lat"":13.05519699,""lon"":80.28079431},{""gateName"":""B"",""stopCode"":""MTCN"",""lat"":13.05531425,""lon"":80.28048899}]",13.055982,80.28049,TIRUVALLIKENI,77
chennai_suburban,TYMR,"{""type"":""MultiPolygon"",""coordinates"":[[[[80.250765239,12.992534639],[80.251154164,12.991348331],[80.251529031,12.990326824],[80.251704859,12.989588392],[80.252039846,12.988338746],[80.251802972,12.988237317],[80.251873147,12.987971394],[80.251905164,12.987256499],[80.25182518,12.987319807],[80.251670898,12.987984272],[80.251526549,12.988093008],[80.251425805,12.988335209],[80.251252586,12.988929179],[80.251144672,12.989576899],[80.250882905,12.990283269],[80.250838794,12.990738715],[80.250770777,12.991055484],[80.250597785,12.991720955],[80.250569471,12.991988819],[80.250468622,12.992741691],[80.25064068,12.992654659],[80.250765239,12.992534639]]]]}","[{""gateName"":""A"",""stopCode"":""TYMR"",""lat"":12.98948673,""lon"":80.25122126}]",12.990599,80.251031,TIRUVANMIYUR,78
chennai_suburban,TVT,"{""type"":""MultiPolygon"",""coordinates"":[[[[80.295933115,13.157511064],[80.295863347,13.157437797],[80.295817555,13.157290045],[80.295385313,13.157809515],[80.295488594,13.158153095],[80.295545374,13.158231987],[80.295545374,13.158231987],[80.295681559,13.158521681],[80.295856228,13.158863809],[80.295931321,13.159009493],[80.296138962,13.159486952],[80.296563361,13.160478642],[80.296667486,13.160704058],[80.297086226,13.161156582],[80.297544045,13.161394941],[80.297550321,13.161290504],[80.297104257,13.160361995],[80.296991888,13.160079072],[80.296695606,13.159432607],[80.296592723,13.159274923],[80.296351374,13.158715071],[80.296351374,13.158715071],[80.296197962,13.158403267],[80.295997396,13.157965275],[80.296024482,13.157911219],[80.296014682,13.157802564],[80.296009158,13.157703638],[80.295937974,13.157687641],[80.295933115,13.157511064]]]]}","[{""gateName"":""A1"",""stopCode"":""TVT"",""lat"":13.1577689891375,""lon"":80.2959235583414},{""gateName"":""B1"",""stopCode"":""TVT"",""lat"":13.1579907030743,""lon"":80.295446636669}]",13.159532,80.296353,TIRUVOTTIYUR,79
chennai_suburban,TNP,"{""type"":""MultiPolygon"",""coordinates"":[[[[80.281587814,13.127713468],[80.281680191,13.128097949],[80.281785477,13.12807817],[80.28221231,13.12800744],[80.282304071,13.127927188],[80.282057766,13.127425957],[80.281852913,13.126952627],[80.281624389,13.126492372],[80.28132595,13.125958564],[80.280907685,13.1252728],[80.280652343,13.125452997],[80.280963346,13.126540928],[80.281406757,13.127412443],[80.281587814,13.127713468]]]]}","[{""gateName"":""B1"",""stopCode"":""TNP"",""lat"":13.1280897211297,""lon"":80.2817112925031}]",13.126956,80.281541,TONDIARPET,80
chennai_suburban,UPM,"{""type"":""MultiPolygon"",""coordinates"":[[[[80.071084999,12.866476034],[80.071266498,12.866770334],[80.071534835,12.867140614],[80.071544616,12.867238506],[80.071707237,12.86751493],[80.072024765,12.86791007],[80.072319319,12.86838749],[80.072612417,12.868775559],[80.072922066,12.869170411],[80.07314015,12.869453937],[80.073359755,12.869192698],[80.073020865,12.868584324],[80.072625266,12.868015169],[80.072275451,12.867453444],[80.072339227,12.867176416],[80.072329492,12.866907566],[80.072287078,12.866782168],[80.072113374,12.866814555],[80.071908799,12.866891849],[80.071343528,12.866420429],[80.071084999,12.866476034]]]]}","[{""gateName"":""A1"",""stopCode"":""UPM"",""lat"":12.8669575196075,""lon"":80.0721827749387},{""gateName"":""B1"",""stopCode"":""UPM"",""lat"":12.8673954684214,""lon"":80.0716812379542}]",12.867348,80.071818,URAPPAKKAM,81
chennai_suburban,VDR,"{""type"":""MultiPolygon"",""coordinates"":[[[[80.084339905,12.891950956],[80.084583636,12.891932609],[80.084904438,12.892389739],[80.085091357,12.892703649],[80.085403211,12.892550219],[80.08540955,12.892331577],[80.085219054,12.891987985],[80.085083249,12.891682859],[80.084912014,12.891332197],[80.08480782,12.891064241],[80.084544865,12.890525019],[80.08440964,12.89042274],[80.084310479,12.890259372],[80.08417288,12.890220853],[80.083816859,12.889643124],[80.083425895,12.889454136],[80.083272052,12.889594489],[80.084034548,12.890945896],[80.08400181,12.891152539],[80.083916633,12.891235871],[80.084247696,12.891748547],[80.084339905,12.891950956]]]]}","[{""gateName"":""A1"",""stopCode"":""VDR"",""lat"":12.8908906005903,""lon"":80.0846596612719},{""gateName"":""B1"",""stopCode"":""VDR"",""lat"":12.8917604150902,""lon"":80.084476584888}]",12.890356,80.083928,VANDALUR,82
chennai_suburban,VLCY,"{""type"":""MultiPolygon"",""coordinates"":[[[[80.217697421,12.966914072],[80.217739661,12.967213215],[80.21768963,12.967327054],[80.217757837,12.967550886],[80.217886384,12.967853844],[80.218041968,12.967968291],[80.218253462,12.968151113],[80.218610719,12.968170697],[80.219248252,12.968217677],[80.219385597,12.968196036],[80.219483971,12.968194191],[80.219699831,12.968169765],[80.219941055,12.968138564],[80.220411011,12.96803116],[80.22068296,12.967984899],[80.220762812,12.967731845],[80.220883019,12.967174387],[80.220861806,12.967008942],[80.220927541,12.966708502],[80.219436051,12.966718568],[80.218294479,12.966989239],[80.218213967,12.967021867],[80.218194159,12.966955539],[80.21816184,12.966785721],[80.217697421,12.966914072]]]]}","[{""gateName"":""A"",""stopCode"":""VLCY"",""lat"":12.96781097,""lon"":80.2183957}]",12.967256,80.22054,VELACHERY,83
chennai_suburban,VEU,"{""type"":""MultiPolygon"",""coordinates"":[[[[79.997339023,13.123937929],[79.998003889,13.123933062],[79.99854242,13.123943694],[79.999289797,13.123925941],[79.999938062,13.123934225],[80.000251051,13.123905538],[80.000269347,13.123583899],[79.999994244,13.123551688],[79.999403982,13.123570596],[79.998940739,13.123565344],[79.998370778,13.123566509],[79.998003759,13.123561273],[79.997566812,13.123573793],[79.997325623,13.123556137],[79.997231294,13.123550977],[79.997179902,13.123488763],[79.997193261,13.123688874],[79.997238926,13.124071249],[79.997282314,13.124075943],[79.997269174,13.123993618],[79.997342708,13.123985625],[79.997339023,13.123937929]]]]}","[{""gateName"":""B1"",""stopCode"":""VEU"",""lat"":13.1236018624771,""lon"":79.9972113611022},{""gateName"":""A1"",""stopCode"":""VEU"",""lat"":13.1239464658047,""lon"":79.9972482840704}]",13.123821,79.998751,VEPPAMPATTU,84
chennai_suburban,VLK,"{""type"":""MultiPolygon"",""coordinates"":[[[[80.208863354,13.110568639],[80.209243624,13.110668699],[80.209366406,13.110643038],[80.209369584,13.110522305],[80.209480337,13.110546487],[80.209884218,13.110408641],[80.210375412,13.110350495],[80.210742415,13.110296878],[80.211014843,13.110224463],[80.210973818,13.109819918],[80.210507659,13.109758547],[80.210481757,13.109614991],[80.210336338,13.109612237],[80.209964758,13.109643713],[80.209713965,13.109676398],[80.209352868,13.109737422],[80.209216462,13.10975086],[80.208832624,13.109788482],[80.208696648,13.110027115],[80.208113968,13.110181644],[80.207841007,13.110192072],[80.207530854,13.110237556],[80.207698119,13.110482524],[80.207948086,13.110619516],[80.208508948,13.110608479],[80.208863354,13.110568639]]]]}","[{""gateName"":""A1"",""stopCode"":""VLK"",""lat"":13.1105245583501,""lon"":80.2093415056273},{""gateName"":""B1"",""stopCode"":""VLK"",""lat"":13.1100256052708,""lon"":80.2088630454979}]",13.110224,80.209119,VILLIVAKKAM,85
chennai_suburban,VB,"{""type"":""MultiPolygon"",""coordinates"":[[[[79.933443084,12.752337051],[79.933409414,12.752557978],[79.933807863,12.752327173],[79.934203692,12.752056099],[79.934623107,12.751785806],[79.93442584,12.751631617],[79.934190067,12.751829726],[79.934178993,12.751836289],[79.933853991,12.752045526],[79.933729902,12.752127215],[79.933443084,12.752337051]]]]}","[{""gateName"":""B1"",""stopCode"":""VB"",""lat"":12.7517073696002,""lon"":79.9344776996932}]",12.75212289,79.93368707,VILLIYAMBAKKAM,86
chennai_suburban,VOC,"{""type"":""MultiPolygon"",""coordinates"":[[[[80.286983922,13.141896121],[80.287841564,13.141741714],[80.287841564,13.141741714],[80.288492999,13.141524688],[80.288025393,13.140335226],[80.287519342,13.139097903],[80.2870293,13.137945786],[80.2870293,13.137945786],[80.286255709,13.138193648],[80.286337553,13.140336811],[80.286575941,13.140581472],[80.286983922,13.141896121]]]]}","[{""gateName"":""A1"",""stopCode"":""VOC"",""lat"":13.1414559860354,""lon"":80.2884097343152}]",13.140246,80.287614,VOC NAGAR,87
chennai_suburban,VJM,"{""type"":""MultiPolygon"",""coordinates"":[[[[80.258708894,13.109363336],[80.258650274,13.109151401],[80.258540036,13.108943675],[80.25809411,13.108810841],[80.257893068,13.108681992],[80.257736433,13.108657306],[80.257409246,13.108745064],[80.25718548,13.108735857],[80.256860543,13.108666008],[80.256645485,13.108714017],[80.256274456,13.108691087],[80.255814327,13.108593728],[80.255731295,13.108676198],[80.255929542,13.108894862],[80.256258688,13.108955169],[80.25653515,13.109019294],[80.256810683,13.109123744],[80.257136961,13.109251767],[80.257200075,13.109333144],[80.257247871,13.109211956],[80.257379319,13.109188527],[80.258062437,13.109310219],[80.258708894,13.109363336]]]]}","[{""gateName"":""A1"",""stopCode"":""VJM"",""lat"":13.1092404638416,""lon"":80.2571805955143},{""gateName"":""B1"",""stopCode"":""VJM"",""lat"":13.1088029411947,""lon"":80.2573129028169}]",13.108968,80.258128,VYASARPADI JEEVA,88
chennai_suburban,WJ,"{""type"":""MultiPolygon"",""coordinates"":[[[[79.816415924,12.79802143],[79.816229515,12.798201728],[79.816182176,12.798429168],[79.816660298,12.798259484],[79.81738395,12.797866307],[79.817942793,12.797554441],[79.818458042,12.79725096],[79.818990445,12.796890955],[79.818921422,12.796736317],[79.818818344,12.7965736],[79.818447671,12.796719672],[79.818106885,12.796858206],[79.817630714,12.797228138],[79.81737594,12.797372977],[79.816856562,12.797674353],[79.816684514,12.797805167],[79.816415924,12.79802143]]]]}","[{""gateName"":""B1"",""stopCode"":""WJ"",""lat"":12.7966474649237,""lon"":79.8187165021391}]",12.79706326,79.81808625,WALAJABAD,89
chennai_suburban,WST,"{""type"":""MultiPolygon"",""coordinates"":[[[[80.28348718,13.108594981],[80.284323684,13.108158206],[80.284306344,13.108057978],[80.283672874,13.108264631],[80.282803096,13.108485208],[80.28246241,13.108484434],[80.282351504,13.10858637],[80.282236288,13.108648461],[80.281981119,13.108732494],[80.281832557,13.108772114],[80.281712971,13.108504029],[80.281517792,13.108560409],[80.281467825,13.108463078],[80.281417857,13.108399204],[80.281397037,13.108438741],[80.281458864,13.108703855],[80.281526488,13.108851215],[80.280835951,13.109036567],[80.281154682,13.109158463],[80.281623941,13.109137364],[80.282370361,13.108940677],[80.282903579,13.108787837],[80.28348718,13.108594981]]]]}","[{""gateName"":""B1"",""stopCode"":""WST"",""lat"":13.1088576315682,""lon"":80.2810712943889}]",13.108552,80.283183,WASHERMANPET,90
chennai_suburban,TLM,"{""type"":""MultiPolygon"",""coordinates"":[[[[80.162566896,12.979932701],[80.162360688,12.980355209],[80.163482126,12.98077197],[80.163617959,12.980849697],[80.163905751,12.980999978],[80.163737873,12.981398773],[80.163848658,12.981477489],[80.163765872,12.981777477],[80.163872682,12.981824776],[80.164024626,12.981612498],[80.164137019,12.981558379],[80.164283305,12.981153308],[80.164328038,12.981175232],[80.164435774,12.981189439],[80.164528563,12.98120467],[80.164629608,12.981230892],[80.164767093,12.981257457],[80.165017004,12.981181259],[80.165417421,12.981206782],[80.165552433,12.980923336],[80.16513777,12.980718417],[80.164639868,12.980515909],[80.164141319,12.980360718],[80.163352582,12.980160218],[80.162566896,12.979932701]]]]}",,12.97951,80.16227,TIRUSULAM,0
chennai_suburban,GDY,"{""type"":""MultiPolygon"",""coordinates"":[[[[80.213291162,13.007994883],[80.212923126,13.0080697],[80.212854561,13.008038408],[80.21263576,13.008113033],[80.211922294,13.00752275],[80.211643156,13.007889601],[80.212271298,13.008363443],[80.212088063,13.008757147],[80.21198133,13.009017841],[80.212071876,13.009044596],[80.212170556,13.00904841],[80.212371971,13.009067336],[80.212479892,13.009270928],[80.212990342,13.00939639],[80.213311016,13.009464522],[80.21346618,13.009527733],[80.213832896,13.009660792],[80.214656051,13.009929898],[80.214909142,13.009732875],[80.214328754,13.009362047],[80.213421023,13.008730927],[80.213336378,13.008579141],[80.21329291,13.008403067],[80.213464066,13.008289037],[80.213406996,13.008175882],[80.213355794,13.008096991],[80.213291162,13.007994883]]]]}",,13.00869,80.21305,GUINDY,0
chennai_suburban,WCN,"{""type"":""MultiPolygon"",""coordinates"":[[[[80.307187117,13.179376839],[80.307344847,13.179910092],[80.307447808,13.179915276],[80.307471755,13.179999372],[80.307651027,13.179954537],[80.307619954,13.179858757],[80.307646448,13.179838868],[80.307278743,13.178625599],[80.307321107,13.178612103],[80.307311761,13.178531795],[80.307275854,13.17853059],[80.307263769,13.178308833],[80.307247797,13.178253712],[80.306962134,13.178328976],[80.307028002,13.178549482],[80.306949505,13.178606376],[80.307122934,13.179174731],[80.307138868,13.179171326],[80.307204991,13.179367009],[80.307187117,13.179376839]]]]}",,13.18024,80.30571,WIMCO NAGAR,0
chennai_suburban,MAS,"{""type"":""MultiPolygon"",""coordinates"":[[[[80.271099799,13.081846353],[80.271214574,13.081179944],[80.273331164,13.081642585],[80.273280471,13.081888615],[80.273234288,13.082090033],[80.274746794,13.082562646],[80.274897407,13.082238413],[80.275042847,13.082181612],[80.275091889,13.081520038],[80.274829368,13.081491432],[80.274835317,13.081120136],[80.27455376,13.081072557],[80.274549578,13.081358479],[80.27347816,13.081274332],[80.273515761,13.080952425],[80.27331288,13.080921156],[80.273284374,13.081330556],[80.271151439,13.080861632],[80.271001022,13.08083128],[80.270897396,13.08182239],[80.271099799,13.081846353]]]]}",,13.08369,80.27424,CHENNAI CENTRAL SUBURBAN,0
chennai_suburban,MSB,"{""type"":""MultiPolygon"",""coordinates"":[[[[80.291333861,13.091222397],[80.29267004,13.09515271],[80.292990555,13.095034365],[80.292882292,13.094526352],[80.292798232,13.093876341],[80.293097625,13.093480821],[80.293007277,13.092717492],[80.292889298,13.091999212],[80.292465097,13.090329275],[80.291755254,13.088156524],[80.290740244,13.088692627],[80.29069732,13.088862566],[80.290973049,13.089907789],[80.291333861,13.091222397]]]]}","[{""gateName"":""A1"",""stopCode"":""MSB"",""lat"":13.0942121643496,""lon"":80.29245809},{""gateName"":""B1"",""stopCode"":""MSB"",""lat"":13.0912601895868,""lon"":80.29145809}]",13.092295629904,80.291892662644,CHENNAI BEACH JN.,0
chennai_suburban,PTMS,"{""type"":""MultiPolygon"",""coordinates"":[[[[80.060128987,13.138688094],[80.060167477,13.137379442],[80.060172776,13.136596111],[80.060187776,13.136041624],[80.060186423,13.135453598],[80.060202014,13.134944856],[80.060118876,13.134742447],[80.059778115,13.134747719],[80.059692215,13.135342016],[80.059729167,13.136057575],[80.059738654,13.136931412],[80.059769895,13.137594427],[80.059763301,13.138690195],[80.060128987,13.138688094]]]]}","[{""gateName"":""A"",""stopCode"":""PTMS"",""lat"":13.13649167384855,""lon"":80.06001488452367}]",13.136719,80.059878,PATTABIRAM M SIDING,0
chennai_suburban,SPE,"{""type"":""MultiPolygon"",""coordinates"":[[[[80.017746664,13.699110149],[80.017780095,13.699221249],[80.018024897,13.699287718],[80.018266332,13.699302197],[80.018371293,13.698800656],[80.018435657,13.698586201],[80.018581148,13.69805881],[80.018633621,13.697790955],[80.018723769,13.697250993],[80.018812573,13.697011574],[80.01888181,13.696610586],[80.018919427,13.696405862],[80.018976345,13.695953652],[80.019013652,13.695683021],[80.019013652,13.695683021]]]]}","[{""gateName"":""A"",""stopCode"":""SPE"",""lat"":13.697250993,""lon"":80.018723769}]",13.697250993,80.018723769,SPE,0
chennai_suburban,TMVL,"{""type"":""MultiPolygon"",""coordinates"":[[[[80.136747445,13.115535987],[80.137225364,13.115634494],[80.137429229,13.115590425],[80.137752473,13.115554406],[80.138115729,13.115483727],[80.138396834,13.115455769],[80.13883562,13.115391741],[80.138968609,13.115267109],[80.139020759,13.115130097],[80.139027445,13.115063407],[80.138997283,13.115047223],[80.138819729,13.115034179],[80.138148497,13.115064044],[80.137832857,13.115083794],[80.137412512,13.11505467],[80.136892219,13.115091292],[80.136503827,13.115107724],[80.136107116,13.11516187],[80.135918339,13.115205591],[80.136142801,13.115519947],[80.136747445,13.115535987]]]]}","[{""gateName"":""A1"",""stopCode"":""TMVL"",""lat"":13.1156016475145,""lon"":80.1372665},{""gateName"":""A2"",""stopCode"":""TMVL"",""lat"":13.1152189538393,""lon"":80.13723163}]",13.115509,80.136654,TIRUMULLAIVAYIL,0
chennai_suburban,TRT,"{""type"":""MultiPolygon"",""coordinates"":[[[[79.610807616,13.181574563],[79.611206445,13.181050288],[79.61152039,13.180681643],[79.61171196,13.180524935],[79.612013505,13.180285023],[79.612199708,13.180034806],[79.612451632,13.17968247],[79.612749184,13.179364989],[79.612918552,13.179168832],[79.612968399,13.179021909],[79.613295502,13.178576916],[79.613653287,13.178076118],[79.613857621,13.177717382],[79.613856664,13.177583058],[79.613707994,13.177510488],[79.613574411,13.177441797],[79.613403979,13.177555214],[79.613218218,13.177613789],[79.613114873,13.177716293],[79.612909143,13.178104567],[79.612500552,13.178587266],[79.612124508,13.178925897],[79.611983359,13.179063179],[79.611922069,13.179245536],[79.611933834,13.179388578],[79.611616594,13.179799913],[79.611468143,13.180008186],[79.611151568,13.180473795],[79.610892156,13.180806775],[79.610574585,13.181228012],[79.610268458,13.181442874],[79.610598088,13.181722342],[79.610807616,13.181574563]]]]}","[{""gateName"":""A1"",""stopCode"":""TRT"",""lat"":13.179179818784066,""lon"":79.61284717490256},{""gateName"":""A2"",""stopCode"":""TRT"",""lat"":13.179148466086493,""lon"":79.6120087923601}]",13.17992,79.61188,TIRUTTANI,0
delhi_metro,1,"{""type"":""MultiPolygon"",""coordinates"":[[[[77.289058,28.673175],[77.291032,28.673429],[77.290973,28.673782],[77.290769,28.673782],[77.290705,28.67406],[77.290539,28.674055],[77.290131,28.67542],[77.288173,28.674992],[77.288398,28.6731],[77.289058,28.673175]]]]}","[{""gateName"": ""Gate 2"", ""stopCode"": ""1"", ""lat"": 28.673824, ""lon"": 77.290721}, {""gateName"": ""Gate 1"", ""stopCode"": ""1"", ""lat"": 28.673594, ""lon"": 77.288462}, {""gateName"": ""Main Gate Towards Seelampur"", ""stopCode"": ""1"", ""lat"": 28.67477, ""lon"": 77.289203}, {""gateName"": ""Towards Dilshad Garden"", ""stopCode"": ""1"", ""lat"": 28.675109, ""lon"": 77.28916}]",28.673531,77.28727,Shahdara,
delhi_metro,2,"{""type"":""MultiPolygon"",""coordinates"":[[[[77.278433,28.671731],[77.278154,28.672724],[77.277467,28.672578],[77.27737,28.67287],[77.275884,28.672573],[77.276137,28.671326],[77.278433,28.671731]]]]}","[{""gateName"": ""Gate 1"", ""stopCode"": ""2"", ""lat"": 28.672408, ""lon"": 77.275994}, {""gateName"": ""Main Gate"", ""stopCode"": ""2"", ""lat"": 28.672387, ""lon"": 77.276845}, {""gateName"": ""Towards Shahdara Metro"", ""stopCode"": ""2"", ""lat"": 28.672677, ""lon"": 77.27721}]",28.671986,77.277931,Welcome,
delhi_metro,3,"{""type"":""MultiPolygon"",""coordinates"":[[[[77.265744,28.669547],[77.267959,28.669919],[77.267895,28.670239],[77.267417,28.670187],[77.267262,28.670921],[77.265781,28.670672],[77.265996,28.669952],[77.265636,28.669905],[77.265744,28.669547]]]]}","[{""gateName"": ""Towards Kashmere Gate"", ""stopCode"": ""3"", ""lat"": 28.67078, ""lon"": 77.266462}, {""gateName"": ""Gate 1"", ""stopCode"": ""3"", ""lat"": 28.670507, ""lon"": 77.26658}]",28.670324,77.267311,Seelampur,
delhi_metro,4,"{""type"":""MultiPolygon"",""coordinates"":[[[[77.252195,28.666402],[77.252769,28.667592],[77.25123,28.668101],[77.251374,28.668341],[77.251251,28.668369],[77.251326,28.669089],[77.250639,28.669235],[77.250489,28.668793],[77.249583,28.669],[77.249481,28.668185],[77.249668,28.66811],[77.249652,28.667903],[77.250983,28.66763],[77.250983,28.666858],[77.252195,28.666402]]]]}","[{""gateName"": ""Parking"", ""stopCode"": ""4"", ""lat"": 28.66666, ""lon"": 77.251648}, {""gateName"": ""Gate 2"", ""stopCode"": ""4"", ""lat"": 28.669127, ""lon"": 77.250747}, {""gateName"": ""Gate 1"", ""stopCode"": ""4"", ""lat"": 28.668134, ""lon"": 77.249797}]",28.668451,77.250404,Shastri Park,
delhi_metro,6,"{""type"":""MultiPolygon"",""coordinates"":[[[[77.21558,28.6667],[77.216948,28.666602],[77.216878,28.667472],[77.21566,28.667425],[77.21558,28.6667]]]]}","[{""gateName"": ""Footover Towards Lala Hardev Marg"", ""stopCode"": ""6"", ""lat"": 28.666715, ""lon"": 77.216342}, {""gateName"": ""Towards State bank"", ""stopCode"": ""6"", ""lat"": 28.666682, ""lon"": 77.216905}, {""gateName"": ""Gate 1"", ""stopCode"": ""6"", ""lat"": 28.66702, ""lon"": 77.216342}]",28.667137,77.216721,Tis Hazari,
delhi_metro,7,"{""type"":""MultiPolygon"",""coordinates"":[[[[77.206785,28.666124],[77.208491,28.666336],[77.208925,28.666326],[77.208925,28.666731],[77.20803,28.667216],[77.207423,28.666594],[77.206705,28.666467],[77.206785,28.666124]]]]}","[{""gateName"": ""Towards Hindu Rao Hospital"", ""stopCode"": ""7"", ""lat"": 28.666693, ""lon"": 77.208743}, {""gateName"": ""Entry Exit Gate"", ""stopCode"": ""7"", ""lat"": 28.666552, ""lon"": 77.207574}]",28.66571,77.206329,Pulbangash,
delhi_metro,8,"{""type"":""MultiPolygon"",""coordinates"":[[[[77.197991,28.666682],[77.198967,28.66639],[77.199927,28.666202],[77.200029,28.666508],[77.19968,28.66663],[77.199573,28.666964],[77.19871,28.667124],[77.198645,28.666908],[77.198125,28.667021],[77.197991,28.666682]]]]}","[{""gateName"": ""Gate 1"", ""stopCode"": ""8"", ""lat"": 28.666536, ""lon"": 77.198586}, {""gateName"": ""Gate 2"", ""stopCode"": ""8"", ""lat"": 28.666833, ""lon"": 77.19952}, {""gateName"": ""Gate 3"", ""stopCode"": ""8"", ""lat"": 28.666946, ""lon"": 77.199037}]",28.666632,77.196869,Pratap Nagar,
delhi_metro,9,"{""type"":""MultiPolygon"",""coordinates"":[[[[77.180824,28.670388],[77.180754,28.669969],[77.181758,28.669785],[77.181779,28.66971],[77.182787,28.669752],[77.182793,28.67018],[77.180824,28.670388]]]]}","[{""gateName"": ""Gate Towards Inderlok"", ""stopCode"": ""9"", ""lat"": 28.669808, ""lon"": 77.18186}, {""gateName"": ""Gate Towards Pratap Nagar"", ""stopCode"": ""9"", ""lat"": 28.670166, ""lon"": 77.182528}]",28.670135,77.181679,Shastri Nagar,
delhi_metro,11,"{""type"":""MultiPolygon"",""coordinates"":[[[[77.164675,28.681838],[77.165377,28.680869],[77.165667,28.680996],[77.165147,28.682436],[77.165334,28.68261],[77.164873,28.683754],[77.163945,28.683448],[77.164213,28.682813],[77.163591,28.68238],[77.164106,28.681551],[77.164675,28.681838]]]]}","[{""gateName"": ""Gate 1"", ""stopCode"": ""11"", ""lat"": 28.683024, ""lon"": 77.164315}, {""gateName"": ""Gate 2"", ""stopCode"": ""11"", ""lat"": 28.682864, ""lon"": 77.164857}, {""gateName"": ""Parking"", ""stopCode"": ""11"", ""lat"": 28.681937, ""lon"": 77.1646}]",28.682386,77.162552,Kanhaiya Nagar,
delhi_metro,12,"{""type"":""MultiPolygon"",""coordinates"":[[[[77.161636,28.689797],[77.161391,28.689728],[77.161425,28.68966],[77.161217,28.689583],[77.161341,28.689299],[77.16113,28.689225],[77.161633,28.688175],[77.161833,28.688232],[77.161966,28.687946],[77.162398,28.688103],[77.161912,28.689232],[77.162277,28.689374],[77.162198,28.689509],[77.16184,28.68938],[77.161636,28.689797]]]]}","[{""gateName"": ""Gate 3"", ""stopCode"": ""12"", ""lat"": 28.689107, ""lon"": 77.161253}, {""gateName"": ""Gate 4"", ""stopCode"": ""12"", ""lat"": 28.689421, ""lon"": 77.162126}, {""gateName"": ""Gate 2"", ""stopCode"": ""12"", ""lat"": 28.688635, ""lon"": 77.161532}, {""gateName"": ""Gate 1"", ""stopCode"": ""12"", ""lat"": 28.688271, ""lon"": 77.161654}]",28.688944,77.161774,Keshav Puram,
delhi_metro,14,"{""type"":""MultiPolygon"",""coordinates"":[[[[77.139999,28.698039],[77.141522,28.697371],[77.141227,28.69683],[77.141758,28.696623],[77.14207,28.697197],[77.141485,28.697442],[77.14163,28.697743],[77.141469,28.697828],[77.141506,28.698101],[77.141098,28.698228],[77.141007,28.698021],[77.139768,28.698524],[77.139672,28.698284],[77.140036,28.69811],[77.139999,28.698039]]]]}","[{""gateName"": ""Gate 2"", ""stopCode"": ""14"", ""lat"": 28.697188, ""lon"": 77.14178}, {""gateName"": ""Gate 3"", ""stopCode"": ""14"", ""lat"": 28.697861, ""lon"": 77.140557}, {""gateName"": ""Gate 1"", ""stopCode"": ""14"", ""lat"": 28.697795, ""lon"": 77.141506}, {""gateName"": ""Exit Kohat Enclave"", ""stopCode"": ""14"", ""lat"": 28.697559, ""lon"": 77.141136}]",28.697943,77.140465,Kohat Enclave,
delhi_metro,16,"{""type"":""MultiPolygon"",""coordinates"":[[[[77.12657968674529,28.70703691352658],[77.12576067520358,28.707015755617512],[77.12573019245632,28.7079363345847],[77.12654920399802,28.70795749249377],[77.12657968674529,28.70703691352658]]]]}","[{""gateName"": ""Gate No 2"", ""stopCode"": ""16"", ""lat"": 28.7071637, ""lon"": 77.1262325}, {""gateName"": ""Gate No 1"", ""stopCode"": ""16"", ""lat"": 28.7073378, ""lon"": 77.126093}, {""gateName"": ""Gate No 3"", ""stopCode"": ""16"", ""lat"": 28.707813, ""lon"": 77.126211}]",28.707941,77.125732,Rohini East,
delhi_metro,17,"{""type"":""MultiPolygon"",""coordinates"":[[[[77.11629145064008,28.71495959748339],[77.11623299209678,28.714237721638252],[77.11518089313103,28.714304183362078],[77.1152393516743,28.71502605920722],[77.11629145064008,28.71495959748339]]]]}","[{""gateName"": ""Gate No 3"", ""stopCode"": ""17"", ""lat"": 28.7147544, ""lon"": 77.1161208}, {""gateName"": ""Gate No 1"", ""stopCode"": ""17"", ""lat"": 28.7144862, ""lon"": 77.1157185}, {""gateName"": ""Gate No 2"", ""stopCode"": ""17"", ""lat"": 28.7148015, ""lon"": 77.1153752}]",28.715008,77.115746,Rohini West,
delhi_metro,18,"{""type"":""MultiPolygon"",""coordinates"":[[[[77.107555,28.719761],[77.108338,28.720654],[77.106656,28.721834],[77.106281,28.721373],[77.106527,28.721147],[77.106527,28.720978],[77.106409,28.720827],[77.107225,28.720197],[77.107085,28.720018],[77.107555,28.719761]]]]}","[{""gateName"": ""Gate 1"", ""stopCode"": ""18"", ""lat"": 28.720172, ""lon"": 77.107598}, {""gateName"": ""Towards Sector 25"", ""stopCode"": ""18"", ""lat"": 28.72108, ""lon"": 77.106699}, {""gateName"": ""Gate 3"", ""stopCode"": ""18"", ""lat"": 28.720295, ""lon"": 77.107911}, {""gateName"": ""Gate 3 Towards Adventure Island"", ""stopCode"": ""18"", ""lat"": 28.720664, ""lon"": 77.108276}, {""gateName"": ""Gate 2"", ""stopCode"": ""18"", ""lat"": 28.720652, ""lon"": 77.107058}]",28.720821,77.105042,Rithala,
delhi_metro,19,"{""type"":""MultiPolygon"",""coordinates"":[[[[77.215302,28.694404],[77.215956,28.695608],[77.215731,28.695684],[77.215586,28.695707],[77.21543,28.695401],[77.214116,28.695759],[77.213778,28.695326],[77.213113,28.695547],[77.21292,28.695208],[77.215302,28.694404]]]]}","[{""gateName"": ""Gate 1"", ""stopCode"": ""19"", ""lat"": 28.695279, ""lon"": 77.214454}, {""gateName"": ""Gate 2"", ""stopCode"": ""19"", ""lat"": 28.695079, ""lon"": 77.215272}, {""gateName"": ""Gate 3"", ""stopCode"": ""19"", ""lat"": 28.694912, ""lon"": 77.214645}, {""gateName"": ""Gate 4"", ""stopCode"": ""19"", ""lat"": 28.695176, ""lon"": 77.213977}, {""gateName"": ""Towards University"", ""stopCode"": ""19"", ""lat"": 28.695422, ""lon"": 77.213048}]",28.694765,77.212418,Vishwavidyalaya,
delhi_metro,20,"{""type"":""MultiPolygon"",""coordinates"":[[[[77.222019,28.686158],[77.221719,28.688379],[77.221161,28.68852],[77.221,28.688464],[77.221054,28.687936],[77.221311,28.687955],[77.221612,28.686082],[77.222019,28.686158]]]]}","[{""gateName"": ""Gate 1"", ""stopCode"": ""20"", ""lat"": 28.686206, ""lon"": 77.221917}, {""gateName"": ""Gate 2"", ""stopCode"": ""20"", ""lat"": 28.687848, ""lon"": 77.221611}, {""gateName"": ""Gate 3"", ""stopCode"": ""20"", ""lat"": 28.688097, ""lon"": 77.221337}]",28.687845,77.221626,Vidhan Sabha,
delhi_metro,21,"{""type"":""MultiPolygon"",""coordinates"":[[[[77.22523,28.676649],[77.225171,28.677167],[77.224898,28.677172],[77.224431,28.678696],[77.224817,28.678715],[77.224764,28.679035],[77.224109,28.67895],[77.224581,28.677341],[77.224442,28.677256],[77.224624,28.676564],[77.22523,28.676649]]]]}","[{""gateName"": ""Gate 1"", ""stopCode"": ""21"", ""lat"": 28.67691, ""lon"": 77.224746}, {""gateName"": ""Gate 3"", ""stopCode"": ""21"", ""lat"": 28.676788, ""lon"": 77.224982}, {""gateName"": ""Gate 2"", ""stopCode"": ""21"", ""lat"": 28.678938, ""lon"": 77.224567}]",28.676945,77.224953,Civil Lines,
delhi_metro,22,"{""type"":""MultiPolygon"",""coordinates"":[[[[77.226369,28.668412],[77.226626,28.667131],[77.227399,28.666849],[77.228236,28.667131],[77.229239,28.667056],[77.229845,28.667282],[77.231025,28.667734],[77.232248,28.66828],[77.231562,28.669899],[77.228526,28.669033],[77.228276,28.669618],[77.22658,28.669213],[77.226645,28.668968],[77.226312,28.668893],[77.226459,28.668488],[77.226369,28.668412]]]]}","[{""gateName"": ""Gate 3"", ""stopCode"": ""22"", ""lat"": 28.668468, ""lon"": 77.226884}, {""gateName"": ""Gate 7"", ""stopCode"": ""22"", ""lat"": 28.668186, ""lon"": 77.229588}, {""gateName"": ""ISBT Gate"", ""stopCode"": ""22"", ""lat"": 28.6686, ""lon"": 77.232012}, {""gateName"": ""Car Parking"", ""stopCode"": ""22"", ""lat"": 28.666905, ""lon"": 77.227399}, {""gateName"": ""ISBT Car Parking"", ""stopCode"": ""22"", ""lat"": 28.669033, ""lon"": 77.229073}, {""gateName"": ""Below Metro Line Flyover"", ""stopCode"": ""22"", ""lat"": 28.667338, ""lon"": 77.228837}]",28.667879,77.228012,Kashmere Gate,
delhi_metro,23,"{""type"":""MultiPolygon"",""coordinates"":[[[[77.228342,28.660104],[77.228063,28.65679],[77.229072,28.656708],[77.230116,28.656852],[77.230161,28.658255],[77.231302,28.658384],[77.231574,28.658158],[77.231652,28.658196],[77.231692,28.658092],[77.231716,28.658177],[77.231763,28.658186],[77.231566,28.659725],[77.23143,28.660157],[77.228342,28.660104]]]]}","[{""gateName"": ""Gate 2"", ""stopCode"": ""23"", ""lat"": 28.660091, ""lon"": 77.230209}, {""gateName"": ""Gate 1"", ""stopCode"": ""23"", ""lat"": 28.658626, ""lon"": 77.230374}, {""gateName"": ""Chandni Chowk-1"", ""stopCode"": ""23"", ""lat"": 28.658895, ""lon"": 77.229483}]",28.656443,77.229218,Chandni Chowk,
delhi_metro,24,"{""type"":""MultiPolygon"",""coordinates"":[[[[77.226156,28.648675],[77.226738,28.648873],[77.227074,28.649273],[77.227022,28.649468],[77.226923,28.649581],[77.226411,28.649635],[77.226057,28.649078],[77.226156,28.648675]]]]}","[{""gateName"": ""Gate 1"", ""stopCode"": ""24"", ""lat"": 28.648764, ""lon"": 77.226154}, {""gateName"": ""Gate 2"", ""stopCode"": ""24"", ""lat"": 28.649334, ""lon"": 77.226322}, {""gateName"": ""Gate 3"", ""stopCode"": ""24"", ""lat"": 28.649336, ""lon"": 77.226781}]",28.649635,77.22628,Chawri Bazar,
delhi_metro,26,"{""type"":""MultiPolygon"",""coordinates"":[[[[77.218529,28.633626],[77.218191,28.63292],[77.218309,28.63228],[77.218679,28.631752],[77.219286,28.631456],[77.220278,28.631531],[77.221034,28.632011],[77.221265,28.632774],[77.221147,28.633386],[77.220696,28.633885],[77.220138,28.634125],[77.219527,28.63413],[77.219006,28.633984],[77.218529,28.633626]]]]}","[{""gateName"": ""Gate 6"", ""stopCode"": ""26"", ""lat"": 28.631696, ""lon"": 77.219006}, {""gateName"": ""Gate 5"", ""stopCode"": ""26"", ""lat"": 28.631636, ""lon"": 77.220158}, {""gateName"": ""Gate 4"", ""stopCode"": ""26"", ""lat"": 28.633236, ""lon"": 77.221005}, {""gateName"": ""Gate 3"", ""stopCode"": ""26"", ""lat"": 28.633706, ""lon"": 77.220769}, {""gateName"": ""Gate 7"", ""stopCode"": ""26"", ""lat"": 28.632341, ""lon"": 77.218527}, {""gateName"": ""Gate 1"", ""stopCode"": ""26"", ""lat"": 28.633513, ""lon"": 77.218677}, {""gateName"": ""Gate 2"", ""stopCode"": ""26"", ""lat"": 28.633918, ""lon"": 77.219471}]",28.632896,77.219574,Rajiv Chowk,
delhi_metro,27,"{""type"":""MultiPolygon"",""coordinates"":[[[[77.214638,28.622471],[77.215066,28.623014],[77.214777,28.623302],[77.215088,28.624008],[77.215023,28.62405],[77.215013,28.624276],[77.21475,28.624356],[77.213993,28.622878],[77.213862,28.622694],[77.214236,28.62249],[77.214187,28.62233],[77.214314,28.622257],[77.214448,28.622344],[77.214781,28.62212],[77.214912,28.622253],[77.214638,28.622471]]]]}","[{""gateName"": ""Gate 1"", ""stopCode"": ""27"", ""lat"": 28.62301, ""lon"": 77.214503}, {""gateName"": ""Gate 2 Towards Janpath"", ""stopCode"": ""27"", ""lat"": 28.622442, ""lon"": 77.214344}, {""gateName"": ""Gate 3 Parking Zone"", ""stopCode"": ""27"", ""lat"": 28.622675, ""lon"": 77.214549}, {""gateName"": ""Gate 4 Bus Stand"", ""stopCode"": ""27"", ""lat"": 28.622334, ""lon"": 77.214686}]",28.622967,77.212288,Patel Chowk,
delhi_metro,28,"{""type"":""MultiPolygon"",""coordinates"":[[[[77.212515,28.614758],[77.212563,28.61537],[77.212429,28.615379],[77.212574,28.616585],[77.212879,28.616858],[77.213491,28.616834],[77.213502,28.617028],[77.212885,28.617051],[77.212745,28.617338],[77.212627,28.617395],[77.212359,28.617437],[77.212091,28.617381],[77.211324,28.617739],[77.211002,28.617583],[77.211903,28.617192],[77.211844,28.617094],[77.211957,28.616717],[77.212139,28.616576],[77.211938,28.614781],[77.212515,28.614758]]]]}","[{""gateName"": ""Gate 4 Rail Bhawan"", ""stopCode"": ""28"", ""lat"": 28.615228, ""lon"": 77.212122}, {""gateName"": ""Gate 2"", ""stopCode"": ""28"", ""lat"": 28.616902, ""lon"": 77.213066}, {""gateName"": ""Gate 3"", ""stopCode"": ""28"", ""lat"": 28.615216, ""lon"": 77.212379}, {""gateName"": ""Gate 5"", ""stopCode"": ""28"", ""lat"": 28.61654, ""lon"": 77.212202}, {""gateName"": ""Gate 1"", ""stopCode"": ""28"", ""lat"": 28.617444, ""lon"": 77.211621}]",28.614973,77.212029,Central Secretariat,
delhi_metro,29,"{""type"":""MultiPolygon"",""coordinates"":[[[[77.248299,28.620922],[77.248275,28.620604],[77.248092,28.620594],[77.248157,28.620284],[77.248725,28.620387],[77.248758,28.620293],[77.249503,28.620359],[77.250978,28.620015],[77.251072,28.620446],[77.248299,28.620922]]]]}","[{""gateName"": ""Gate 1"", ""stopCode"": ""29"", ""lat"": 28.620387, ""lon"": 77.248725}, {""gateName"": ""Gate 2 Near DTC"", ""stopCode"": ""29"", ""lat"": 28.620676, ""lon"": 77.248373}]",28.620272,77.250076,Indraprastha,
delhi_metro,31,"{""type"":""MultiPolygon"",""coordinates"":[[[[77.232295,28.627111],[77.232188,28.626875],[77.232145,28.626536],[77.232156,28.626254],[77.23237,28.626056],[77.232488,28.625783],[77.232445,28.625482],[77.232488,28.625322],[77.234656,28.62518],[77.234731,28.625642],[77.234591,28.625858],[77.234634,28.626065],[77.23369,28.626084],[77.233647,28.625726],[77.232649,28.62583],[77.232392,28.626244],[77.232864,28.626574],[77.232767,28.626856],[77.232295,28.627111]]]]}","[{""gateName"": ""Gate 2"", ""stopCode"": ""31"", ""lat"": 28.62566, ""lon"": 77.234527}, {""gateName"": ""Gate 4"", ""stopCode"": ""31"", ""lat"": 28.625444, ""lon"": 77.234248}, {""gateName"": ""Gate 1"", ""stopCode"": ""31"", ""lat"": 28.625703, ""lon"": 77.233744}, {""gateName"": ""Gate 3"", ""stopCode"": ""31"", ""lat"": 28.626583, ""lon"": 77.23237}]",28.625816,77.234726,Mandi House,
delhi_metro,32,"{""type"":""MultiPolygon"",""coordinates"":[[[[77.223318,28.630898],[77.223077,28.630531],[77.223308,28.630423],[77.223356,28.630451],[77.223989,28.630018],[77.223817,28.62975],[77.22423,28.629528],[77.224423,28.629773],[77.225405,28.629114],[77.225738,28.629618],[77.223318,28.630898]]]]}","[{""gateName"": ""Gate 1"", ""stopCode"": ""32"", ""lat"": 28.630715, ""lon"": 77.223549}, {""gateName"": ""Gate 4"", ""stopCode"": ""32"", ""lat"": 28.629867, ""lon"": 77.224386}, {""gateName"": ""Gate 3"", ""stopCode"": ""32"", ""lat"": 28.629862, ""lon"": 77.225046}, {""gateName"": ""Gate 6"", ""stopCode"": ""32"", ""lat"": 28.630611, ""lon"": 77.223211}]",28.629662,77.224876,Barakhamba Road,
delhi_metro,33,"{""type"":""MultiPolygon"",""coordinates"":[[[[77.208324,28.640052],[77.208061,28.639727],[77.207648,28.639327],[77.207895,28.638352],[77.208576,28.63838],[77.209316,28.639411],[77.2087,28.639925],[77.208324,28.640052]]]]}","[{""gateName"": ""Near Bus Stop"", ""stopCode"": ""33"", ""lat"": 28.639397, ""lon"": 77.208522}, {""gateName"": ""Gate 3"", ""stopCode"": ""33"", ""lat"": 28.639204, ""lon"": 77.208334}, {""gateName"": ""Gate 2"", ""stopCode"": ""33"", ""lat"": 28.639755, ""lon"": 77.208825}]",28.639217,77.206291,Ramakrishna Ashram Marg,
delhi_metro,34,"{""type"":""MultiPolygon"",""coordinates"":[[[[77.199849,28.644617],[77.199141,28.644836],[77.198932,28.644591],[77.199517,28.64429],[77.199498,28.644248],[77.199764,28.64413],[77.199796,28.644172],[77.200807,28.643706],[77.20096,28.644017],[77.199849,28.644617]]]]}","[{""gateName"": ""Gate 3"", ""stopCode"": ""34"", ""lat"": 28.644615, ""lon"": 77.199528}, {""gateName"": ""Gate 1 and 2"", ""stopCode"": ""34"", ""lat"": 28.644234, ""lon"": 77.20041}]",28.644312,77.199791,Jhandewalan,
delhi_metro,35,"{""type"":""MultiPolygon"",""coordinates"":[[[[77.188112,28.64403],[77.187511,28.644025],[77.18757,28.643691],[77.188461,28.643809],[77.188541,28.643333],[77.188729,28.643371],[77.188665,28.643842],[77.189459,28.643992],[77.189416,28.644265],[77.18896,28.644195],[77.188949,28.644265],[77.188091,28.644134],[77.188112,28.64403]]]]}","[{""gateName"": ""Near Pillar 108"", ""stopCode"": ""35"", ""lat"": 28.64403, ""lon"": 77.188112}, {""gateName"": ""Near Pillar 106"", ""stopCode"": ""35"", ""lat"": 28.644086, ""lon"": 77.188407}, {""gateName"": ""Near Pillar 104"", ""stopCode"": ""35"", ""lat"": 28.644166, ""lon"": 77.188885}, {""gateName"": ""Near Gate 7"", ""stopCode"": ""35"", ""lat"": 28.643578, ""lon"": 77.188595}, {""gateName"": ""Opposite Physicswallah"", ""stopCode"": ""35"", ""lat"": 28.643743, ""lon"": 77.187865}, {""gateName"": ""Near Pillar 110"", ""stopCode"": ""35"", ""lat"": 28.643997, ""lon"": 77.187549}, {""gateName"": ""Near Pillar 103"", ""stopCode"": ""35"", ""lat"": 28.643973, ""lon"": 77.189272}]",28.643925,77.188416,Karol Bagh,
delhi_metro,36,"{""type"":""MultiPolygon"",""coordinates"":[[[[77.176749,28.642453],[77.176776,28.642138],[77.177924,28.642246],[77.177967,28.642095],[77.178552,28.642175],[77.178525,28.642335],[77.178589,28.642368],[77.178589,28.642425],[77.178975,28.64251],[77.178906,28.64282],[77.177205,28.642863],[77.177216,28.642547],[77.176749,28.642453]]]]}","[{""gateName"": ""Gate 3"", ""stopCode"": ""36"", ""lat"": 28.642564, ""lon"": 77.178741}, {""gateName"": ""Gate 4"", ""stopCode"": ""36"", ""lat"": 28.642237, ""lon"": 77.177354}, {""gateName"": ""Gate 2"", ""stopCode"": ""36"", ""lat"": 28.642773, ""lon"": 77.178659}, {""gateName"": ""Gate 1"", ""stopCode"": ""36"", ""lat"": 28.64253, ""lon"": 77.177789}]",28.64241,77.191833,Rajendra Place,
delhi_metro,38,"{""type"":""MultiPolygon"",""coordinates"":[[[[77.157532,28.651903],[77.15789,28.651658],[77.157722,28.651441],[77.157578,28.651523],[77.157471,28.651363],[77.158422,28.650807],[77.158734,28.651168],[77.159313,28.650861],[77.159452,28.651052],[77.158641,28.651514],[77.158694,28.651583],[77.158562,28.651667],[77.158741,28.651906],[77.158412,28.652088],[77.158201,28.651849],[77.157725,28.652113],[77.157532,28.651903]]]]}","[{""gateName"": ""Gate 2"", ""stopCode"": ""38"", ""lat"": 28.651896, ""lon"": 77.157971}, {""gateName"": ""Gate 1"", ""stopCode"": ""38"", ""lat"": 28.651932, ""lon"": 77.15803}, {""gateName"": ""Gate 3"", ""stopCode"": ""38"", ""lat"": 28.652013, ""lon"": 77.158519}, {""gateName"": ""Gate 4"", ""stopCode"": ""38"", ""lat"": 28.651578, ""lon"": 77.158572}, {""gateName"": ""Gate 5"", ""stopCode"": ""38"", ""lat"": 28.651314, ""lon"": 77.158289}, {""gateName"": ""Gate 7"", ""stopCode"": ""38"", ""lat"": 28.651157, ""lon"": 77.158182}, {""gateName"": ""Gate 6"", ""stopCode"": ""38"", ""lat"": 28.651496, ""lon"": 77.157807}]",28.65143,77.156021,Shadipur,
delhi_metro,41,"{""type"":""MultiPolygon"",""coordinates"":[[[[77.131421,28.652503],[77.131432,28.65227],[77.132046,28.652488],[77.131908,28.652647],[77.132239,28.65271],[77.132587,28.65279],[77.132502,28.653049],[77.131858,28.652931],[77.131788,28.65327],[77.131096,28.653115],[77.131192,28.652757],[77.130678,28.652606],[77.130758,28.652366],[77.131421,28.652503]]]]}","[{""gateName"": ""Gate 1"", ""stopCode"": ""41"", ""lat"": 28.652727, ""lon"": 77.13122}, {""gateName"": ""Gate 2"", ""stopCode"": ""41"", ""lat"": 28.652851, ""lon"": 77.131275}, {""gateName"": ""Gate 3"", ""stopCode"": ""41"", ""lat"": 28.652516, ""lon"": 77.131374}, {""gateName"": ""Gate 4"", ""stopCode"": ""41"", ""lat"": 28.652727, ""lon"": 77.132164}]",28.652809,77.131462,Ramesh Nagar,
delhi_metro,42,"{""type"":""MultiPolygon"",""coordinates"":[[[[77.122106,28.648461],[77.123586,28.649093],[77.123731,28.649522],[77.123034,28.649456],[77.121741,28.649021],[77.122106,28.648461]]]]}","[{""gateName"": ""Near Gate 1"", ""stopCode"": ""42"", ""lat"": 28.649122, ""lon"": 77.122729}, {""gateName"": ""Service Road Pickup"", ""stopCode"": ""42"", ""lat"": 28.649018, ""lon"": 77.122406}, {""gateName"": ""Entry"", ""stopCode"": ""42"", ""lat"": 28.648965, ""lon"": 77.122259}]",28.649157,77.122749,Rajouri Garden,
delhi_metro,43,"{""type"":""MultiPolygon"",""coordinates"":[[[[77.111102,28.643119],[77.111348,28.642738],[77.111794,28.643072],[77.11196,28.642799],[77.113805,28.643858],[77.113843,28.644174],[77.114658,28.644626],[77.114374,28.644899],[77.113548,28.644386],[77.113183,28.644433],[77.112126,28.643953],[77.111102,28.643119]]]]}","[{""gateName"": ""Gate 1"", ""stopCode"": ""43"", ""lat"": 28.643566, ""lon"": 77.112083}, {""gateName"": ""Gate 3"", ""stopCode"": ""43"", ""lat"": 28.643841, ""lon"": 77.113507}, {""gateName"": ""Gate 2"", ""stopCode"": ""43"", ""lat"": 28.644326, ""lon"": 77.113431}]",28.643795,77.112747,Tagore Garden,
delhi_metro,44,"{""type"":""MultiPolygon"",""coordinates"":[[[[77.104086,28.640148],[77.104252,28.639785],[77.104703,28.639973],[77.104788,28.639973],[77.106017,28.640548],[77.105717,28.640901],[77.105207,28.640703],[77.105051,28.640882],[77.104526,28.640661],[77.104579,28.640524],[77.104402,28.640444],[77.104472,28.640308],[77.104086,28.640148]]]]}","[{""gateName"": ""Gate 2"", ""stopCode"": ""44"", ""lat"": 28.64009, ""lon"": 77.104762}, {""gateName"": ""Gate 1"", ""stopCode"": ""44"", ""lat"": 28.640448, ""lon"": 77.104717}, {""gateName"": ""Gate 3"", ""stopCode"": ""44"", ""lat"": 28.640417, ""lon"": 77.105338}]",28.640381,77.10273,Subhash Nagar,
delhi_metro,47,"{""type"":""MultiPolygon"",""coordinates"":[[[[77.086378,28.633247],[77.085617,28.632922],[77.08581,28.632554],[77.086325,28.632771],[77.086416,28.632625],[77.087178,28.632889],[77.087489,28.633209],[77.087628,28.63327],[77.087462,28.633656],[77.086604,28.63335],[77.086411,28.633684],[77.086191,28.633614],[77.086378,28.633247]]]]}","[{""gateName"": ""Gate 3"", ""stopCode"": ""47"", ""lat"": 28.632695, ""lon"": 77.086497}, {""gateName"": ""Gate 2"", ""stopCode"": ""47"", ""lat"": 28.63308, ""lon"": 77.087112}, {""gateName"": ""Gate 1"", ""stopCode"": ""47"", ""lat"": 28.633318, ""lon"": 77.086856}]",28.633121,77.086578,Janakpuri East,
delhi_metro,49,"{""type"":""MultiPolygon"",""coordinates"":[[[[77.054708,28.621627],[77.0548,28.62134],[77.055465,28.621472],[77.055567,28.621208],[77.056237,28.621321],[77.056114,28.621641],[77.056693,28.621825],[77.056607,28.62206],[77.056125,28.621957],[77.056033,28.622202],[77.055213,28.62198],[77.055277,28.621773],[77.054708,28.621627]]]]}","[{""gateName"": ""Gate 1"", ""stopCode"": ""49"", ""lat"": 28.621764, ""lon"": 77.055315}, {""gateName"": ""Gate 3"", ""stopCode"": ""49"", ""lat"": 28.621764, ""lon"": 77.056287}, {""gateName"": ""Gate 2"", ""stopCode"": ""49"", ""lat"": 28.62192, ""lon"": 77.056033}, {""gateName"": ""Gate 4"", ""stopCode"": ""49"", ""lat"": 28.621562, ""lon"": 77.055291}]",28.621672,77.055664,Uttam Nagar West,
delhi_metro,50,"{""type"":""MultiPolygon"",""coordinates"":[[[[77.044119,28.620022],[77.044644,28.620025],[77.044687,28.619606],[77.04546,28.619657],[77.045438,28.620034],[77.046302,28.6201],[77.046275,28.620571],[77.045567,28.620472],[77.045567,28.620641],[77.045342,28.620641],[77.045347,28.620576],[77.044392,28.620557],[77.044392,28.620373],[77.044086,28.620354],[77.044119,28.620022]]]]}","[{""gateName"": ""Gate 1"", ""stopCode"": ""50"", ""lat"": 28.620295, ""lon"": 77.044659}, {""gateName"": ""Gate 2"", ""stopCode"": ""50"", ""lat"": 28.620467, ""lon"": 77.045488}, {""gateName"": ""Gate 3"", ""stopCode"": ""50"", ""lat"": 28.620017, ""lon"": 77.04468}, {""gateName"": ""Gate 4"", ""stopCode"": ""50"", ""lat"": 28.62019, ""lon"": 77.045478}]",28.620222,77.044991,Nawada,
delhi_metro,51,"{""type"":""MultiPolygon"",""coordinates"":[[[[77.032372,28.619237],[77.032404,28.619068],[77.032871,28.619134],[77.032903,28.61904],[77.033118,28.61904],[77.033188,28.61878],[77.033713,28.61879],[77.033729,28.619247],[77.034276,28.619336],[77.034201,28.619543],[77.033906,28.619515],[77.03389,28.619553],[77.033681,28.61952],[77.033633,28.619661],[77.033091,28.619576],[77.032517,28.619388],[77.032522,28.619256],[77.032372,28.619237]]]]}","[{""gateName"": ""Gate 1"", ""stopCode"": ""51"", ""lat"": 28.619374, ""lon"": 77.03297}, {""gateName"": ""Entry Exit Gate"", ""stopCode"": ""51"", ""lat"": 28.619209, ""lon"": 77.033542}, {""gateName"": ""Gate 2"", ""stopCode"": ""51"", ""lat"": 28.619094, ""lon"": 77.033209}, {""gateName"": ""Near Pillar 775"", ""stopCode"": ""51"", ""lat"": 28.619487, ""lon"": 77.033748}, {""gateName"": ""Near Pillar 779"", ""stopCode"": ""51"", ""lat"": 28.61914, ""lon"": 77.032946}]",28.619366,77.033188,Dwarka Mor,
delhi_metro,52,"{""type"":""MultiPolygon"",""coordinates"":[[[[77.022732,28.613383],[77.02345,28.615954],[77.023547,28.617226],[77.022345,28.61731],[77.021895,28.614673],[77.022238,28.614598],[77.022034,28.613458],[77.022732,28.613383]]]]}","[{""gateName"": ""Gate 2"", ""stopCode"": ""52"", ""lat"": 28.614852, ""lon"": 77.023043}, {""gateName"": ""Gate 1"", ""stopCode"": ""52"", ""lat"": 28.615088, ""lon"": 77.022216}, {""gateName"": ""Gate 3"", ""stopCode"": ""52"", ""lat"": 28.617103, ""lon"": 77.022828}]",28.614899,77.022629,Dwarka,
delhi_metro,53,"{""type"":""MultiPolygon"",""coordinates"":[[[[77.024684,28.603126],[77.025371,28.602217],[77.02728,28.600903],[77.027661,28.601256],[77.025162,28.603418],[77.024684,28.603126]]]]}","[{""gateName"": ""Gate 2"", ""stopCode"": ""53"", ""lat"": 28.602409, ""lon"": 77.02607}, {""gateName"": ""Gate 1"", ""stopCode"": ""53"", ""lat"": 28.602329, ""lon"": 77.025609}]",28.602232,77.02594,Dwarka Sector - 14,
delhi_metro,54,"{""type"":""MultiPolygon"",""coordinates"":[[[[77.035013,28.596553],[77.032642,28.598268],[77.031827,28.597458],[77.03379,28.596191],[77.034439,28.596021],[77.034622,28.596035],[77.035013,28.596553]]]]}","[{""gateName"": ""Gate 2"", ""stopCode"": ""54"", ""lat"": 28.597375, ""lon"": 77.033348}, {""gateName"": ""Gate 1"", ""stopCode"": ""54"", ""lat"": 28.597223, ""lon"": 77.032878}]",28.59705,77.033043,Dwarka Sector - 13,
delhi_metro,55,"{""type"":""MultiPolygon"",""coordinates"":[[[[77.041696,28.59189],[77.040118,28.592958],[77.03956,28.592456],[77.041295,28.591389],[77.041696,28.59189]]]]}","[{""gateName"": ""Gate 1"", ""stopCode"": ""55"", ""lat"": 28.592144, ""lon"": 77.040608}, {""gateName"": ""Gate 2"", ""stopCode"": ""55"", ""lat"": 28.592415, ""lon"": 77.040847}]",28.592234,77.040558,Dwarka Sector - 12,
delhi_metro,56,"{""type"":""MultiPolygon"",""coordinates"":[[[[77.048321,28.586754],[77.049925,28.585652],[77.050483,28.586147],[77.048911,28.587244],[77.048321,28.586754]]]]}","[{""gateName"": ""Gate 2"", ""stopCode"": ""56"", ""lat"": 28.586999, ""lon"": 77.049007}, {""gateName"": ""Gate 1"", ""stopCode"": ""56"", ""lat"": 28.586674, ""lon"": 77.048732}]",28.58642,77.049255,Dwarka Sector - 11,
delhi_metro,57,"{""type"":""MultiPolygon"",""coordinates"":[[[[77.056269,28.581461],[77.057315,28.580514],[77.057009,28.580151],[77.05893,28.578907],[77.060244,28.580189],[77.056838,28.582158],[77.056269,28.581461]]]]}","[{""gateName"": ""Entry Exit"", ""stopCode"": ""57"", ""lat"": 28.580931, ""lon"": 77.057314}, {""gateName"": ""Exit Point 2"", ""stopCode"": ""57"", ""lat"": 28.581604, ""lon"": 77.057124}]",28.581108,77.05719,Dwarka Sector - 10,
delhi_metro,59,"{""type"":""MultiPolygon"",""coordinates"":[[[[77.300063,28.675249],[77.301624,28.675151],[77.302155,28.675226],[77.302134,28.675593],[77.300052,28.67564],[77.300063,28.675249]]]]}","[{""gateName"": ""Gate 1"", ""stopCode"": ""59"", ""lat"": 28.675569, ""lon"": 77.300916}, {""gateName"": ""Gate 2"", ""stopCode"": ""59"", ""lat"": 28.675212, ""lon"": 77.301023}]",28.675352,77.301178,Mansarovar Park,
delhi_metro,60,"{""type"":""MultiPolygon"",""coordinates"":[[[[77.312643,28.675471],[77.313614,28.675489],[77.313412,28.676033],[77.312388,28.676005],[77.312388,28.676271],[77.311546,28.676247],[77.311548,28.675435],[77.312643,28.675471]]]]}","[{""gateName"": ""Gate 1"", ""stopCode"": ""60"", ""lat"": 28.675899, ""lon"": 77.31224}, {""gateName"": ""Gate 3"", ""stopCode"": ""60"", ""lat"": 28.676111, ""lon"": 77.31168}, {""gateName"": ""Gate 2"", ""stopCode"": ""60"", ""lat"": 28.675485, ""lon"": 77.312082}]",28.675648,77.312393,Jhilmil,
delhi_metro,61,"{""type"":""MultiPolygon"",""coordinates"":[[[[77.320212,28.67575],[77.322486,28.675755],[77.322486,28.675943],[77.322626,28.67599],[77.322626,28.676249],[77.320287,28.676216],[77.320212,28.67575]]]]}","[{""gateName"": ""Towards Shahdara"", ""stopCode"": ""61"", ""lat"": 28.676084, ""lon"": 77.322577}, {""gateName"": ""Gate 2"", ""stopCode"": ""61"", ""lat"": 28.676178, ""lon"": 77.321059}]",28.675991,77.321495,Dilshad Garden,
delhi_metro,63,"{""type"":""MultiPolygon"",""coordinates"":[[[[77.169319,28.717436],[77.170936,28.715554],[77.17145,28.715899],[77.169927,28.717737],[77.169319,28.717436]]]]}","[{""gateName"": ""Gate 2"", ""stopCode"": ""63"", ""lat"": 28.716344, ""lon"": 77.170943}, {""gateName"": ""Gate 3"", ""stopCode"": ""63"", ""lat"": 28.71615, ""lon"": 77.170585}, {""gateName"": ""Gate 4"", ""stopCode"": ""63"", ""lat"": 28.71684, ""lon"": 77.169956}, {""gateName"": ""Gate 1"", ""stopCode"": ""63"", ""lat"": 28.717166, ""lon"": 77.170256}]",28.696377,77.208809,Adarsh Nagar,
delhi_metro,64,"{""type"":""MultiPolygon"",""coordinates"":[[[[77.179804,28.707537],[77.179863,28.707866],[77.179102,28.708095],[77.179098,28.708144],[77.1783,28.708357],[77.178074,28.707783],[77.180755,28.704364],[77.183394,28.706547],[77.179804,28.707537]]]]}","[{""gateName"": ""Gate 4"", ""stopCode"": ""64"", ""lat"": 28.706302, ""lon"": 77.182438}, {""gateName"": ""Gate 3"", ""stopCode"": ""64"", ""lat"": 28.704727, ""lon"": 77.180542}, {""gateName"": ""Gate 2"", ""stopCode"": ""64"", ""lat"": 28.70677, ""lon"": 77.180542}, {""gateName"": ""Gate 1 Main Gate"", ""stopCode"": ""64"", ""lat"": 28.707306, ""lon"": 77.180158}, {""gateName"": ""Footover Bridge Towards Azadpur Red Light"", ""stopCode"": ""64"", ""lat"": 28.708015, ""lon"": 77.178985}, {""gateName"": ""Foot Bridge Towards M2K"", ""stopCode"": ""64"", ""lat"": 28.707434, ""lon"": 77.178417}]",28.707287,77.179863,Azadpur,
delhi_metro,65,"{""type"":""MultiPolygon"",""coordinates"":[[[[77.194371,28.702523],[77.19453,28.702466],[77.194559,28.702525],[77.194642,28.702492],[77.194682,28.702591],[77.194208,28.702774],[77.194248,28.702836],[77.193999,28.702939],[77.193969,28.702873],[77.193661,28.702993],[77.193728,28.703148],[77.193403,28.703261],[77.193344,28.703123],[77.192859,28.703311],[77.192773,28.703132],[77.193336,28.702934],[77.193272,28.702892],[77.194371,28.702523]]]]}","[{""gateName"": ""Gate 1"", ""stopCode"": ""65"", ""lat"": 28.70312, ""lon"": 77.193382}, {""gateName"": ""Gate 2"", ""stopCode"": ""65"", ""lat"": 28.70281, ""lon"": 77.194184}, {""gateName"": ""Gate 3"", ""stopCode"": ""65"", ""lat"": 28.702565, ""lon"": 77.194304}, {""gateName"": ""Gate 4"", ""stopCode"": ""65"", ""lat"": 28.702905, ""lon"": 77.193343}]",28.702833,77.193764,Model Town,
delhi_metro,66,"{""type"":""MultiPolygon"",""coordinates"":[[[[77.20683,28.698262],[77.204856,28.698949],[77.204696,28.698295],[77.204771,28.698281],[77.204846,28.69862],[77.20667,28.697947],[77.20683,28.698262]]]]}","[{""gateName"": ""Gate 1"", ""stopCode"": ""66"", ""lat"": 28.698615, ""lon"": 77.205763}]",28.698195,77.206985,Guru Teg Bahadur Nagar,
delhi_metro,67,"{""type"":""MultiPolygon"",""coordinates"":[[[[77.314717,28.646963],[77.315551,28.646278],[77.315849,28.646056],[77.315957,28.646012],[77.316146,28.645912],[77.316466,28.645739],[77.316278,28.645174],[77.317061,28.644938],[77.317554,28.646548],[77.315538,28.647523],[77.314717,28.646963]]]]}","[{""gateName"": ""Gate 2"", ""stopCode"": ""67"", ""lat"": 28.646516, ""lon"": 77.315285}, {""gateName"": ""Gate 1"", ""stopCode"": ""67"", ""lat"": 28.646565, ""lon"": 77.315656}, {""gateName"": ""Gate 3"", ""stopCode"": ""67"", ""lat"": 28.647384, ""lon"": 77.315733}, {""gateName"": ""Entry Bus Stand"", ""stopCode"": ""67"", ""lat"": 28.645516, ""lon"": 77.317002}, {""gateName"": ""Foot Over Bridge"", ""stopCode"": ""67"", ""lat"": 28.646069, ""lon"": 77.317219}]",28.647005,77.316185,Anand Vihar ISBT,
delhi_metro,68,"{""type"":""MultiPolygon"",""coordinates"":[[[[77.304216,28.648531],[77.30501,28.647745],[77.307081,28.648263],[77.306652,28.648964],[77.306373,28.649383],[77.306909,28.649581],[77.306496,28.650245],[77.305885,28.650028],[77.30544,28.650376],[77.304216,28.648531]]]]}","[{""gateName"": ""Gate 1"", ""stopCode"": ""68"", ""lat"": 28.64867, ""lon"": 77.30544}, {""gateName"": ""Gate 2"", ""stopCode"": ""68"", ""lat"": 28.648178, ""lon"": 77.305627}, {""gateName"": ""Gate 3 Opp Zudio"", ""stopCode"": ""68"", ""lat"": 28.6496, ""lon"": 77.306223}, {""gateName"": ""Parking"", ""stopCode"": ""68"", ""lat"": 28.648522, ""lon"": 77.304386}, {""gateName"": ""Entry Main Road"", ""stopCode"": ""68"", ""lat"": 28.649116, ""lon"": 77.304702}]",28.648653,77.304581,Karkarduma,
delhi_metro,69,"{""type"":""MultiPolygon"",""coordinates"":[[[[77.296084,28.642559],[77.294088,28.64102],[77.294512,28.640619],[77.296642,28.642286],[77.296084,28.642559]]]]}","[{""gateName"": ""Gate 2"", ""stopCode"": ""69"", ""lat"": 28.640984, ""lon"": 77.29479}, {""gateName"": ""Gate 1"", ""stopCode"": ""69"", ""lat"": 28.641318, ""lon"": 77.294702}, {""gateName"": ""Gate 3"", ""stopCode"": ""69"", ""lat"": 28.641962, ""lon"": 77.29558}, {""gateName"": ""Gate 4"", ""stopCode"": ""69"", ""lat"": 28.641562, ""lon"": 77.295641}]",28.641352,77.295158,Preet Vihar,
delhi_metro,70,"{""type"":""MultiPolygon"",""coordinates"":[[[[77.286078,28.635996],[77.286132,28.635874],[77.287913,28.636834],[77.287602,28.637314],[77.286282,28.636684],[77.286378,28.636542],[77.285338,28.635996],[77.285595,28.635704],[77.286078,28.635996]]]]}","[{""gateName"": ""Gate 1"", ""stopCode"": ""70"", ""lat"": 28.636909, ""lon"": 77.287192}, {""gateName"": ""Gate 5"", ""stopCode"": ""70"", ""lat"": 28.636646, ""lon"": 77.286529}, {""gateName"": ""Gate 3"", ""stopCode"": ""70"", ""lat"": 28.636053, ""lon"": 77.286228}, {""gateName"": ""Gate 2"", ""stopCode"": ""70"", ""lat"": 28.636608, ""lon"": 77.287226}, {""gateName"": ""Footover Bridge"", ""stopCode"": ""70"", ""lat"": 28.635952, ""lon"": 77.285446}]",28.637049,77.287872,Nirman Vihar,
delhi_metro,71,"{""type"":""MultiPolygon"",""coordinates"":[[[[77.276984,28.629937],[77.278539,28.631039],[77.278282,28.63135],[77.277434,28.63086],[77.277241,28.631124],[77.277166,28.631048],[77.276876,28.630907],[77.276791,28.63087],[77.277037,28.63054],[77.276651,28.630267],[77.276984,28.629937]]]]}","[{""gateName"": ""Gate 5"", ""stopCode"": ""71"", ""lat"": 28.630766, ""lon"": 77.277391}, {""gateName"": ""Gate 1"", ""stopCode"": ""71"", ""lat"": 28.630455, ""lon"": 77.277016}, {""gateName"": ""Gate 4"", ""stopCode"": ""71"", ""lat"": 28.630446, ""lon"": 77.277649}]",28.629843,77.276428,Laxmi Nagar,
delhi_metro,73,"{""type"":""MultiPolygon"",""coordinates"":[[[[77.280408,28.617231],[77.279529,28.61839],[77.279614,28.618423],[77.279797,28.618202],[77.280081,28.618319],[77.279877,28.618715],[77.279786,28.618889],[77.279282,28.618602],[77.2791,28.618866],[77.277994,28.618319],[77.279314,28.616746],[77.280408,28.617231]]]]}","[{""gateName"": ""Foot Over Bridge"", ""stopCode"": ""73"", ""lat"": 28.618555, ""lon"": 77.279863}, {""gateName"": ""Gate 1"", ""stopCode"": ""73"", ""lat"": 28.617733, ""lon"": 77.279919}, {""gateName"": ""Near Footbridge"", ""stopCode"": ""73"", ""lat"": 28.618248, ""lon"": 77.279564}]",28.618364,77.279816,Akshardham,
delhi_metro,74,"{""type"":""MultiPolygon"",""coordinates"":[[[[77.289427,28.605103],[77.288912,28.60498],[77.289953,28.602965],[77.290587,28.603322],[77.291651,28.603789],[77.291493,28.604001],[77.290205,28.603497],[77.289427,28.605103]]]]}","[{""gateName"": ""Entry Exit"", ""stopCode"": ""74"", ""lat"": 28.603428, ""lon"": 77.290012}, {""gateName"": ""Gate 4"", ""stopCode"": ""74"", ""lat"": 28.603674, ""lon"": 77.291224}, {""gateName"": ""Gate 2"", ""stopCode"": ""74"", ""lat"": 28.60358, ""lon"": 77.290945}, {""gateName"": ""Gate 3"", ""stopCode"": ""74"", ""lat"": 28.604315, ""lon"": 77.289649}]",28.604425,77.289421,Mayur Vihar -I,
delhi_metro,75,"{""type"":""MultiPolygon"",""coordinates"":[[[[77.295287,28.593534],[77.295088,28.594241],[77.294354,28.595183],[77.294112,28.595088],[77.295024,28.593355],[77.295287,28.593534]]]]}","[{""gateName"": ""Ext- Gate 1"", ""stopCode"": ""75"", ""lat"": 28.594281, ""lon"": 77.294769}]",28.594124,77.294495,Mayur Vihar Extension,
delhi_metro,76,"{""type"":""MultiPolygon"",""coordinates"":[[[[77.301003,28.589306],[77.300836,28.589136],[77.301158,28.588892],[77.302001,28.588774],[77.302065,28.589023],[77.303256,28.589],[77.303111,28.589348],[77.301545,28.589348],[77.301003,28.589306]]]]}","[{""gateName"": ""Gate 2"", ""stopCode"": ""76"", ""lat"": 28.589282, ""lon"": 77.301881}, {""gateName"": ""Gate 1"", ""stopCode"": ""76"", ""lat"": 28.589042, ""lon"": 77.30199}, {""gateName"": ""Below Overbridge"", ""stopCode"": ""76"", ""lat"": 28.5892, ""lon"": 77.300944}]",28.58847,77.30146,New Ashok Nagar,
delhi_metro,78,"{""type"":""MultiPolygon"",""coordinates"":[[[[77.31723,28.579209],[77.316935,28.579049],[77.317063,28.578921],[77.316892,28.578742],[77.318437,28.577386],[77.318785,28.577697],[77.31723,28.579209]]]]}","[{""gateName"": ""Gate 3"", ""stopCode"": ""78"", ""lat"": 28.578566, ""lon"": 77.317198}]",28.577921,77.318115,Noida Sector-16,
delhi_metro,80,"{""type"":""MultiPolygon"",""coordinates"":[[[[77.333924,28.564858],[77.333184,28.56425],[77.334337,28.562898],[77.335721,28.564165],[77.335077,28.56473],[77.33431,28.565145],[77.333924,28.564858]]]]}","[{""gateName"": ""Gate 1 Under Footover Bridge"", ""stopCode"": ""80"", ""lat"": 28.564544, ""lon"": 77.334664}, {""gateName"": ""Gate 1 Towards Dadri"", ""stopCode"": ""80"", ""lat"": 28.564884, ""lon"": 77.334584}, {""gateName"": ""Near SBM Toilet"", ""stopCode"": ""80"", ""lat"": 28.564561, ""lon"": 77.334986}, {""gateName"": ""Parking Entry"", ""stopCode"": ""80"", ""lat"": 28.56392, ""lon"": 77.335345}, {""gateName"": ""Gate 3"", ""stopCode"": ""80"", ""lat"": 28.564325, ""lon"": 77.3349}, {""gateName"": ""Near Shuttle point"", ""stopCode"": ""80"", ""lat"": 28.564867, ""lon"": 77.334329}, {""gateName"": ""Back side Parking"", ""stopCode"": ""80"", ""lat"": 28.563143, ""lon"": 77.334251}, {""gateName"": ""Near Hyundai Showroom"", ""stopCode"": ""80"", ""lat"": 28.563911, ""lon"": 77.333516}]",28.564198,77.334656,Botanical Garden,
delhi_metro,81,"{""type"":""MultiPolygon"",""coordinates"":[[[[77.34655,28.567838],[77.345094,28.566731],[77.34533,28.566476],[77.346883,28.567522],[77.34655,28.567838]]]]}","[{""gateName"": ""Gate 1"", ""stopCode"": ""81"", ""lat"": 28.567608, ""lon"": 77.346382}, {""gateName"": ""Gate 2"", ""stopCode"": ""81"", ""lat"": 28.567559, ""lon"": 77.346683}]",28.566917,77.345726,Golf Course,
delhi_metro,82,"{""type"":""MultiPolygon"",""coordinates"":[[[[77.355353,28.574494],[77.355884,28.574121],[77.357064,28.575064],[77.356587,28.575422],[77.355353,28.574494]]]]}","[{""gateName"": ""Gate 2"", ""stopCode"": ""82"", ""lat"": 28.574843, ""lon"": 77.356554}, {""gateName"": ""Gate 1"", ""stopCode"": ""82"", ""lat"": 28.575032, ""lon"": 77.356312}, {""gateName"": ""Gate 3"", ""stopCode"": ""82"", ""lat"": 28.574628, ""lon"": 77.355848}, {""gateName"": ""Gate 4"", ""stopCode"": ""82"", ""lat"": 28.57443, ""lon"": 77.356242}]",28.574593,77.356117,Noida City Centre,
delhi_metro,83,"{""type"":""MultiPolygon"",""coordinates"":[[[[77.210787,28.609851],[77.211426,28.610077],[77.211919,28.609983],[77.212509,28.610124],[77.212713,28.610534],[77.212541,28.610981],[77.212252,28.611066],[77.212338,28.611626],[77.212278,28.611692],[77.21178,28.611692],[77.211774,28.611085],[77.211431,28.610962],[77.211157,28.610341],[77.210632,28.610096],[77.210787,28.609851]]]]}","[{""gateName"": ""Gate 1 Air Force HQ"", ""stopCode"": ""83"", ""lat"": 28.61087, ""lon"": 77.212222}, {""gateName"": ""Gate 2 Towards Janpath"", ""stopCode"": ""83"", ""lat"": 28.61005, ""lon"": 77.211059}, {""gateName"": ""Gate 3 Towards Krishi Bhawan"", ""stopCode"": ""83"", ""lat"": 28.610695, ""lon"": 77.211455}, {""gateName"": ""Gate 4 Towards Rajpath"", ""stopCode"": ""83"", ""lat"": 28.611355, ""lon"": 77.212095}]",28.611525,77.210052,Seva Teerth Metro Station,
delhi_metro,84,"{""type"":""MultiPolygon"",""coordinates"":[[[[77.210447,28.597405],[77.210519,28.59728],[77.210734,28.597381],[77.210833,28.597148],[77.211388,28.597242],[77.211469,28.597318],[77.211437,28.597513],[77.211759,28.597871],[77.211622,28.598184],[77.211088,28.598156],[77.211013,28.597847],[77.210659,28.597506],[77.210447,28.597405]]]]}","[{""gateName"": ""Race Course Main Entrance"", ""stopCode"": ""84"", ""lat"": 28.597544, ""lon"": 77.21141}, {""gateName"": ""Gate 1"", ""stopCode"": ""84"", ""lat"": 28.597388, ""lon"": 77.210683}, {""gateName"": ""Gate 2"", ""stopCode"": ""84"", ""lat"": 28.597897, ""lon"": 77.211533}]",28.597519,77.209122,Lok Kalyan Marg,
delhi_metro,85,"{""type"":""MultiPolygon"",""coordinates"":[[[[77.212108,28.586289],[77.212038,28.585154],[77.213229,28.585116],[77.213218,28.58587],[77.212843,28.58586],[77.212854,28.586237],[77.212108,28.586289]]]]}","[{""gateName"": ""Gate 3"", ""stopCode"": ""85"", ""lat"": 28.585196, ""lon"": 77.21221}, {""gateName"": ""Gate 2"", ""stopCode"": ""85"", ""lat"": 28.585865, ""lon"": 77.212253}, {""gateName"": ""Rapido Pickup Point Gate 1"", ""stopCode"": ""85"", ""lat"": 28.585705, ""lon"": 77.212752}]",28.587234,77.212662,Jor Bagh,
delhi_metro,86,"{""type"":""MultiPolygon"",""coordinates"":[[[[77.209417,28.575599],[77.208773,28.573253],[77.209975,28.5733],[77.210394,28.573337],[77.210383,28.573658],[77.209718,28.573752],[77.210039,28.574996],[77.20961,28.575118],[77.209739,28.575561],[77.209417,28.575599]]]]}","[{""gateName"": ""Gate 2"", ""stopCode"": ""86"", ""lat"": 28.575222, ""lon"": 77.209439}, {""gateName"": ""Gate 6"", ""stopCode"": ""86"", ""lat"": 28.573422, ""lon"": 77.209675}, {""gateName"": ""Gate 5"", ""stopCode"": ""86"", ""lat"": 28.573648, ""lon"": 77.209106}, {""gateName"": ""Gate 1"", ""stopCode"": ""86"", ""lat"": 28.574421, ""lon"": 77.209267}, {""gateName"": ""Gate 3"", ""stopCode"": ""86"", ""lat"": 28.573874, ""lon"": 77.209675}, {""gateName"": ""Gate INA Market"", ""stopCode"": ""86"", ""lat"": 28.574958, ""lon"": 77.209932}, {""gateName"": ""Gate 4"", ""stopCode"": ""86"", ""lat"": 28.574487, ""lon"": 77.209675}]",28.575195,77.209473,Dilli Haat - INA,
delhi_metro,87,"{""type"":""MultiPolygon"",""coordinates"":[[[[77.207102,28.569286],[77.207209,28.568588],[77.207918,28.568513],[77.207402,28.566346],[77.208003,28.566251],[77.208819,28.569154],[77.207102,28.569286]]]]}","[{""gateName"": ""Gate 3"", ""stopCode"": ""87"", ""lat"": 28.567212, ""lon"": 77.207682}, {""gateName"": ""Gate 1"", ""stopCode"": ""87"", ""lat"": 28.568268, ""lon"": 77.20839}, {""gateName"": ""Gate 2"", ""stopCode"": ""87"", ""lat"": 28.566854, ""lon"": 77.207982}, {""gateName"": ""Gate 4"", ""stopCode"": ""87"", ""lat"": 28.569078, ""lon"": 77.207724}]",28.568199,77.207947,AIIMS,
delhi_metro,88,"{""type"":""MultiPolygon"",""coordinates"":[[[[77.206701,28.560037],[77.206272,28.55787],[77.207012,28.557738],[77.207409,28.560018],[77.206701,28.560037]]]]}","[{""gateName"": ""Gate 2"", ""stopCode"": ""88"", ""lat"": 28.557992, ""lon"": 77.206904}, {""gateName"": ""Gate 3"", ""stopCode"": ""88"", ""lat"": 28.558548, ""lon"": 77.206593}, {""gateName"": ""Gate 4"", ""stopCode"": ""88"", ""lat"": 28.559886, ""lon"": 77.206808}, {""gateName"": ""Gate 1"", ""stopCode"": ""88"", ""lat"": 28.559896, ""lon"": 77.20728}]",28.559853,77.206902,Green Park,
delhi_metro,89,"{""type"":""MultiPolygon"",""coordinates"":[[[[77.206862,28.545984],[77.206846,28.544912],[77.206962,28.544516],[77.206919,28.54411],[77.204486,28.544155],[77.204008,28.54403],[77.203756,28.543832],[77.203681,28.543279],[77.205347,28.543161],[77.206436,28.543111],[77.206465,28.543137],[77.206645,28.543345],[77.206954,28.543392],[77.207224,28.544099],[77.207326,28.544921],[77.207342,28.545319],[77.207415,28.545972],[77.207377,28.545974],[77.206862,28.545984]]]]}","[{""gateName"": ""Auto Stand Towards Chirag Delhi"", ""stopCode"": ""89"", ""lat"": 28.543884, ""lon"": 77.205472}, {""gateName"": ""Sarvapriya Vihar Bus Stop"", ""stopCode"": ""89"", ""lat"": 28.543648, ""lon"": 77.205263}, {""gateName"": ""Gate 3"", ""stopCode"": ""89"", ""lat"": 28.545166, ""lon"": 77.207114}, {""gateName"": ""Essex Farm Pickup"", ""stopCode"": ""89"", ""lat"": 28.54362, ""lon"": 77.203777}, {""gateName"": ""Gate 1 Towards IIT Delhi"", ""stopCode"": ""89"", ""lat"": 28.543498, ""lon"": 77.206492}, {""gateName"": ""Gate 2 Towards Chirag Delhi"", ""stopCode"": ""89"", ""lat"": 28.543823, ""lon"": 77.206079}]",28.543346,77.206673,Hauz Khas,
delhi_metro,90,"{""type"":""MultiPolygon"",""coordinates"":[[[[77.206098,28.527406],[77.20627,28.527699],[77.206355,28.52784],[77.206237,28.528066],[77.206119,28.528556],[77.20539,28.528726],[77.204703,28.529706],[77.204167,28.529914],[77.204006,28.529584],[77.204295,28.528113],[77.205004,28.527981],[77.205197,28.527689],[77.205476,28.527755],[77.206012,28.527718],[77.206098,28.527406]]]]}","[{""gateName"": ""Gate 1"", ""stopCode"": ""90"", ""lat"": 28.529697, ""lon"": 77.204156}, {""gateName"": ""Gate 3 Select Citywalk"", ""stopCode"": ""90"", ""lat"": 28.527893, ""lon"": 77.20624}, {""gateName"": ""Gate 4 Towards Adchini"", ""stopCode"": ""90"", ""lat"": 28.52783, ""lon"": 77.205148}, {""gateName"": ""Near DMRC Office"", ""stopCode"": ""90"", ""lat"": 28.528098, ""lon"": 77.204615}, {""gateName"": ""Pvr Anupam"", ""stopCode"": ""90"", ""lat"": 28.527747, ""lon"": 77.206082}]",28.52817,77.205612,Malviya Nagar,
delhi_metro,91,"{""type"":""MultiPolygon"",""coordinates"":[[[[77.202862,28.519935],[77.203034,28.52035],[77.202712,28.520435],[77.203152,28.520567],[77.203613,28.52085],[77.203205,28.521114],[77.203398,28.522198],[77.203044,28.522273],[77.202798,28.521293],[77.201499,28.52134],[77.20121,28.521217],[77.200212,28.520963],[77.200502,28.520614],[77.200716,28.520624],[77.201135,28.520482],[77.201607,28.52019],[77.202411,28.519982],[77.202862,28.519935]]]]}","[{""gateName"": ""Gate 1"", ""stopCode"": ""91"", ""lat"": 28.520686, ""lon"": 77.202567}, {""gateName"": ""Gate 2"", ""stopCode"": ""91"", ""lat"": 28.520653, ""lon"": 77.201559}, {""gateName"": ""Gate 3"", ""stopCode"": ""91"", ""lat"": 28.521973, ""lon"": 77.203243}, {""gateName"": ""Towards Lado Sarai"", ""stopCode"": ""91"", ""lat"": 28.520826, ""lon"": 77.200582}, {""gateName"": ""Foot Over Bridge Aggarwal Sweets"", ""stopCode"": ""91"", ""lat"": 28.520378, ""lon"": 77.202583}]",28.520638,77.199379,Saket,
delhi_metro,92,"{""type"":""MultiPolygon"",""coordinates"":[[[[77.185664,28.51231],[77.186817,28.512989],[77.186817,28.513055],[77.187262,28.513422],[77.1862,28.514205],[77.185792,28.513729],[77.185889,28.513578],[77.185186,28.512828],[77.185551,28.512531],[77.185664,28.51231]]]]}","[{""gateName"": ""Gate 1"", ""stopCode"": ""92"", ""lat"": 28.513489, ""lon"": 77.18635}, {""gateName"": ""Gate 2"", ""stopCode"": ""92"", ""lat"": 28.513098, ""lon"": 77.185905}, {""gateName"": ""Foot Over Bridge Towards Saket"", ""stopCode"": ""92"", ""lat"": 28.514119, ""lon"": 77.186268}]",28.512714,77.185791,Qutab Minar,
delhi_metro,94,"{""type"":""MultiPolygon"",""coordinates"":[[[[77.162368,28.499448],[77.162228,28.499724],[77.160477,28.498984],[77.160627,28.498696],[77.162368,28.499448]]]]}","[{""gateName"": ""Gate 1"", ""stopCode"": ""94"", ""lat"": 28.499036, ""lon"": 77.161343}, {""gateName"": ""Gate 2"", ""stopCode"": ""94"", ""lat"": 28.499198, ""lon"": 77.161022}]",28.499214,77.161362,Sultanpur,
delhi_metro,96,"{""type"":""MultiPolygon"",""coordinates"":[[[[77.126562,28.481127],[77.126094,28.481489],[77.124554,28.480357],[77.125553,28.479767],[77.126562,28.480778],[77.126382,28.480922],[77.126562,28.481127]]]]}","[{""gateName"": ""Gate 1"", ""stopCode"": ""96"", ""lat"": 28.480347, ""lon"": 77.125566}, {""gateName"": ""Gate 2"", ""stopCode"": ""96"", ""lat"": 28.480918, ""lon"": 77.125709}]",28.48082,77.12587,Arjan Garh,
delhi_metro,97,"{""type"":""MultiPolygon"",""coordinates"":[[[[77.103186,28.48215],[77.102666,28.482068],[77.101304,28.481914],[77.101068,28.481764],[77.101113,28.481657],[77.101057,28.481367],[77.101867,28.48149],[77.10284,28.481455],[77.102916,28.481794],[77.103176,28.482006],[77.103186,28.48215]]]]}","[{""gateName"": ""Gate 2"", ""stopCode"": ""97"", ""lat"": 28.4818, ""lon"": 77.10215}, {""gateName"": ""Gate 1"", ""stopCode"": ""97"", ""lat"": 28.481557, ""lon"": 77.102105}]",28.482075,77.102219,Guru Dronacharya,
delhi_metro,98,"{""type"":""MultiPolygon"",""coordinates"":[[[[77.093134,28.480879],[77.094205,28.48121],[77.093977,28.480392],[77.094525,28.48031],[77.094786,28.481275],[77.094555,28.481377],[77.094331,28.481396],[77.094284,28.481571],[77.094168,28.481522],[77.094143,28.481566],[77.092937,28.481266],[77.092012,28.481122],[77.092093,28.480906],[77.09252,28.480987],[77.092533,28.480732],[77.092684,28.480762],[77.093134,28.480879]]]]}","[{""gateName"": ""Exit At Platina Towers"", ""stopCode"": ""98"", ""lat"": 28.480756, ""lon"": 77.092583}, {""gateName"": ""Gate 3"", ""stopCode"": ""98"", ""lat"": 28.480813, ""lon"": 77.094122}, {""gateName"": ""Rapid Metro"", ""stopCode"": ""98"", ""lat"": 28.480883, ""lon"": 77.094657}, {""gateName"": ""Gate 1"", ""stopCode"": ""98"", ""lat"": 28.480958, ""lon"": 77.093122}, {""gateName"": ""Gate 4"", ""stopCode"": ""98"", ""lat"": 28.481275, ""lon"": 77.094263}]",28.481352,77.092995,Sikanderpur,
delhi_metro,99,"{""type"":""MultiPolygon"",""coordinates"":[[[[77.080671,28.479958],[77.080593,28.480979],[77.079904,28.48095],[77.079904,28.479868],[77.079515,28.479812],[77.079504,28.479562],[77.078927,28.479482],[77.078994,28.479265],[77.079136,28.479279],[77.079201,28.479189],[77.079936,28.478984],[77.079987,28.479104],[77.08036,28.479102],[77.080628,28.479159],[77.080622,28.479376],[77.080883,28.479468],[77.080912,28.4796],[77.080724,28.479915],[77.080671,28.479958]]]]}","[{""gateName"": ""Gate 1"", ""stopCode"": ""99"", ""lat"": 28.47931, ""lon"": 77.080078}, {""gateName"": ""Gate 2"", ""stopCode"": ""99"", ""lat"": 28.479906, ""lon"": 77.080287}, {""gateName"": ""MGF Metropolitan"", ""stopCode"": ""99"", ""lat"": 28.480772, ""lon"": 77.079917}, {""gateName"": ""City Center Mall"", ""stopCode"": ""99"", ""lat"": 28.47911, ""lon"": 77.079944}, {""gateName"": ""Exit Towards Metro Parking"", ""stopCode"": ""99"", ""lat"": 28.479239, ""lon"": 77.07926}, {""gateName"": ""Lift Towards IFFCO Chowk"", ""stopCode"": ""99"", ""lat"": 28.479239, ""lon"": 77.079563}, {""gateName"": ""MGF Metropolitan Mall Entry"", ""stopCode"": ""99"", ""lat"": 28.479876, ""lon"": 77.080687}, {""gateName"": ""DLF City Center Entry"", ""stopCode"": ""99"", ""lat"": 28.479432, ""lon"": 77.080744}]",28.47967,77.080444,M.G. Road,
delhi_metro,100,"{""type"":""MultiPolygon"",""coordinates"":[[[[77.072957,28.471121],[77.07292,28.471611],[77.07299,28.471833],[77.072888,28.472696],[77.072517,28.473045],[77.072136,28.472998],[77.07189,28.472455],[77.07189,28.471984],[77.071407,28.471904],[77.07153,28.471022],[77.072957,28.471121]]]]}","[{""gateName"": ""Gate 1"", ""stopCode"": ""100"", ""lat"": 28.472234, ""lon"": 77.072678}, {""gateName"": ""Gate 2"", ""stopCode"": ""100"", ""lat"": 28.47152, ""lon"": 77.072442}, {""gateName"": ""Gate 3 Towards HUDA"", ""stopCode"": ""100"", ""lat"": 28.471617, ""lon"": 77.072755}, {""gateName"": ""Near Indian Oil Petrol Pump"", ""stopCode"": ""100"", ""lat"": 28.472426, ""lon"": 77.072302}]",28.472137,77.072502,IFFCO Chowk,
delhi_metro,101,"{""type"":""MultiPolygon"",""coordinates"":[[[[77.07401,28.459158],[77.074074,28.459077],[77.074122,28.459082],[77.074138,28.460134],[77.073731,28.4602],[77.073672,28.460464],[77.073371,28.460469],[77.072266,28.459261],[77.071778,28.459459],[77.071124,28.458809],[77.07078,28.459153],[77.07026,28.458695],[77.071124,28.458101],[77.071402,28.458379],[77.071563,28.458346],[77.071553,28.458262],[77.071649,28.458219],[77.071767,28.458205],[77.071816,28.458233],[77.071934,28.458257],[77.072046,28.458285],[77.072186,28.458328],[77.07232,28.458375],[77.072481,28.457978],[77.073419,28.458332],[77.073183,28.458794],[77.07387,28.458941],[77.073918,28.458988],[77.073945,28.45904],[77.07401,28.459158]]]]}","[{""gateName"": ""Gate 1"", ""stopCode"": ""101"", ""lat"": 28.459011, ""lon"": 77.073618}, {""gateName"": ""Gate 2"", ""stopCode"": ""101"", ""lat"": 28.458679, ""lon"": 77.072792}, {""gateName"": ""Gate 3"", ""stopCode"": ""101"", ""lat"": 28.458456, ""lon"": 77.071491}, {""gateName"": ""Gate 4"", ""stopCode"": ""101"", ""lat"": 28.459528, ""lon"": 77.073909}, {""gateName"": ""Fortis Hospital Gate 2"", ""stopCode"": ""101"", ""lat"": 28.458199, ""lon"": 77.072677}, {""gateName"": ""Fortis Hospital Foot Over Bridge Gate 3"", ""stopCode"": ""101"", ""lat"": 28.458558, ""lon"": 77.070808}]",28.459118,77.072586,Millennium City Centre Gurugram,
delhi_metro,104,"{""type"":""MultiPolygon"",""coordinates"":[[[[77.233413,28.588843],[77.232995,28.588796],[77.233006,28.588598],[77.233692,28.588645],[77.233692,28.588824],[77.23395,28.588824],[77.233928,28.589003],[77.233682,28.588994],[77.233564,28.590435],[77.233242,28.59036],[77.233413,28.588843]]]]}","[{""gateName"": ""Gate 1"", ""stopCode"": ""104"", ""lat"": 28.590256, ""lon"": 77.233435}, {""gateName"": ""Gate 2"", ""stopCode"": ""104"", ""lat"": 28.589446, ""lon"": 77.233564}, {""gateName"": ""CGO Complex Gate"", ""stopCode"": ""104"", ""lat"": 28.588824, ""lon"": 77.233692}, {""gateName"": ""Gate 4"", ""stopCode"": ""104"", ""lat"": 28.588655, ""lon"": 77.233081}]",28.590475,77.23307,JLN Stadium,
delhi_metro,105,"{""type"":""MultiPolygon"",""coordinates"":[[[[77.238023,28.583697],[77.239289,28.582707],[77.239868,28.583433],[77.240126,28.58348],[77.240061,28.58332],[77.240619,28.58331],[77.240866,28.583828],[77.240297,28.584064],[77.239954,28.58381],[77.239718,28.583725],[77.23901,28.585025],[77.238495,28.584846],[77.238742,28.584234],[77.238023,28.583697]]]]}","[{""gateName"": ""Gate 1"", ""stopCode"": ""105"", ""lat"": 28.583535, ""lon"": 77.240678}, {""gateName"": ""Gate 2"", ""stopCode"": ""105"", ""lat"": 28.583572, ""lon"": 77.240141}, {""gateName"": ""Gate 3"", ""stopCode"": ""105"", ""lat"": 28.584778, ""lon"": 77.23895}]",28.583231,77.239662,Jangpura,
delhi_metro,106,"{""type"":""MultiPolygon"",""coordinates"":[[[[77.236428,28.571768],[77.235548,28.570072],[77.236234,28.56977],[77.236449,28.570147],[77.240719,28.568319],[77.240891,28.568772],[77.236857,28.570562],[77.237243,28.571353],[77.236428,28.571768]]]]}","[{""gateName"": ""Gate 3"", ""stopCode"": ""106"", ""lat"": 28.570468, ""lon"": 77.235913}, {""gateName"": ""Gate 2"", ""stopCode"": ""106"", ""lat"": 28.5706, ""lon"": 77.236664}, {""gateName"": ""Gate 5"", ""stopCode"": ""106"", ""lat"": 28.568866, ""lon"": 77.24029}, {""gateName"": ""Gate 1"", ""stopCode"": ""106"", ""lat"": 28.571165, ""lon"": 77.236814}, {""gateName"": ""Gate 4"", ""stopCode"": ""106"", ""lat"": 28.569469, ""lon"": 77.238981}, {""gateName"": ""Foot Over Bridge Exit Point"", ""stopCode"": ""106"", ""lat"": 28.570317, ""lon"": 77.236771}]",28.570705,77.233124,Lajpat Nagar,
delhi_metro,107,"{""type"":""MultiPolygon"",""coordinates"":[[[[77.234144,28.564884],[77.233779,28.564149],[77.233682,28.563866],[77.234154,28.563659],[77.23424,28.56332],[77.234519,28.563348],[77.234455,28.564243],[77.234369,28.564281],[77.234465,28.564799],[77.234144,28.564884]]]]}","[{""gateName"": ""Gate 1"", ""stopCode"": ""107"", ""lat"": 28.563519, ""lon"": 77.234263}, {""gateName"": ""Sevak Ram Naturopathy Centre"", ""stopCode"": ""107"", ""lat"": 28.563938, ""lon"": 77.234332}]",28.564629,77.234222,Moolchand,
delhi_metro,108,"{""type"":""MultiPolygon"",""coordinates"":[[[[77.241248,28.555691],[77.241656,28.555427],[77.241816,28.555192],[77.242117,28.55505],[77.242385,28.554739],[77.242739,28.555088],[77.241634,28.555946],[77.241248,28.555691]]]]}","[{""gateName"": ""Gate 2"", ""stopCode"": ""108"", ""lat"": 28.555434, ""lon"": 77.24212}, {""gateName"": ""Kailash Colony Road"", ""stopCode"": ""108"", ""lat"": 28.555298, ""lon"": 77.241875}]",28.554617,77.239738,Kailash Colony,
delhi_metro,109,"{""type"":""MultiPolygon"",""coordinates"":[[[[77.250423,28.551734],[77.249984,28.55171],[77.250772,28.550231],[77.252483,28.551041],[77.252344,28.551706],[77.250423,28.551734]]]]}","[{""gateName"": ""Entry"", ""stopCode"": ""109"", ""lat"": 28.55073, ""lon"": 77.251443}, {""gateName"": ""Exit"", ""stopCode"": ""109"", ""lat"": 28.550938, ""lon"": 77.251974}, {""gateName"": ""Near Parking"", ""stopCode"": ""109"", ""lat"": 28.550796, ""lon"": 77.250541}]",28.551134,77.251511,Nehru Place,
delhi_metro,111,"{""type"":""MultiPolygon"",""coordinates"":[[[[77.263338,28.545156],[77.264164,28.543404],[77.26514,28.543667],[77.264497,28.545496],[77.263338,28.545156]]]]}","[{""gateName"": ""Jama Masjid Pickup"", ""stopCode"": ""111"", ""lat"": 28.543536, ""lon"": 77.264304}, {""gateName"": ""Gate 6"", ""stopCode"": ""111"", ""lat"": 28.545232, ""lon"": 77.264282}, {""gateName"": ""Entry"", ""stopCode"": ""111"", ""lat"": 28.544167, ""lon"": 77.264647}, {""gateName"": ""Towards Kalkaji"", ""stopCode"": ""111"", ""lat"": 28.545015, ""lon"": 77.263638}]",28.544413,77.264259,Govind Puri,
delhi_metro,112,"{""type"":""MultiPolygon"",""coordinates"":[[[[77.274098,28.542764],[77.274559,28.542396],[77.275611,28.542952],[77.276126,28.542189],[77.27693,28.542552],[77.276372,28.543127],[77.275793,28.543669],[77.275804,28.543556],[77.274098,28.542764]]]]}","[{""gateName"": ""Gate 1"", ""stopCode"": ""112"", ""lat"": 28.542843, ""lon"": 77.274462}, {""gateName"": ""Gate 2"", ""stopCode"": ""112"", ""lat"": 28.543266, ""lon"": 77.275252}, {""gateName"": ""Gate 3"", ""stopCode"": ""112"", ""lat"": 28.543341, ""lon"": 77.276102}]",28.543194,77.275955,Harkesh Nagar Okhla,
delhi_metro,113,"{""type"":""MultiPolygon"",""coordinates"":[[[[77.282967,28.539246],[77.283182,28.538916],[77.283064,28.538859],[77.282752,28.538718],[77.282967,28.538398],[77.28227,28.538086],[77.282989,28.536729],[77.28345,28.536842],[77.283943,28.537747],[77.283793,28.538011],[77.283686,28.538152],[77.283439,28.538577],[77.283858,28.538803],[77.283986,28.539067],[77.28345,28.539265],[77.28315,28.539293],[77.282967,28.539246]]]]}","[{""gateName"": ""Gate 1"", ""stopCode"": ""113"", ""lat"": 28.539123, ""lon"": 77.283289}, {""gateName"": ""Gate 2"", ""stopCode"": ""113"", ""lat"": 28.538209, ""lon"": 77.283536}]",28.538084,77.285538,Jasola-Apollo,
delhi_metro,114,"{""type"":""MultiPolygon"",""coordinates"":[[[[77.2879366,28.5285759],[77.2880912,28.5286201],[77.2886299,28.5279605],[77.2890574,28.5282358],[77.2886451,28.5287658],[77.2887247,28.528808],[77.2888842,28.5288772],[77.2887616,28.5291206],[77.2885881,28.5290438],[77.2884843,28.5293762],[77.2871279,28.5288102],[77.2873844,28.5282704],[77.2879723,28.5284321],[77.2879366,28.5285759]]]]}","[{""gateName"": ""Gate 1 Parking"", ""stopCode"": ""114"", ""lat"": 28.5287757, ""lon"": 77.2877774}, {""gateName"": ""Gate 2"", ""stopCode"": ""114"", ""lat"": 28.5289691, ""lon"": 77.2885329}]",28.528622,77.288345,Sarita Vihar,
delhi_metro,115,"{""type"":""MultiPolygon"",""coordinates"":[[[[77.294114,28.520083],[77.294736,28.518876],[77.295348,28.519084],[77.294908,28.519866],[77.295509,28.520045],[77.295348,28.520337],[77.29479,28.520083],[77.294672,28.520309],[77.294114,28.520083]]]]}","[{""gateName"": ""Gate 1"", ""stopCode"": ""115"", ""lat"": 28.519197, ""lon"": 77.294693}, {""gateName"": ""Gate 2 DMRC Staff Qtr"", ""stopCode"": ""115"", ""lat"": 28.520045, ""lon"": 77.294897}]",28.51959,77.294518,Mohan Estate,
delhi_metro,116,"{""type"":""MultiPolygon"",""coordinates"":[[[[77.298809,28.50346],[77.298766,28.501891],[77.299662,28.501683],[77.300118,28.50355],[77.298809,28.50346]]]]}","[{""gateName"": ""Entry Exit"", ""stopCode"": ""116"", ""lat"": 28.503069, ""lon"": 77.299571}]",28.502232,77.29866,Tughlakabad Station,
delhi_metro,117,"{""type"":""MultiPolygon"",""coordinates"":[[[[77.30241,28.49369],[77.302796,28.492484],[77.303418,28.492559],[77.303182,28.493903],[77.30241,28.49369]]]]}","[{""gateName"": ""Gate 1"", ""stopCode"": ""117"", ""lat"": 28.492648, ""lon"": 77.303107}, {""gateName"": ""Gate 2"", ""stopCode"": ""117"", ""lat"": 28.49361, ""lon"": 77.302871}]",28.4932,77.30085,Badarpur Border,
delhi_metro,118,"{""type"":""MultiPolygon"",""coordinates"":[[[[77.169668,28.674297],[77.169164,28.674001],[77.169716,28.673337],[77.168697,28.672438],[77.169072,28.671939],[77.169416,28.672099],[77.169491,28.67193],[77.169716,28.671996],[77.169609,28.672302],[77.169491,28.672278],[77.16933,28.672636],[77.170006,28.673172],[77.170993,28.672659],[77.17132,28.673022],[77.169668,28.674297]]]]}","[{""gateName"": ""Gate 2"", ""stopCode"": ""118"", ""lat"": 28.673521, ""lon"": 77.17}, {""gateName"": ""Gate 5"", ""stopCode"": ""118"", ""lat"": 28.672501, ""lon"": 77.168919}, {""gateName"": ""Footover Towards Haji Abdul Marg"", ""stopCode"": ""118"", ""lat"": 28.67201, ""lon"": 77.169691}, {""gateName"": ""Gate 4"", ""stopCode"": ""118"", ""lat"": 28.67204, ""lon"": 77.169023}, {""gateName"": ""Gate 1"", ""stopCode"": ""118"", ""lat"": 28.673077, ""lon"": 77.170278}]",28.673452,77.170235,Inderlok,
delhi_metro,119,"{""type"":""MultiPolygon"",""coordinates"":[[[[77.156068,28.671679],[77.154534,28.671966],[77.154475,28.671486],[77.15594,28.671283],[77.156068,28.671679]]]]}","[{""gateName"": ""Gate 2"", ""stopCode"": ""119"", ""lat"": 28.67166, ""lon"": 77.15569}, {""gateName"": ""Gate 1"", ""stopCode"": ""119"", ""lat"": 28.671415, ""lon"": 77.155523}, {""gateName"": ""Towards Rohini"", ""stopCode"": ""119"", ""lat"": 28.671881, ""lon"": 77.154598}]",28.671572,77.155159,Ashok Park Main,
delhi_metro,120,"{""type"":""MultiPolygon"",""coordinates"":[[[[77.147064,28.672976],[77.146492,28.673077],[77.146535,28.673418],[77.145551,28.673557],[77.145387,28.672762],[77.146988,28.67258],[77.147064,28.672976]]]]}","[{""gateName"": ""Gate 1"", ""stopCode"": ""120"", ""lat"": 28.672656, ""lon"": 77.14641}, {""gateName"": ""Gate 2"", ""stopCode"": ""120"", ""lat"": 28.67308, ""lon"": 77.146346}]",28.672943,77.146011,Punjabi Bagh,
delhi_metro,121,"{""type"":""MultiPolygon"",""coordinates"":[[[[77.129886,28.675277],[77.129865,28.674858],[77.130154,28.674811],[77.130152,28.674684],[77.130905,28.674615],[77.130929,28.674676],[77.131243,28.674634],[77.131305,28.674964],[77.13119,28.674978],[77.131195,28.675152],[77.129889,28.675319],[77.129886,28.675277]]]]}","[{""gateName"": ""Gate 1"", ""stopCode"": ""121"", ""lat"": 28.674726, ""lon"": 77.130491}, {""gateName"": ""Gate 2"", ""stopCode"": ""121"", ""lat"": 28.675147, ""lon"": 77.130572}]",28.674965,77.128258,Shivaji Park,
delhi_metro,122,"{""type"":""MultiPolygon"",""coordinates"":[[[[77.120424,28.676365],[77.120113,28.676396],[77.120113,28.676443],[77.119759,28.676535],[77.119775,28.676652],[77.119405,28.676697],[77.119432,28.676664],[77.119338,28.676507],[77.119051,28.676518],[77.118922,28.676297],[77.118783,28.676175],[77.119952,28.675956],[77.12006,28.676191],[77.120234,28.676172],[77.12039,28.67618],[77.120424,28.676365]]]]}","[{""gateName"": ""Gate 1 Towards Parking"", ""stopCode"": ""122"", ""lat"": 28.676142, ""lon"": 77.119644}, {""gateName"": ""Gate 2, Towards Rail Reservation Center"", ""stopCode"": ""122"", ""lat"": 28.67658, ""lon"": 77.119706}]",28.676418,77.117294,Madipur,
delhi_metro,123,"{""type"":""MultiPolygon"",""coordinates"":[[[[77.103036,28.678808],[77.102017,28.678987],[77.101996,28.678883],[77.101449,28.67902],[77.101331,28.678483],[77.101529,28.678455],[77.101722,28.678248],[77.101942,28.678375],[77.102951,28.678248],[77.103036,28.678808]]]]}","[{""gateName"": ""Gate 2"", ""stopCode"": ""123"", ""lat"": 28.678876, ""lon"": 77.102344}, {""gateName"": ""Gate 1"", ""stopCode"": ""123"", ""lat"": 28.678396, ""lon"": 77.10184}]",28.678539,77.102119,Paschim Vihar West,
delhi_metro,124,"{""type"":""MultiPolygon"",""coordinates"":[[[[77.111742,28.677664],[77.111698,28.677132],[77.112686,28.676751],[77.113152,28.676958],[77.113195,28.677541],[77.112568,28.677654],[77.111742,28.677664]]]]}","[{""gateName"": ""Gate 1, Towards Bharati Vidyapeeth"", ""stopCode"": ""124"", ""lat"": 28.677042, ""lon"": 77.112873}, {""gateName"": ""Gate 2 Towards Parking"", ""stopCode"": ""124"", ""lat"": 28.677564, ""lon"": 77.11235}]",28.677305,77.112251,Paschim Vihar East,
delhi_metro,125,"{""type"":""MultiPolygon"",""coordinates"":[[[[77.0936,28.679939],[77.091939,28.680123],[77.091875,28.679539],[77.092422,28.679478],[77.092411,28.679389],[77.09247,28.679384],[77.093554,28.679351],[77.0936,28.679939]]]]}","[{""gateName"": ""Service Road Near Outer Ring Road"", ""stopCode"": ""125"", ""lat"": 28.679522, ""lon"": 77.093254}, {""gateName"": ""Gate 2"", ""stopCode"": ""125"", ""lat"": 28.679923, ""lon"": 77.092305}]",28.67972,77.092491,Peeragarhi,
delhi_metro,126,"{""type"":""MultiPolygon"",""coordinates"":[[[[77.081687,28.681209],[77.080866,28.681329],[77.080925,28.681646],[77.080276,28.681759],[77.080051,28.680792],[77.081199,28.680672],[77.081279,28.680849],[77.081652,28.68083],[77.081687,28.681209]]]]}","[{""gateName"": ""Gate 1"", ""stopCode"": ""126"", ""lat"": 28.680773, ""lon"": 77.080925}, {""gateName"": ""Gate 2"", ""stopCode"": ""126"", ""lat"": 28.681404, ""lon"": 77.080536}]",28.681047,77.078674,Udyog Nagar,
delhi_metro,127,"{""type"":""MultiPolygon"",""coordinates"":[[[[77.074801,28.682017],[77.074816,28.682078],[77.07417,28.682144],[77.074156,28.682069],[77.0731,28.682177],[77.073027,28.681753],[77.073841,28.681605],[77.073822,28.681516],[77.0747,28.6814],[77.074801,28.682017]]]]}","[{""gateName"": ""Gate 2"", ""stopCode"": ""127"", ""lat"": 28.681982, ""lon"": 77.074493}, {""gateName"": ""Gate 1"", ""stopCode"": ""127"", ""lat"": 28.681605, ""lon"": 77.073841}]",28.681833,77.073891,Maharaja Surajmal Stadium,
delhi_metro,128,"{""type"":""MultiPolygon"",""coordinates"":[[[[77.063955,28.682714],[77.063897,28.682212],[77.065796,28.682194],[77.065806,28.682715],[77.063955,28.682714]]]]}","[{""gateName"": ""Towards Nangloi Railway Station"", ""stopCode"": ""128"", ""lat"": 28.682443, ""lon"": 77.064005}, {""gateName"": ""Gate 1"", ""stopCode"": ""128"", ""lat"": 28.68268, ""lon"": 77.064872}, {""gateName"": ""Gate 2"", ""stopCode"": ""128"", ""lat"": 28.682586, ""lon"": 77.065344}]",28.682356,77.064728,Nangloi,
delhi_metro,129,"{""type"":""MultiPolygon"",""coordinates"":[[[[77.055532,28.681876],[77.057018,28.68189],[77.057004,28.682389],[77.056487,28.68242],[77.055551,28.682398],[77.055532,28.681876]]]]}","[{""gateName"": ""Gate 1"", ""stopCode"": ""129"", ""lat"": 28.681928, ""lon"": 77.056213}, {""gateName"": ""Gate 2"", ""stopCode"": ""129"", ""lat"": 28.682331, ""lon"": 77.056166}]",28.682091,77.05619,Nangloi Railway Station,
delhi_metro,130,"{""type"":""MultiPolygon"",""coordinates"":[[[[77.044746,28.682408],[77.04406,28.682434],[77.044054,28.68258],[77.043539,28.68258],[77.043539,28.682462],[77.043228,28.682443],[77.043207,28.682043],[77.043644,28.682038],[77.043641,28.681928],[77.043849,28.681927],[77.043849,28.681988],[77.044073,28.681982],[77.044078,28.682081],[77.044746,28.682078],[77.044746,28.682408]]]]}","[{""gateName"": ""Gate 2"", ""stopCode"": ""130"", ""lat"": 28.682391, ""lon"": 77.044422}, {""gateName"": ""Gate 1"", ""stopCode"": ""130"", ""lat"": 28.682115, ""lon"": 77.04439}]",28.682217,77.043869,Rajdhani Park,
delhi_metro,131,"{""type"":""MultiPolygon"",""coordinates"":[[[[77.03151,28.682529],[77.030811,28.682566],[77.030824,28.683594],[77.029464,28.683554],[77.029555,28.682408],[77.030124,28.682022],[77.031506,28.682174],[77.03151,28.682529]]]]}","[{""gateName"": ""Gate 1"", ""stopCode"": ""131"", ""lat"": 28.682145, ""lon"": 77.030153}, {""gateName"": ""Gate 2"", ""stopCode"": ""131"", ""lat"": 28.682604, ""lon"": 77.03059}]",28.682411,77.028282,Mundka,
delhi_metro,132,"{""type"":""MultiPolygon"",""coordinates"":[[[[77.157004,28.661764],[77.157259,28.661531],[77.158345,28.662364],[77.158149,28.662576],[77.157004,28.661764]]]]}","[{""gateName"": ""Gate Entry-Exit"", ""stopCode"": ""132"", ""lat"": 28.661716, ""lon"": 77.157454}]",28.662188,77.157829,Satguru Ram Singh Marg,
delhi_metro,133,"{""type"":""MultiPolygon"",""coordinates"":[[[[77.149454,28.656373],[77.151107,28.654999],[77.150796,28.654161],[77.15115,28.653963],[77.152223,28.655272],[77.149819,28.656741],[77.149454,28.656373]]]]}","[{""gateName"": ""Gate 1"", ""stopCode"": ""133"", ""lat"": 28.656342, ""lon"": 77.149969}]",28.655773,77.148499,Kirti Nagar,
delhi_metro,135,"{""type"":""MultiPolygon"",""coordinates"":[[[[77.057814,28.550319],[77.059552,28.55292],[77.058028,28.554032],[77.055904,28.551657],[77.056312,28.551224],[77.057814,28.550319]]]]}","[{""gateName"": ""Service Road Pickup"", ""stopCode"": ""135"", ""lat"": 28.551902, ""lon"": 77.057057}, {""gateName"": ""Mall Parking Entry Gate"", ""stopCode"": ""135"", ""lat"": 28.553485, ""lon"": 77.058473}, {""gateName"": ""Exit Gate"", ""stopCode"": ""135"", ""lat"": 28.552538, ""lon"": 77.057379}, {""gateName"": ""Entry"", ""stopCode"": ""135"", ""lat"": 28.552934, ""lon"": 77.057761}]",28.552322,77.056198,Dwarka Sector - 21,
delhi_metro,136,"{""type"":""MultiPolygon"",""coordinates"":[[[[77.32546,28.645918],[77.323357,28.645781],[77.323389,28.645052],[77.325481,28.645118],[77.32546,28.645918]]]]}","[{""gateName"": ""Gate 1"", ""stopCode"": ""136"", ""lat"": 28.645792, ""lon"": 77.323894}, {""gateName"": ""Gate 2"", ""stopCode"": ""136"", ""lat"": 28.645208, ""lon"": 77.323886}, {""gateName"": ""Gate 3"", ""stopCode"": ""136"", ""lat"": 28.645168, ""lon"": 77.325307}]",28.645428,77.322273,Kaushambi,
delhi_metro,137,"{""type"":""MultiPolygon"",""coordinates"":[[[[77.340834,28.649999],[77.339965,28.650966],[77.339601,28.651004],[77.338522,28.650361],[77.338302,28.649269],[77.339306,28.648426],[77.339547,28.648643],[77.339402,28.64917],[77.340834,28.649999]]]]}","[{""gateName"": ""Exit"", ""stopCode"": ""137"", ""lat"": 28.649716, ""lon"": 77.339727}, {""gateName"": ""Towards Mahagun Mall"", ""stopCode"": ""137"", ""lat"": 28.648965, ""lon"": 77.338905}, {""gateName"": ""Pickup Towards Anand Vihar"", ""stopCode"": ""137"", ""lat"": 28.650352, ""lon"": 77.339172}]",28.650059,77.337608,Vaishali,
delhi_metro,144,"{""type"":""MultiPolygon"",""coordinates"":[[[[77.218936,28.626065],[77.218871,28.624181],[77.219515,28.624162],[77.219611,28.626131],[77.21944,28.625989],[77.219172,28.625989],[77.219129,28.626065],[77.218936,28.626065]]]]}","[{""gateName"": ""Towards Le Meridien"", ""stopCode"": ""144"", ""lat"": 28.624671, ""lon"": 77.219397}, {""gateName"": ""Towards Rajiv Chowk"", ""stopCode"": ""144"", ""lat"": 28.625368, ""lon"": 77.219043}]",28.627817,77.218956,Janpath,
delhi_metro,146,"{""type"":""MultiPolygon"",""coordinates"":[[[[77.24094,28.630086],[77.241112,28.627826],[77.24079,28.627713],[77.240403,28.627901],[77.240146,28.627637],[77.240832,28.627336],[77.242463,28.627637],[77.242378,28.628108],[77.241691,28.628127],[77.241476,28.630105],[77.24094,28.630086]]]]}","[{""gateName"": ""Gate 1"", ""stopCode"": ""146"", ""lat"": 28.627618, ""lon"": 77.240403}, {""gateName"": ""Gate 2"", ""stopCode"": ""146"", ""lat"": 28.627713, ""lon"": 77.24079}, {""gateName"": ""Gate 6"", ""stopCode"": ""146"", ""lat"": 28.627637, ""lon"": 77.242098}, {""gateName"": ""Gate 5"", ""stopCode"": ""146"", ""lat"": 28.628052, ""lon"": 77.24182}, {""gateName"": ""Gate 3"", ""stopCode"": ""146"", ""lat"": 28.629389, ""lon"": 77.241112}, {""gateName"": ""Gate 4"", ""stopCode"": ""146"", ""lat"": 28.629935, ""lon"": 77.241369}]",28.627205,77.240952,ITO,
delhi_metro,147,"{""type"":""MultiPolygon"",""coordinates"":[[[[77.147613,28.729209],[77.148031,28.729148],[77.148535,28.729171],[77.149276,28.729557],[77.149705,28.729867],[77.150096,28.730441],[77.149887,28.730648],[77.147613,28.729209]]]]}","[{""gateName"": ""Gate 2"", ""stopCode"": ""147"", ""lat"": 28.729237, ""lon"": 77.147736}, {""gateName"": ""Gate 1"", ""stopCode"": ""147"", ""lat"": 28.730049, ""lon"": 77.149732}]",28.718657,77.149956,Haiderpur Badli Mor,
delhi_metro,151,"{""type"":""MultiPolygon"",""coordinates"":[[[[77.306707,28.458529],[77.306782,28.457907],[77.306712,28.457897],[77.306723,28.457709],[77.306562,28.457709],[77.306594,28.457242],[77.306787,28.457256],[77.307232,28.457336],[77.307264,28.456888],[77.307613,28.456912],[77.307661,28.45702],[77.307704,28.457265],[77.307667,28.457831],[77.307618,28.458095],[77.307581,28.4586],[77.306707,28.458529]]]]}","[{""gateName"": ""Gate 1"", ""stopCode"": ""151"", ""lat"": 28.458473, ""lon"": 77.307431}, {""gateName"": ""Gate 2"", ""stopCode"": ""151"", ""lat"": 28.457322, ""lon"": 77.306782}, {""gateName"": ""Gate 3 Footover Bridge"", ""stopCode"": ""151"", ""lat"": 28.457949, ""lon"": 77.306825}]",28.462435,77.305252,NHPC Chowk,
delhi_metro,152,"{""type"":""MultiPolygon"",""coordinates"":[[[[77.307522,28.449228],[77.30757,28.44894],[77.307431,28.448936],[77.307452,28.448143],[77.307973,28.448162],[77.308053,28.447558],[77.308482,28.447719],[77.308456,28.448096],[77.308396,28.448106],[77.308257,28.449247],[77.307522,28.449228]]]]}","[{""gateName"": ""Gate 2"", ""stopCode"": ""152"", ""lat"": 28.447681, ""lon"": 77.308139}, {""gateName"": ""Gate 3"", ""stopCode"": ""152"", ""lat"": 28.448903, ""lon"": 77.307565}, {""gateName"": ""Gate 1"", ""stopCode"": ""152"", ""lat"": 28.44919, ""lon"": 77.308101}]",28.4485,77.308098,Mewala Maharajpur,
delhi_metro,154,"{""type"":""MultiPolygon"",""coordinates"":[[[[77.310063,28.423604],[77.31011,28.42305],[77.309734,28.423054],[77.309724,28.423192],[77.309473,28.423186],[77.30953,28.422912],[77.310131,28.422915],[77.310214,28.421943],[77.310721,28.421956],[77.310625,28.423613],[77.310063,28.423604]]]]}","[{""gateName"": ""Gate 3"", ""stopCode"": ""154"", ""lat"": 28.423047, ""lon"": 77.309548}, {""gateName"": ""Gate 1"", ""stopCode"": ""154"", ""lat"": 28.423532, ""lon"": 77.310378}, {""gateName"": ""Gate 2"", ""stopCode"": ""154"", ""lat"": 28.422215, ""lon"": 77.310661}]",28.422707,77.310234,Badkal Mor,
delhi_metro,155,"{""type"":""MultiPolygon"",""coordinates"":[[[[77.310595,28.411515],[77.310681,28.409967],[77.311716,28.410052],[77.311641,28.411581],[77.310595,28.411515]]]]}","[{""gateName"": ""Gate 1"", ""stopCode"": ""155"", ""lat"": 28.411458, ""lon"": 77.311453}, {""gateName"": ""Gate 3"", ""stopCode"": ""155"", ""lat"": 28.410076, ""lon"": 77.310761}, {""gateName"": ""Gate 2"", ""stopCode"": ""155"", ""lat"": 28.410123, ""lon"": 77.311346}]",28.412172,77.311272,Old Faridabad,
delhi_metro,156,"{""type"":""MultiPolygon"",""coordinates"":[[[[77.312493,28.39871],[77.311935,28.398767],[77.311506,28.398672],[77.311602,28.398012],[77.311238,28.39787],[77.311238,28.397719],[77.311881,28.397748],[77.311978,28.396653],[77.312804,28.396709],[77.312493,28.39871]]]]}","[{""gateName"": ""Gate 3"", ""stopCode"": ""156"", ""lat"": 28.397889, ""lon"": 77.311817}, {""gateName"": ""Gate 1"", ""stopCode"": ""156"", ""lat"": 28.39837, ""lon"": 77.312418}, {""gateName"": ""Gate 2"", ""stopCode"": ""156"", ""lat"": 28.396906, ""lon"": 77.312335}]",28.400707,77.309105,Neelam Chowk Ajronda,
delhi_metro,157,"{""type"":""MultiPolygon"",""coordinates"":[[[[77.312337,28.386904],[77.312584,28.384837],[77.313839,28.38496],[77.313699,28.386952],[77.312337,28.386904]]]]}","[{""gateName"": ""Gate 2"", ""stopCode"": ""157"", ""lat"": 28.385177, ""lon"": 77.313452}, {""gateName"": ""Gate 1"", ""stopCode"": ""157"", ""lat"": 28.386687, ""lon"": 77.313259}, {""gateName"": ""Gate 3"", ""stopCode"": ""157"", ""lat"": 28.386272, ""lon"": 77.312669}]",28.386362,77.298782,Bata Chowk,
delhi_metro,158,"{""type"":""MultiPolygon"",""coordinates"":[[[[77.314135,28.370811],[77.314339,28.3688],[77.315304,28.368875],[77.315122,28.370905],[77.314135,28.370811]]]]}","[{""gateName"": ""Gate 3"", ""stopCode"": ""158"", ""lat"": 28.369858, ""lon"": 77.314283}, {""gateName"": ""Gate 2"", ""stopCode"": ""158"", ""lat"": 28.36894, ""lon"": 77.31524}, {""gateName"": ""Gate 1"", ""stopCode"": ""158"", ""lat"": 28.370785, ""lon"": 77.315051}]",28.370199,77.315002,Escorts Mujesar,
delhi_metro,164,"{""type"":""MultiPolygon"",""coordinates"":[[[[77.238713,28.640759],[77.238735,28.639892],[77.2394,28.639874],[77.240044,28.639723],[77.240687,28.63944],[77.240838,28.638838],[77.240666,28.63735],[77.241438,28.637331],[77.241417,28.640175],[77.238713,28.640759]]]]}","[{""gateName"": ""Gate 1"", ""stopCode"": ""164"", ""lat"": 28.63784, ""lon"": 77.240752}, {""gateName"": ""Gate 5"", ""stopCode"": ""164"", ""lat"": 28.638198, ""lon"": 77.241331}, {""gateName"": ""Gate 4"", ""stopCode"": ""164"", ""lat"": 28.63929, ""lon"": 77.241288}, {""gateName"": ""Gate 2"", ""stopCode"": ""164"", ""lat"": 28.639798, ""lon"": 77.240172}, {""gateName"": ""Gate 3"", ""stopCode"": ""164"", ""lat"": 28.640533, ""lon"": 77.239014}]",28.640488,77.240303,Delhi Gate,
delhi_metro,165,"{""type"":""MultiPolygon"",""coordinates"":[[[[77.238195,28.65165],[77.237444,28.65101],[77.236221,28.650972],[77.236328,28.64988],[77.239397,28.648619],[77.239697,28.648939],[77.238152,28.650972],[77.238495,28.651274],[77.238195,28.65165]]]]}","[{""gateName"": ""Gate 1"", ""stopCode"": ""165"", ""lat"": 28.649522, ""lon"": 77.23753}, {""gateName"": ""Gate 3"", ""stopCode"": ""165"", ""lat"": 28.651443, ""lon"": 77.238216}, {""gateName"": ""Gate 4"", ""stopCode"": ""165"", ""lat"": 28.650686, ""lon"": 77.238134}, {""gateName"": ""Gate 2"", ""stopCode"": ""165"", ""lat"": 28.650874, ""lon"": 77.237083}]",28.650393,77.237556,Jama Masjid,
delhi_metro,166,"{""type"":""MultiPolygon"",""coordinates"":[[[[77.236985,28.656467],[77.2372,28.657907],[77.2378,28.658096],[77.237736,28.658312],[77.2378,28.658585],[77.237543,28.658519],[77.23721,28.658472],[77.237017,28.659037],[77.23633,28.658943],[77.236642,28.657663],[77.236502,28.656514],[77.236985,28.656467]]]]}","[{""gateName"": ""Gate 1 Red Fort"", ""stopCode"": ""166"", ""lat"": 28.657135, ""lon"": 77.236663}, {""gateName"": ""Gate 4"", ""stopCode"": ""166"", ""lat"": 28.656834, ""lon"": 77.236803}, {""gateName"": ""Gate 2"", ""stopCode"": ""166"", ""lat"": 28.658736, ""lon"": 77.236524}, {""gateName"": ""Gate 3"", ""stopCode"": ""166"", ""lat"": 28.658877, ""lon"": 77.23691}]",28.657576,77.236595,Lal Quila,
delhi_metro,169,"{""type"":""MultiPolygon"",""coordinates"":[[[[77.320333,28.553003],[77.321856,28.551618],[77.322806,28.553267],[77.321465,28.553979],[77.320333,28.553003]]]]}","[{""gateName"": ""Foot Bridge Towards Noida"", ""stopCode"": ""169"", ""lat"": 28.553861, ""lon"": 77.321486}, {""gateName"": ""Near Foot Over Bridge"", ""stopCode"": ""169"", ""lat"": 28.553522, ""lon"": 77.321481}, {""gateName"": ""Exit Gate Towards Supernova"", ""stopCode"": ""169"", ""lat"": 28.551933, ""lon"": 77.321737}, {""gateName"": ""Entry Exit"", ""stopCode"": ""169"", ""lat"": 28.552833, ""lon"": 77.322252}]",28.552816,77.321564,Okhla Bird Sanctuary,
delhi_metro,170,"{""type"":""MultiPolygon"",""coordinates"":[[[[77.310841,28.543183],[77.310482,28.54347],[77.310203,28.543494],[77.309682,28.543131],[77.309355,28.542886],[77.309082,28.54256],[77.309527,28.542278],[77.310841,28.543183]]]]}","[{""gateName"": ""Entry Gate"", ""stopCode"": ""170"", ""lat"": 28.543038, ""lon"": 77.30961}]",28.542835,77.310173,Kalindi Kunj,
delhi_metro,171,"{""type"":""MultiPolygon"",""coordinates"":[[[[77.295885,28.546839],[77.296229,28.546357],[77.2972,28.544609],[77.297763,28.544944],[77.298822,28.545695],[77.298564,28.546117],[77.29736,28.545653],[77.296856,28.546606],[77.296614,28.546548],[77.296387,28.546502],[77.296199,28.547002],[77.295885,28.546839]]]]}","[{""gateName"": ""Gate 1"", ""stopCode"": ""171"", ""lat"": 28.546593, ""lon"": 77.296272}, {""gateName"": ""Gate 2"", ""stopCode"": ""171"", ""lat"": 28.546598, ""lon"": 77.296154}, {""gateName"": ""Gate 4"", ""stopCode"": ""171"", ""lat"": 28.545825, ""lon"": 77.296599}, {""gateName"": ""Gate 3"", ""stopCode"": ""171"", ""lat"": 28.545878, ""lon"": 77.2967}, {""gateName"": ""Footbridge Shaheen Bagh"", ""stopCode"": ""171"", ""lat"": 28.545917, ""lon"": 77.298623}]",28.546005,77.296715,Jasola Vihar Shaheen Bagh,
delhi_metro,172,"{""type"":""MultiPolygon"",""coordinates"":[[[[77.292412,28.561631],[77.29175,28.561751],[77.29153,28.560232],[77.292093,28.56017],[77.292203,28.561197],[77.292324,28.56145],[77.292412,28.561631]]]]}","[{""gateName"": ""Gate 2"", ""stopCode"": ""172"", ""lat"": 28.56135, ""lon"": 77.292139}, {""gateName"": ""Gate 3"", ""stopCode"": ""172"", ""lat"": 28.560594, ""lon"": 77.291994}, {""gateName"": ""Gate 1"", ""stopCode"": ""172"", ""lat"": 28.56087, ""lon"": 77.291758}]",28.561255,77.291916,Okhla Vihar,
delhi_metro,173,"{""type"":""MultiPolygon"",""coordinates"":[[[[77.287302,28.562794],[77.287281,28.562757],[77.286541,28.562837],[77.287066,28.563525],[77.286761,28.563765],[77.285634,28.562521],[77.285977,28.5623],[77.286112,28.562408],[77.287286,28.562304],[77.287302,28.562794]]]]}","[{""gateName"": ""Gate 3"", ""stopCode"": ""173"", ""lat"": 28.56254, ""lon"": 77.286788}, {""gateName"": ""Gate 2"", ""stopCode"": ""173"", ""lat"": 28.563167, ""lon"": 77.286364}, {""gateName"": ""Gate 1"", ""stopCode"": ""173"", ""lat"": 28.562439, ""lon"": 77.285784}]",28.562944,77.286209,Jamia Millia Islamia,
delhi_metro,174,"{""type"":""MultiPolygon"",""coordinates"":[[[[77.27446,28.559407],[77.275512,28.55985],[77.275265,28.560052],[77.274348,28.559595],[77.27446,28.559407]]]]}","[{""gateName"": ""Gate 1"", ""stopCode"": ""174"", ""lat"": 28.559652, ""lon"": 77.274546}, {""gateName"": ""Gate 3"", ""stopCode"": ""174"", ""lat"": 28.559916, ""lon"": 77.275099}, {""gateName"": ""Gate 2"", ""stopCode"": ""174"", ""lat"": 28.559534, ""lon"": 77.2746}]",28.559887,77.275116,Sukhdev Vihar,
delhi_metro,175,"{""type"":""MultiPolygon"",""coordinates"":[[[[77.264668,28.55526],[77.265017,28.55484],[77.264089,28.554233],[77.264223,28.554087],[77.264373,28.553884],[77.265039,28.554162],[77.265886,28.554742],[77.266546,28.555024],[77.266353,28.555284],[77.266026,28.555109],[77.265554,28.555778],[77.264904,28.555411],[77.264819,28.555387],[77.264668,28.55526]]]]}","[{""gateName"": ""Gate 1"", ""stopCode"": ""175"", ""lat"": 28.55419, ""lon"": 77.264824}, {""gateName"": ""Footover Bridge Towards Okhla Phase 1"", ""stopCode"": ""175"", ""lat"": 28.555519, ""lon"": 77.265478}, {""gateName"": ""Footover bridge Nehru Place"", ""stopCode"": ""175"", ""lat"": 28.555062, ""lon"": 77.266406}, {""gateName"": ""Footover bridge Towards okhla mandi"", ""stopCode"": ""175"", ""lat"": 28.555453, ""lon"": 77.265253}, {""gateName"": ""Gate 2"", ""stopCode"": ""175"", ""lat"": 28.555448, ""lon"": 77.265119}, {""gateName"": ""Gate 3"", ""stopCode"": ""175"", ""lat"": 28.55484, ""lon"": 77.265076}]",28.554575,77.26487,Okhla NSIC,
delhi_metro,176,"{""type"":""MultiPolygon"",""coordinates"":[[[[77.25985,28.548906],[77.258772,28.550154],[77.258686,28.550154],[77.257951,28.551153],[77.255607,28.550282],[77.256594,28.548524],[77.257629,28.548708],[77.257855,28.548708],[77.258026,28.548698],[77.259885,28.548905],[77.25985,28.548906]]]]}","[{""gateName"": ""Towards Okhla"", ""stopCode"": ""176"", ""lat"": 28.548755, ""lon"": 77.25771}, {""gateName"": ""Gate 4"", ""stopCode"": ""176"", ""lat"": 28.549056, ""lon"": 77.256422}, {""gateName"": ""Near Footbridge"", ""stopCode"": ""176"", ""lat"": 28.548675, ""lon"": 77.25683}, {""gateName"": ""Near Yulu Station"", ""stopCode"": ""176"", ""lat"": 28.550211, ""lon"": 77.255832}, {""gateName"": ""Gate 2"", ""stopCode"": ""176"", ""lat"": 28.550809, ""lon"": 77.257415}, {""gateName"": ""Gate 1"", ""stopCode"": ""176"", ""lat"": 28.550202, ""lon"": 77.258128}, {""gateName"": ""Gate 3"", ""stopCode"": ""176"", ""lat"": 28.548934, ""lon"": 77.259646}]",28.549532,77.258789,Kalkaji Mandir,
delhi_metro,177,"{""type"":""MultiPolygon"",""coordinates"":[[[[77.251779,28.546195],[77.252208,28.546535],[77.251967,28.546964],[77.25039,28.546502],[77.250197,28.546539],[77.24995,28.546902],[77.249784,28.54686],[77.250422,28.545588],[77.250502,28.544984],[77.250653,28.544951],[77.250706,28.544852],[77.251028,28.544984],[77.251575,28.54603],[77.251779,28.546195]]]]}","[{""gateName"": ""Gate 3"", ""stopCode"": ""177"", ""lat"": 28.546568, ""lon"": 77.251205}, {""gateName"": ""Gate 5"", ""stopCode"": ""177"", ""lat"": 28.54497, ""lon"": 77.250798}, {""gateName"": ""Gate 1"", ""stopCode"": ""177"", ""lat"": 28.54662, ""lon"": 77.249939}, {""gateName"": ""Gate 2"", ""stopCode"": ""177"", ""lat"": 28.546686, ""lon"": 77.250084}, {""gateName"": ""Gate 4"", ""stopCode"": ""177"", ""lat"": 28.54628, ""lon"": 77.25135}]",28.545856,77.25116,Nehru Enclave,
delhi_metro,178,"{""type"":""MultiPolygon"",""coordinates"":[[[[77.237166,28.5412],[77.23723,28.541106],[77.238185,28.541483],[77.239301,28.541936],[77.239558,28.541436],[77.239977,28.54154],[77.239944,28.541681],[77.240105,28.54186],[77.240556,28.542049],[77.240331,28.542463],[77.239826,28.542312],[77.239676,28.542576],[77.237015,28.541596],[77.237166,28.5412]]]]}","[{""gateName"": ""Gate 3"", ""stopCode"": ""178"", ""lat"": 28.542086, ""lon"": 77.240341}, {""gateName"": ""Gate 2"", ""stopCode"": ""178"", ""lat"": 28.542162, ""lon"": 77.239515}, {""gateName"": ""Gate 1"", ""stopCode"": ""178"", ""lat"": 28.541314, ""lon"": 77.237187}]",28.541836,77.238243,Greater Kailash,
delhi_metro,179,"{""type"":""MultiPolygon"",""coordinates"":[[[[77.233344,28.541525],[77.232867,28.541645],[77.230676,28.541864],[77.228358,28.541981],[77.228337,28.541623],[77.228316,28.541057],[77.229582,28.541001],[77.229753,28.540822],[77.231642,28.540699],[77.231792,28.53986],[77.232199,28.539842],[77.232178,28.540492],[77.233208,28.540577],[77.233344,28.541525]]]]}","[{""gateName"": ""Gate 1"", ""stopCode"": ""179"", ""lat"": 28.541755, ""lon"": 77.229496}, {""gateName"": ""Gate 2"", ""stopCode"": ""179"", ""lat"": 28.541067, ""lon"": 77.229496}, {""gateName"": ""Gate 5"", ""stopCode"": ""179"", ""lat"": 28.540586, ""lon"": 77.232081}, {""gateName"": ""Gate 4"", ""stopCode"": ""179"", ""lat"": 28.540982, ""lon"": 77.232714}, {""gateName"": ""Gate 3"", ""stopCode"": ""179"", ""lat"": 28.541585, ""lon"": 77.232736}, {""gateName"": ""Towards Chirag Delhi Village"", ""stopCode"": ""179"", ""lat"": 28.539964, ""lon"": 77.231974}]",28.541229,77.229385,Chirag Delhi,
delhi_metro,180,"{""type"":""MultiPolygon"",""coordinates"":[[[[77.219756,28.541561],[77.221033,28.541966],[77.221119,28.543022],[77.219874,28.543154],[77.219858,28.542334],[77.219756,28.541561]]]]}","[{""gateName"": ""Gate 2"", ""stopCode"": ""180"", ""lat"": 28.542894, ""lon"": 77.220706}, {""gateName"": ""Gate 1"", ""stopCode"": ""180"", ""lat"": 28.541688, ""lon"": 77.219806}]",28.542339,77.220512,Panchsheel Park,
delhi_metro,182,"{""type"":""MultiPolygon"",""coordinates"":[[[[77.192881,28.546803],[77.19507,28.546129],[77.195365,28.546987],[77.19324,28.547689],[77.192881,28.546803]]]]}","[{""gateName"": ""Gate 1"", ""stopCode"": ""182"", ""lat"": 28.547081, ""lon"": 77.19375}, {""gateName"": ""Gate 2"", ""stopCode"": ""182"", ""lat"": 28.546558, ""lon"": 77.194769}, {""gateName"": ""Gate 3"", ""stopCode"": ""182"", ""lat"": 28.546261, ""lon"": 77.19478}]",28.547194,77.193832,IIT,
delhi_metro,183,"{""type"":""MultiPolygon"",""coordinates"":[[[[77.185076,28.549759],[77.186444,28.549166],[77.18689,28.549976],[77.186396,28.550183],[77.186289,28.55],[77.184497,28.55073],[77.185119,28.551644],[77.184921,28.55171],[77.185194,28.552243],[77.184696,28.552323],[77.183698,28.550966],[77.18424,28.55064],[77.183988,28.550325],[77.184186,28.550193],[77.185076,28.549759]]]]}","[{""gateName"": ""Gate 4"", ""stopCode"": ""183"", ""lat"": 28.550261, ""lon"": 77.185168}, {""gateName"": ""Gate 2"", ""stopCode"": ""183"", ""lat"": 28.551303, ""lon"": 77.184594}, {""gateName"": ""Gate 1"", ""stopCode"": ""183"", ""lat"": 28.551533, ""lon"": 77.184411}]",28.550486,77.184952,R.K.Puram,
delhi_metro,184,"{""type"":""MultiPolygon"",""coordinates"":[[[[77.17269,28.557791],[77.174074,28.55683],[77.173993,28.556731],[77.174133,28.556632],[77.174219,28.556712],[77.1749,28.556198],[77.175436,28.556552],[77.174975,28.556882],[77.174015,28.557588],[77.174251,28.557998],[77.173435,28.558455],[77.17269,28.557791]]]]}","[{""gateName"": ""Gate 3"", ""stopCode"": ""184"", ""lat"": 28.55674, ""lon"": 77.17424}, {""gateName"": ""Furniture Market"", ""stopCode"": ""184"", ""lat"": 28.557518, ""lon"": 77.173232}, {""gateName"": ""Gate 2"", ""stopCode"": ""184"", ""lat"": 28.557621, ""lon"": 77.173773}, {""gateName"": ""Gate 1"", ""stopCode"": ""184"", ""lat"": 28.556505, ""lon"": 77.175275}]",28.557821,77.174026,Munirka,
delhi_metro,185,"{""type"":""MultiPolygon"",""coordinates"":[[[[77.160973,28.557798],[77.162123,28.557842],[77.16273,28.557863],[77.163196,28.557957],[77.163046,28.558468],[77.162424,28.558299],[77.162078,28.558207],[77.16171,28.558148],[77.161713,28.55819],[77.161448,28.558188],[77.161394,28.558189],[77.160782,28.558208],[77.160715,28.557852],[77.160973,28.557798]]]]}","[{""gateName"": ""Gate 1"", ""stopCode"": ""185"", ""lat"": 28.558377, ""lon"": 77.162764}, {""gateName"": ""Gate 2"", ""stopCode"": ""185"", ""lat"": 28.558278, ""lon"": 77.16307}, {""gateName"": ""Gate 3"", ""stopCode"": ""185"", ""lat"": 28.5579074, ""lon"": 77.1625552}, {""gateName"": ""Gate 4"", ""stopCode"": ""185"", ""lat"": 28.558131, ""lon"": 77.16136}]",28.558378,77.160774,Vasant Vihar,
delhi_metro,186,"{""type"":""MultiPolygon"",""coordinates"":[[[[77.141189,28.560662],[77.1412,28.560944],[77.141206,28.560987],[77.139484,28.561251],[77.139312,28.560638],[77.139585,28.560572],[77.139779,28.560525],[77.139972,28.560488],[77.140202,28.560445],[77.140481,28.560403],[77.14076,28.560374],[77.141098,28.560365],[77.141189,28.560662]]]]}","[{""gateName"": ""Gate 2"", ""stopCode"": ""186"", ""lat"": 28.56101, ""lon"": 77.140358}, {""gateName"": ""Gate 1"", ""stopCode"": ""186"", ""lat"": 28.560662, ""lon"": 77.14039}]",28.560787,77.140442,Shankar Vihar,
delhi_metro,187,"{""type"":""MultiPolygon"",""coordinates"":[[[[77.121974,28.563863],[77.122687,28.563972],[77.123026,28.564014],[77.122876,28.564368],[77.122609,28.565827],[77.123167,28.566064],[77.123193,28.566733],[77.122253,28.566831],[77.121541,28.566311],[77.121519,28.565686],[77.121515,28.565554],[77.121974,28.563863]]]]}","[{""gateName"": ""Gate 2"", ""stopCode"": ""187"", ""lat"": 28.565293, ""lon"": 77.122442}, {""gateName"": ""Gate 1"", ""stopCode"": ""187"", ""lat"": 28.565449, ""lon"": 77.121644}]",28.565275,77.122391,Terminal 1-IGI Airport,
delhi_metro,188,"{""type"":""MultiPolygon"",""coordinates"":[[[[77.11035,28.576873],[77.111975,28.576426],[77.112131,28.57689],[77.111788,28.577025],[77.111799,28.577072],[77.110925,28.577312],[77.110906,28.577253],[77.110552,28.57734],[77.11035,28.576873]]]]}","[{""gateName"": ""Footover Bridge Towards Dwarka"", ""stopCode"": ""188"", ""lat"": 28.576673, ""lon"": 77.111241}, {""gateName"": ""Gate 2"", ""stopCode"": ""188"", ""lat"": 28.577046, ""lon"": 77.110796}, {""gateName"": ""Gate 1"", ""stopCode"": ""188"", ""lat"": 28.576756, ""lon"": 77.111969}]",28.577108,77.111305,Sadar Bazar Cantonment,
delhi_metro,189,"{""type"":""MultiPolygon"",""coordinates"":[[[[77.082907,28.589848],[77.082586,28.58972],[77.082468,28.589668],[77.082409,28.588186],[77.083863,28.587831],[77.084096,28.588121],[77.082907,28.589848]]]]}","[{""gateName"": ""Gate 1"", ""stopCode"": ""189"", ""lat"": 28.589586, ""lon"": 77.082996}, {""gateName"": ""Gate 2"", ""stopCode"": ""189"", ""lat"": 28.588432, ""lon"": 77.083817}, {""gateName"": ""Gate 3"", ""stopCode"": ""189"", ""lat"": 28.587911, ""lon"": 77.083629}]",28.589067,77.082954,Palam,
delhi_metro,190,"{""type"":""MultiPolygon"",""coordinates"":[[[[77.082683,28.602878],[77.082458,28.602916],[77.082302,28.602376],[77.082224,28.602086],[77.082141,28.601669],[77.08236,28.601652],[77.082568,28.602449],[77.082683,28.602878]]]]}","[{""gateName"": ""Gate 1"", ""stopCode"": ""190"", ""lat"": 28.602535, ""lon"": 77.082586}, {""gateName"": ""Gate 2"", ""stopCode"": ""190"", ""lat"": 28.601871, ""lon"": 77.082395}, {""gateName"": ""Gate 3"", ""stopCode"": ""190"", ""lat"": 28.601917, ""lon"": 77.082195}]",28.602333,77.08255,Dashrathpuri,
delhi_metro,191,"{""type"":""MultiPolygon"",""coordinates"":[[[[77.08502,28.614684],[77.085878,28.616414],[77.085782,28.617394],[77.08502,28.617366],[77.085063,28.616565],[77.085127,28.616207],[77.083893,28.614465],[77.084483,28.614166],[77.085363,28.613772],[77.085406,28.613824],[77.085744,28.614304],[77.08502,28.614684]]]]}","[{""gateName"": ""Gate 3"", ""stopCode"": ""191"", ""lat"": 28.614083, ""lon"": 77.084918}, {""gateName"": ""Gate 2"", ""stopCode"": ""191"", ""lat"": 28.614705, ""lon"": 77.084668}, {""gateName"": ""Gate 1"", ""stopCode"": ""191"", ""lat"": 28.617262, ""lon"": 77.085466}]",28.615904,77.085258,Dabri Mor - Janakpuri South,
delhi_metro,192,"{""type"":""MultiPolygon"",""coordinates"":[[[[77.07722,28.629039],[77.07758,28.629072],[77.078513,28.627528],[77.079661,28.627961],[77.079334,28.628639],[77.07854,28.628328],[77.077993,28.629378],[77.079071,28.629802],[77.078755,28.630362],[77.078095,28.630212],[77.076845,28.629797],[77.07722,28.629039]]]]}","[{""gateName"": ""Gate 1"", ""stopCode"": ""192"", ""lat"": 28.629863, ""lon"": 77.077548}, {""gateName"": ""Gate 2"", ""stopCode"": ""192"", ""lat"": 28.62919, ""lon"": 77.077355}, {""gateName"": ""Overbridge"", ""stopCode"": ""192"", ""lat"": 28.630052, ""lon"": 77.078283}, {""gateName"": ""Magenta Line Exit"", ""stopCode"": ""192"", ""lat"": 28.628997, ""lon"": 77.077907}, {""gateName"": ""Janakpuri Magenta Line Exit Towards LIC"", ""stopCode"": ""192"", ""lat"": 28.627942, ""lon"": 77.079178}]",28.629637,77.077866,Janakpuri West,
delhi_metro,193,"{""type"":""MultiPolygon"",""coordinates"":[[[[77.181873,28.724882],[77.181766,28.723854],[77.183061,28.72364],[77.183089,28.724857],[77.181873,28.724882]]]]}","[{""gateName"": ""Gate 1"", ""stopCode"": ""193"", ""lat"": 28.7247, ""lon"": 77.182596}, {""gateName"": ""Exit Gate"", ""stopCode"": ""193"", ""lat"": 28.723844, ""lon"": 77.182295}, {""gateName"": ""Foot Over Bridge Towards Azadpur"", ""stopCode"": ""193"", ""lat"": 28.723782, ""lon"": 77.182939}]",28.724157,77.182068,Majlis Park,
delhi_metro,195,"{""type"":""MultiPolygon"",""coordinates"":[[[[77.164294,28.702078],[77.164608,28.701407],[77.165134,28.701756],[77.165317,28.701697],[77.166915,28.702296],[77.166554,28.702933],[77.164294,28.702078]]]]}","[{""gateName"": ""Gate 3"", ""stopCode"": ""195"", ""lat"": 28.701847, ""lon"": 77.165427}, {""gateName"": ""Gate 4"", ""stopCode"": ""195"", ""lat"": 28.702045, ""lon"": 77.165749}, {""gateName"": ""Gate 5"", ""stopCode"": ""195"", ""lat"": 28.702334, ""lon"": 77.166761}, {""gateName"": ""Gate 2"", ""stopCode"": ""195"", ""lat"": 28.702354, ""lon"": 77.165174}, {""gateName"": ""Gate 1"", ""stopCode"": ""195"", ""lat"": 28.702017, ""lon"": 77.164455}]",28.70182,77.165184,Shalimar Bagh,
delhi_metro,196,"{""type"":""MultiPolygon"",""coordinates"":[[[[77.15379,28.692507],[77.154176,28.693411],[77.153382,28.693533],[77.15306,28.693665],[77.153189,28.694098],[77.152889,28.694173],[77.153902,28.696378],[77.153522,28.696639],[77.153371,28.696789],[77.152374,28.696375],[77.150711,28.6955],[77.150142,28.694484],[77.152202,28.693909],[77.151977,28.693251],[77.153361,28.692808],[77.15379,28.692507]]]]}","[{""gateName"": ""Gate 1"", ""stopCode"": ""196"", ""lat"": 28.695398, ""lon"": 77.151633}, {""gateName"": ""NSP Gate 4"", ""stopCode"": ""196"", ""lat"": 28.695098, ""lon"": 77.150929}, {""gateName"": ""NSP Pink Line Gate 2"", ""stopCode"": ""196"", ""lat"": 28.69342, ""lon"": 77.153398}, {""gateName"": ""NSP pink line Gate 1"", ""stopCode"": ""196"", ""lat"": 28.692668, ""lon"": 77.153667}, {""gateName"": ""Gate 2 3 pickup point"", ""stopCode"": ""196"", ""lat"": 28.696094, ""lon"": 77.153394}]",28.695637,77.152428,Netaji Subhash Place,
delhi_metro,197,"{""type"":""MultiPolygon"",""coordinates"":[[[[77.148864,28.685005],[77.150773,28.686313],[77.150001,28.686633],[77.148418,28.685522],[77.148864,28.685005]]]]}","[{""gateName"": ""Gate 1"", ""stopCode"": ""197"", ""lat"": 28.68652, ""lon"": 77.149883}, {""gateName"": ""Gate 2"", ""stopCode"": ""197"", ""lat"": 28.685534, ""lon"": 77.148837}]",28.685781,77.149651,Shakurpur,
delhi_metro,198,"{""type"":""MultiPolygon"",""coordinates"":[[[[77.139744,28.67347],[77.13912,28.673622],[77.138424,28.672095],[77.139111,28.671898],[77.139744,28.67347]]]]}","[{""gateName"": ""Gate 1"", ""stopCode"": ""198"", ""lat"": 28.672362, ""lon"": 77.139247}, {""gateName"": ""Gate 2"", ""stopCode"": ""198"", ""lat"": 28.67329, ""lon"": 77.13965}]",28.672747,77.139183,Punjabi Bagh West,
delhi_metro,199,"{""type"":""MultiPolygon"",""coordinates"":[[[[77.127184,28.657394],[77.127834,28.658119],[77.128137,28.658472],[77.128304,28.658649],[77.128429,28.658844],[77.127442,28.659126],[77.126466,28.657959],[77.127184,28.657394]]]]}","[{""gateName"": ""Gate 2"", ""stopCode"": ""199"", ""lat"": 28.658311, ""lon"": 77.127437}, {""gateName"": ""Gate 1"", ""stopCode"": ""199"", ""lat"": 28.657576, ""lon"": 77.127063}]",28.658159,77.127319,ESI-Basaidarapur,
delhi_metro,201,"{""type"":""MultiPolygon"",""coordinates"":[[[[77.129712,28.638105],[77.129524,28.638014],[77.129219,28.63735],[77.129449,28.637279],[77.12872,28.636902],[77.129444,28.636177],[77.130238,28.636545],[77.129712,28.638105]]]]}","[{""gateName"": ""Gate 1"", ""stopCode"": ""201"", ""lat"": 28.637929, ""lon"": 77.129701}, {""gateName"": ""Gate 2"", ""stopCode"": ""201"", ""lat"": 28.636907, ""lon"": 77.12887}]",28.637098,77.129738,Mayapuri,
delhi_metro,202,"{""type"":""MultiPolygon"",""coordinates"":[[[[77.135107,28.625129],[77.135995,28.622485],[77.137663,28.622871],[77.136783,28.625452],[77.135107,28.625129]]]]}","[{""gateName"": ""Gate 1"", ""stopCode"": ""202"", ""lat"": 28.624934, ""lon"": 77.136402}, {""gateName"": ""Gate 2"", ""stopCode"": ""202"", ""lat"": 28.623064, ""lon"": 77.136845}]",28.624121,77.136482,Naraina Vihar,
delhi_metro,203,"{""type"":""MultiPolygon"",""coordinates"":[[[[77.140166,28.60936],[77.139495,28.609064],[77.140675,28.607718],[77.141303,28.608084],[77.140751,28.608745],[77.140469,28.609072],[77.140323,28.609239],[77.140166,28.60936]]]]}","[{""gateName"": ""Gate 2"", ""stopCode"": ""203"", ""lat"": 28.608881, ""lon"": 77.140099}, {""gateName"": ""Gate 1"", ""stopCode"": ""203"", ""lat"": 28.60897, ""lon"": 77.140396}]",28.608641,77.140373,Delhi Cantt.,
delhi_metro,204,"{""type"":""MultiPolygon"",""coordinates"":[[[[77.169501,28.590112],[77.168868,28.589867],[77.169651,28.588694],[77.170305,28.588925],[77.169501,28.590112]]]]}","[{""gateName"": ""Gate 3"", ""stopCode"": ""204"", ""lat"": 28.589641, ""lon"": 77.16905}, {""gateName"": ""Gate 2"", ""stopCode"": ""204"", ""lat"": 28.589046, ""lon"": 77.169855}]",28.589376,77.169518,Durgabai Deshmukh South Campus,
delhi_metro,205,"{""type"":""MultiPolygon"",""coordinates"":[[[[77.175886,28.577624],[77.175974,28.577488],[77.176465,28.577666],[77.175454,28.579558],[77.175049,28.579367],[77.175886,28.577624]]]]}","[{""gateName"": ""Gate 2"", ""stopCode"": ""205"", ""lat"": 28.579327, ""lon"": 77.175284}, {""gateName"": ""Gate 1"", ""stopCode"": ""205"", ""lat"": 28.577635, ""lon"": 77.175999}]",28.578529,77.175713,Sir M. Vishweshwaraiah Moti Bagh,
delhi_metro,206,"{""type"":""MultiPolygon"",""coordinates"":[[[[77.186576,28.57048],[77.18644,28.569569],[77.188743,28.569318],[77.189022,28.568934],[77.189022,28.568809],[77.189315,28.568796],[77.189544,28.57021],[77.186576,28.57048]]]]}","[{""gateName"": ""Gate 1"", ""stopCode"": ""206"", ""lat"": 28.570178, ""lon"": 77.186654}, {""gateName"": ""Gate 2"", ""stopCode"": ""206"", ""lat"": 28.569927, ""lon"": 77.189265}, {""gateName"": ""Gate 3"", ""stopCode"": ""206"", ""lat"": 28.569073, ""lon"": 77.189044}, {""gateName"": ""Towards RK Puram"", ""stopCode"": ""206"", ""lat"": 28.569701, ""lon"": 77.186748}]",28.570208,77.187866,Bhikaji Cama Place,
delhi_metro,207,"{""type"":""MultiPolygon"",""coordinates"":[[[[77.199656,28.57559],[77.200117,28.57559],[77.200095,28.576165],[77.197231,28.576071],[77.197258,28.57551],[77.199656,28.57559]]]]}","[{""gateName"": ""Gate 2"", ""stopCode"": ""207"", ""lat"": 28.575759, ""lon"": 77.199827}, {""gateName"": ""Gate 1"", ""stopCode"": ""207"", ""lat"": 28.575825, ""lon"": 77.197343}]",28.570208,77.187866,Sarojini Nagar,
delhi_metro,208,"{""type"":""MultiPolygon"",""coordinates"":[[[[77.220963,28.568959],[77.220684,28.568981],[77.22068,28.568907],[77.218907,28.568991],[77.218942,28.568485],[77.22092,28.568363],[77.220963,28.568959]]]]}","[{""gateName"": ""Gate 3 Subway"", ""stopCode"": ""208"", ""lat"": 28.568754, ""lon"": 77.220637}, {""gateName"": ""Gate 4"", ""stopCode"": ""208"", ""lat"": 28.568568, ""lon"": 77.220252}, {""gateName"": ""Gate 2"", ""stopCode"": ""208"", ""lat"": 28.568599, ""lon"": 77.219748}, {""gateName"": ""Gate 1"", ""stopCode"": ""208"", ""lat"": 28.568816, ""lon"": 77.219855}]",28.5686,77.219818,South Extension,
delhi_metro,211,"{""type"":""MultiPolygon"",""coordinates"":[[[[77.25724,28.589246],[77.257299,28.589291],[77.25724,28.589456],[77.257073,28.589376],[77.256982,28.589654],[77.256558,28.589623],[77.256666,28.589166],[77.256451,28.58911],[77.256499,28.588742],[77.256692,28.588752],[77.256955,28.588139],[77.257326,28.588144],[77.25724,28.589246]]]]}","[{""gateName"": ""Gate 2"", ""stopCode"": ""211"", ""lat"": 28.58903, ""lon"": 77.25677}, {""gateName"": ""Gate 3"", ""stopCode"": ""211"", ""lat"": 28.589273, ""lon"": 77.256988}, {""gateName"": ""Gate 1"", ""stopCode"": ""211"", ""lat"": 28.588666, ""lon"": 77.257148}]",28.5889,77.253189,Sarai Kale Khan - Nizamuddin,
delhi_metro,213,"{""type"":""MultiPolygon"",""coordinates"":[[[[77.307995,28.612915],[77.309685,28.612656],[77.309766,28.613396],[77.309176,28.613424],[77.309353,28.614027],[77.308628,28.614126],[77.307995,28.612915]]]]}","[{""gateName"": ""Gate 2"", ""stopCode"": ""213"", ""lat"": 28.613144, ""lon"": 77.309457}, {""gateName"": ""Gate 1"", ""stopCode"": ""213"", ""lat"": 28.613179, ""lon"": 77.308438}]",28.613506,77.308678,Trilokpuri-Sanjay Lake,
delhi_metro,214,"{""type"":""MultiPolygon"",""coordinates"":[[[[77.305393,28.619753],[77.306033,28.619803],[77.3061,28.619998],[77.304688,28.620454],[77.304516,28.620125],[77.305191,28.619896],[77.305393,28.619753]]]]}","[{""gateName"": ""Gate 1"", ""stopCode"": ""214"", ""lat"": 28.619904, ""lon"": 77.305357}, {""gateName"": ""Gate 2"", ""stopCode"": ""214"", ""lat"": 28.620379, ""lon"": 77.30472}]",28.620052,77.305588,East Vinod Nagar-Mayur Vihar -II,
delhi_metro,216,"{""type"":""MultiPolygon"",""coordinates"":[[[[77.311093,28.632052],[77.311377,28.632128],[77.311109,28.632801],[77.310798,28.632697],[77.310696,28.632914],[77.310315,28.632782],[77.310588,28.632054],[77.311002,28.63111],[77.31142,28.631271],[77.311093,28.632052]]]]}","[{""gateName"": ""Gate 1"", ""stopCode"": ""216"", ""lat"": 28.631967, ""lon"": 77.310835}, {""gateName"": ""Gate 2"", ""stopCode"": ""216"", ""lat"": 28.63254, ""lon"": 77.310827}]",28.631599,77.310898,I.P. Extension,
delhi_metro,217,"{""type"":""MultiPolygon"",""coordinates"":[[[[77.29502,28.653254],[77.296699,28.65355],[77.296565,28.654054],[77.294897,28.653729],[77.29502,28.653254]]]]}","[{""gateName"": ""Opposite District Court Gate"", ""stopCode"": ""217"", ""lat"": 28.653475, ""lon"": 77.295181}, {""gateName"": ""District Court Gate"", ""stopCode"": ""217"", ""lat"": 28.653741, ""lon"": 77.295208}, {""gateName"": ""Gate 2"", ""stopCode"": ""217"", ""lat"": 28.653929, ""lon"": 77.296306}, {""gateName"": ""Gate 1"", ""stopCode"": ""217"", ""lat"": 28.653726, ""lon"": 77.296567}]",28.649473,77.295341,Karkarduma Court,
delhi_metro,218,"{""type"":""MultiPolygon"",""coordinates"":[[[[77.29071,28.65689],[77.291107,28.6571],[77.289557,28.658891],[77.289273,28.658738],[77.29071,28.65689]]]]}","[{""gateName"": ""Gate 2"", ""stopCode"": ""218"", ""lat"": 28.658194, ""lon"": 77.289715}, {""gateName"": ""Gate 1"", ""stopCode"": ""218"", ""lat"": 28.658463, ""lon"": 77.28988}]",28.65782,77.290306,Krishna Nagar,
delhi_metro,219,"{""type"":""MultiPolygon"",""coordinates"":[[[[77.284,28.665527],[77.285392,28.663732],[77.285869,28.663981],[77.284386,28.665748],[77.284,28.665527]]]]}","[{""gateName"": ""Gate 1"", ""stopCode"": ""219"", ""lat"": 28.665353, ""lon"": 77.284303}, {""gateName"": ""Gate 2"", ""stopCode"": ""219"", ""lat"": 28.665521, ""lon"": 77.284525}]",28.665043,77.284599,East Azad Nagar,
delhi_metro,220,"{""type"":""MultiPolygon"",""coordinates"":[[[[77.274757,28.683449],[77.274162,28.682016],[77.274725,28.681926],[77.275352,28.683244],[77.275275,28.683264],[77.275149,28.68332],[77.274972,28.683373],[77.274757,28.683449]]]]}","[{""gateName"": ""Gate 2"", ""stopCode"": ""220"", ""lat"": 28.683169, ""lon"": 77.275118}, {""gateName"": ""Gate 1"", ""stopCode"": ""220"", ""lat"": 28.682548, ""lon"": 77.274483}]",28.682943,77.27507,Jafrabad,
delhi_metro,221,"{""type"":""MultiPolygon"",""coordinates"":[[[[77.278881,28.690774],[77.27927,28.69064],[77.280697,28.693186],[77.279957,28.693501],[77.278524,28.690913],[77.278881,28.690774]]]]}","[{""gateName"": ""Gate 3"", ""stopCode"": ""221"", ""lat"": 28.690829, ""lon"": 77.278864}, {""gateName"": ""Gate 1"", ""stopCode"": ""221"", ""lat"": 28.692872, ""lon"": 77.279993}, {""gateName"": ""Gate 2"", ""stopCode"": ""221"", ""lat"": 28.692875, ""lon"": 77.279784}]",28.692057,77.280922,Maujpur-Babarpur,
delhi_metro,222,"{""type"":""MultiPolygon"",""coordinates"":[[[[77.286281,28.701916],[77.286043,28.701963],[77.286676,28.703041],[77.286558,28.70314],[77.286418,28.703161],[77.285554,28.702253],[77.285753,28.70218],[77.285501,28.701982],[77.285584,28.701923],[77.286043,28.701801],[77.286254,28.701782],[77.286281,28.701916]]]]}","[{""gateName"": ""Gate 2"", ""stopCode"": ""222"", ""lat"": 28.701815, ""lon"": 77.286245}, {""gateName"": ""Gate 1"", ""stopCode"": ""222"", ""lat"": 28.703031, ""lon"": 77.286632}]",28.703009,77.286301,Gokulpuri,
delhi_metro,223,"{""type"":""MultiPolygon"",""coordinates"":[[[[77.290487,28.711548],[77.29079,28.71164],[77.290144,28.713727],[77.28979,28.713661],[77.289878,28.713008],[77.289982,28.712654],[77.290139,28.712355],[77.290292,28.711933],[77.290487,28.711548]]]]}","[{""gateName"": ""Gate 1"", ""stopCode"": ""223"", ""lat"": 28.711859, ""lon"": 77.290452}, {""gateName"": ""Gate 2"", ""stopCode"": ""223"", ""lat"": 28.711939, ""lon"": 77.290559}]",28.713297,77.290154,Johri Enclave,
delhi_metro,224,"{""type"":""MultiPolygon"",""coordinates"":[[[[77.288778,28.720583],[77.289723,28.720566],[77.289527,28.723427],[77.289031,28.723377],[77.288827,28.723351],[77.288778,28.720583]]]]}","[{""gateName"": ""Gate 3"", ""stopCode"": ""224"", ""lat"": 28.72254, ""lon"": 77.289322}, {""gateName"": ""Gate 2"", ""stopCode"": ""224"", ""lat"": 28.722543, ""lon"": 77.289502}, {""gateName"": ""Gate 1"", ""stopCode"": ""224"", ""lat"": 28.721557, ""lon"": 77.289348}]",28.721863,77.289635,Shiv Vihar,
delhi_metro,226,"{""type"":""MultiPolygon"",""coordinates"":[[[[77.371589,28.586969],[77.372318,28.586013],[77.374271,28.587332],[77.373579,28.588345],[77.371589,28.586969]]]]}","[{""gateName"": ""Gate 2"", ""stopCode"": ""226"", ""lat"": 28.58724, ""lon"": 77.373123}, {""gateName"": ""Towards 52 Avenue"", ""stopCode"": ""226"", ""lat"": 28.587471, ""lon"": 77.372761}, {""gateName"": ""Towards Sec 52 Park"", ""stopCode"": ""226"", ""lat"": 28.58684, ""lon"": 77.371864}, {""gateName"": ""Gate 1"", ""stopCode"": ""226"", ""lat"": 28.586602, ""lon"": 77.372223}, {""gateName"": ""Towards E Rickshaw Service"", ""stopCode"": ""226"", ""lat"": 28.587295, ""lon"": 77.37367}]",28.586849,77.372749,Sector - 52 Noida,
delhi_metro,227,"{""type"":""MultiPolygon"",""coordinates"":[[[[77.371957,28.596731],[77.372515,28.596738],[77.372641,28.598469],[77.371976,28.598464],[77.371957,28.596731]]]]}","[{""gateName"": ""Gate 2"", ""stopCode"": ""227"", ""lat"": 28.597977, ""lon"": 77.372408}, {""gateName"": ""Gate 1"", ""stopCode"": ""227"", ""lat"": 28.598057, ""lon"": 77.372177}, {""gateName"": ""Towards Sector 71"", ""stopCode"": ""227"", ""lat"": 28.597179, ""lon"": 77.372354}, {""gateName"": ""Towards Park View Apartments"", ""stopCode"": ""227"", ""lat"": 28.597176, ""lon"": 77.3721}]",28.597677,77.372368,Sector - 61 Noida,
delhi_metro,228,"{""type"":""MultiPolygon"",""coordinates"":[[[[77.372362,28.607146],[77.372324,28.605889],[77.372925,28.605837],[77.373006,28.607113],[77.372362,28.607146]]]]}","[{""gateName"": ""Front Of MS Complex"", ""stopCode"": ""228"", ""lat"": 28.605928, ""lon"": 77.372802}, {""gateName"": ""Gate 1"", ""stopCode"": ""228"", ""lat"": 28.606939, ""lon"": 77.372614}, {""gateName"": ""Gate 2"", ""stopCode"": ""228"", ""lat"": 28.606944, ""lon"": 77.372847}]",28.609089,77.372955,Sector - 59 Noida,
delhi_metro,229,"{""type"":""MultiPolygon"",""coordinates"":[[[[77.372936,28.617753],[77.373393,28.617729],[77.373227,28.616255],[77.374284,28.616156],[77.374422,28.617838],[77.372936,28.617937],[77.372936,28.617753]]]]}","[{""gateName"": ""Near Mecon Apartment"", ""stopCode"": ""229"", ""lat"": 28.616818, ""lon"": 77.373395}, {""gateName"": ""Gate 2"", ""stopCode"": ""229"", ""lat"": 28.616978, ""lon"": 77.37412}, {""gateName"": ""Gate 1"", ""stopCode"": ""229"", ""lat"": 28.6178, ""lon"": 77.373129}]",28.616991,77.373611,Sector - 62 Noida,
delhi_metro,230,"{""type"":""MultiPolygon"",""coordinates"":[[[[77.37523,28.626644],[77.375494,28.628889],[77.374078,28.629176],[77.374116,28.628002],[77.373038,28.628017],[77.373783,28.626776],[77.374951,28.626752],[77.37523,28.626644]]]]}","[{""gateName"": ""Towards IBM"", ""stopCode"": ""230"", ""lat"": 28.627829, ""lon"": 77.373295}, {""gateName"": ""Towards Shipra Mall"", ""stopCode"": ""230"", ""lat"": 28.628926, ""lon"": 77.37422}, {""gateName"": ""Near Pind Balluchi"", ""stopCode"": ""230"", ""lat"": 28.627387, ""lon"": 77.3751}, {""gateName"": ""Gate 3"", ""stopCode"": ""230"", ""lat"": 28.627273, ""lon"": 77.374316}, {""gateName"": ""Gate 1"", ""stopCode"": ""230"", ""lat"": 28.627466, ""lon"": 77.374548}, {""gateName"": ""Gate 2"", ""stopCode"": ""230"", ""lat"": 28.627736, ""lon"": 77.375109}]",28.628685,77.375229,Noida Electronic City,
delhi_metro,231,"{""type"":""MultiPolygon"",""coordinates"":[[[[77.018239,28.683481],[77.017772,28.683511],[77.017775,28.683605],[77.01701,28.683692],[77.016689,28.683627],[77.01664,28.683324],[77.016817,28.68327],[77.016819,28.683179],[77.01724,28.683138],[77.017248,28.683184],[77.017348,28.683174],[77.017343,28.68314],[77.017571,28.683105],[77.017603,28.683305],[77.017613,28.683265],[77.018212,28.683173],[77.018239,28.683481]]]]}","[{""gateName"": ""Gate 2"", ""stopCode"": ""231"", ""lat"": 28.683294, ""lon"": 77.017627}, {""gateName"": ""Gate 1"", ""stopCode"": ""231"", ""lat"": 28.683279, ""lon"": 77.016819}]",28.68396,76.989822,Mundka Industrial Area (MIA),
delhi_metro,232,"{""type"":""MultiPolygon"",""coordinates"":[[[[76.996943,28.685433],[76.995468,28.685518],[76.995436,28.685089],[76.996949,28.68491],[76.996943,28.685433]]]]}","[{""gateName"": ""Gate 1"", ""stopCode"": ""232"", ""lat"": 28.684995, ""lon"": 76.996704}, {""gateName"": ""Gate 2"", ""stopCode"": ""232"", ""lat"": 28.685341, ""lon"": 76.996736}]",28.685289,76.993584,Ghevra Metro station,
delhi_metro,233,"{""type"":""MultiPolygon"",""coordinates"":[[[[76.978106,28.687021],[76.976596,28.687148],[76.976538,28.686654],[76.978098,28.686499],[76.978106,28.687021]]]]}","[{""gateName"": ""Towards Ghevra"", ""stopCode"": ""233"", ""lat"": 28.686988, ""lon"": 76.97793}, {""gateName"": ""Gate 1"", ""stopCode"": ""233"", ""lat"": 28.686567, ""lon"": 76.977769}, {""gateName"": ""Towards Tikri Border"", ""stopCode"": ""233"", ""lat"": 28.686768, ""lon"": 76.976838}, {""gateName"": ""Gate 2"", ""stopCode"": ""233"", ""lat"": 28.687074, ""lon"": 76.976951}]",28.686899,76.977249,Tikri Kalan,
delhi_metro,234,"{""type"":""MultiPolygon"",""coordinates"":[[[[76.964631,28.688102],[76.964643,28.688254],[76.963428,28.688346],[76.963347,28.687868],[76.964584,28.687684],[76.964585,28.687746],[76.96459,28.687818],[76.964848,28.6878],[76.964878,28.688083],[76.964631,28.688102]]]]}","[{""gateName"": ""Gate 1"", ""stopCode"": ""234"", ""lat"": 28.688087, ""lon"": 76.96446}, {""gateName"": ""Gate 2"", ""stopCode"": ""234"", ""lat"": 28.687837, ""lon"": 76.96438}, {""gateName"": ""Gate 3"", ""stopCode"": ""234"", ""lat"": 28.687953, ""lon"": 76.963596}]",28.687876,76.963783,Tikri Border,
delhi_metro,235,"{""type"":""MultiPolygon"",""coordinates"":[[[[76.950104,28.689622],[76.950066,28.689043],[76.952293,28.688944],[76.952346,28.689457],[76.950104,28.689622]]]]}","[{""gateName"": ""Gate 1, MIE Part A"", ""stopCode"": ""235"", ""lat"": 28.689394, ""lon"": 76.95074}, {""gateName"": ""Gate 2, MIE Part B"", ""stopCode"": ""235"", ""lat"": 28.689241, ""lon"": 76.950713}]",28.689213,76.951088,Pandit Shree Ram Sharma,
delhi_metro,236,"{""type"":""MultiPolygon"",""coordinates"":[[[[76.934713,28.690636],[76.935517,28.690353],[76.936306,28.690474],[76.936362,28.690867],[76.93475,28.691038],[76.934713,28.690636]]]]}","[{""gateName"": ""Gate 1"", ""stopCode"": ""236"", ""lat"": 28.690628, ""lon"": 76.934949}, {""gateName"": ""Gate 2"", ""stopCode"": ""236"", ""lat"": 28.690852, ""lon"": 76.934934}, {""gateName"": ""Exit"", ""stopCode"": ""236"", ""lat"": 28.690442, ""lon"": 76.935755}]",28.690784,76.935265,Bahadurgarh City,
delhi_metro,237,"{""type"":""MultiPolygon"",""coordinates"":[[[[76.920075,28.697163],[76.919184,28.697709],[76.919362,28.697829],[76.918956,28.698024],[76.918847,28.698005],[76.918452,28.697659],[76.918632,28.697332],[76.9197,28.696838],[76.920075,28.697163]]]]}","[{""gateName"": ""Gate 1"", ""stopCode"": ""237"", ""lat"": 28.697462, ""lon"": 76.918662}, {""gateName"": ""Gate 2"", ""stopCode"": ""237"", ""lat"": 28.697928, ""lon"": 76.918956}]",28.697428,76.919128,Brig. Hoshiar Singh,
delhi_metro,238,"{""type"":""MultiPolygon"",""coordinates"":[[[[77.333574,28.676521],[77.334765,28.676531],[77.334756,28.676792],[77.333587,28.676754],[77.333574,28.676521]]]]}","[{""gateName"": ""Gate 1 Towards Shani Mandir"", ""stopCode"": ""238"", ""lat"": 28.676728, ""lon"": 77.333641}, {""gateName"": ""Gate 2"", ""stopCode"": ""238"", ""lat"": 28.67655, ""lon"": 77.333751}, {""gateName"": ""Towards Ghaziabad"", ""stopCode"": ""238"", ""lat"": 28.676747, ""lon"": 77.334687}]",28.676615,77.333809,Shaheed Nagar,
delhi_metro,239,"{""type"":""MultiPolygon"",""coordinates"":[[[[77.34552,28.676823],[77.348148,28.676941],[77.348143,28.677289],[77.345504,28.677204],[77.34552,28.676823]]]]}","[{""gateName"": ""Gate 1"", ""stopCode"": ""239"", ""lat"": 28.677199, ""lon"": 77.346807}, {""gateName"": ""Gate 2"", ""stopCode"": ""239"", ""lat"": 28.676955, ""lon"": 77.346845}, {""gateName"": ""Towards Ghaziabad"", ""stopCode"": ""239"", ""lat"": 28.677148, ""lon"": 77.345568}, {""gateName"": ""Opp Sonali Motors"", ""stopCode"": ""239"", ""lat"": 28.676898, ""lon"": 77.3456}]",28.677122,77.346466,Raj Bagh,
delhi_metro,240,"{""type"":""MultiPolygon"",""coordinates"":[[[[77.357648,28.677352],[77.359509,28.677512],[77.359472,28.677832],[77.359675,28.677827],[77.359665,28.678001],[77.35937,28.677996],[77.35937,28.677898],[77.357642,28.67778],[77.357648,28.677352]]]]}","[{""gateName"": ""Gate 1"", ""stopCode"": ""240"", ""lat"": 28.677968, ""lon"": 77.35959}, {""gateName"": ""Gate 2"", ""stopCode"": ""240"", ""lat"": 28.677493, ""lon"": 77.358501}, {""gateName"": ""Towards Ghaziabad"", ""stopCode"": ""240"", ""lat"": 28.677714, ""lon"": 77.357932}]",28.678095,77.359528,Major Mohit Sharma Rajendra Nagar,
delhi_metro,242,"{""type"":""MultiPolygon"",""coordinates"":[[[[77.383354,28.678433],[77.384116,28.678329],[77.38418,28.678527],[77.384164,28.67881],[77.383113,28.678861],[77.383075,28.678344],[77.383328,28.678325],[77.383354,28.678433]]]]}","[{""gateName"": ""Gate 1"", ""stopCode"": ""242"", ""lat"": 28.678805, ""lon"": 77.383488}, {""gateName"": ""Gate 2"", ""stopCode"": ""242"", ""lat"": 28.678424, ""lon"": 77.384078}]",28.67856,77.384209,Mohan Nagar,
delhi_metro,243,"{""type"":""MultiPolygon"",""coordinates"":[[[[77.391335,28.676934],[77.392542,28.676567],[77.392998,28.676877],[77.391437,28.67732],[77.391335,28.676934]]]]}","[{""gateName"": ""Gate 1"", ""stopCode"": ""243"", ""lat"": 28.677051, ""lon"": 77.391829}, {""gateName"": ""Gate 2"", ""stopCode"": ""243"", ""lat"": 28.676675, ""lon"": 77.392456}, {""gateName"": ""Parvati Mandir Exit"", ""stopCode"": ""243"", ""lat"": 28.676863, ""lon"": 77.391684}]",28.6772,77.391876,Arthala,
delhi_metro,244,"{""type"":""MultiPolygon"",""coordinates"":[[[[77.406683,28.673486],[77.406077,28.67366],[77.405782,28.672676],[77.406549,28.672511],[77.406892,28.673448],[77.406683,28.673486]]]]}","[{""gateName"": ""Gate 2"", ""stopCode"": ""244"", ""lat"": 28.672662, ""lon"": 77.406286}, {""gateName"": ""Gate 1"", ""stopCode"": ""244"", ""lat"": 28.673358, ""lon"": 77.406404}]",28.673508,77.40654,Hindon River,
delhi_metro,245,"{""type"":""MultiPolygon"",""coordinates"":[[[[77.41684,28.66984],[77.417092,28.670484],[77.416513,28.670767],[77.416363,28.670593],[77.415848,28.671082],[77.415269,28.670673],[77.415151,28.670433],[77.415741,28.67031],[77.41684,28.66984]]]]}","[{""gateName"": ""Gate 2"", ""stopCode"": ""245"", ""lat"": 28.670164, ""lon"": 77.416282}, {""gateName"": ""Gate 1"", ""stopCode"": ""245"", ""lat"": 28.670395, ""lon"": 77.416502}, {""gateName"": ""Front Of Dewan Diagnostic"", ""stopCode"": ""245"", ""lat"": 28.670259, ""lon"": 77.416867}, {""gateName"": ""Near Hindustan Petroleum"", ""stopCode"": ""245"", ""lat"": 28.669957, ""lon"": 77.416722}, {""gateName"": ""Near Shaheed Smarak"", ""stopCode"": ""245"", ""lat"": 28.670941, ""lon"": 77.415735}, {""gateName"": ""Near hindon circle"", ""stopCode"": ""245"", ""lat"": 28.670579, ""lon"": 77.415301}]",28.670177,77.416031,Shaheed Sthal ( New Bus Adda),
delhi_metro,246,"{""type"":""MultiPolygon"",""coordinates"":[[[[77.315961,28.35541],[77.315832,28.355397],[77.315875,28.354601],[77.315389,28.354506],[77.315407,28.35422],[77.315722,28.354217],[77.31575,28.354468],[77.316029,28.354491],[77.316076,28.353874],[77.316537,28.353896],[77.316451,28.354764],[77.317038,28.35478],[77.317016,28.355161],[77.31653,28.355142],[77.316505,28.35546],[77.315961,28.35541]]]]}","[{""gateName"": ""Gate 1"", ""stopCode"": ""246"", ""lat"": 28.355262, ""lon"": 77.316462}, {""gateName"": ""Gate 2"", ""stopCode"": ""246"", ""lat"": 28.353973, ""lon"": 77.316415}, {""gateName"": ""Gate 3"", ""stopCode"": ""246"", ""lat"": 28.354288, ""lon"": 77.315582}]",28.354666,77.316261,Sant Surdas (Sihi),
delhi_metro,247,"{""type"":""MultiPolygon"",""coordinates"":[[[[77.316402,28.340734],[77.316182,28.339412],[77.31703,28.339185],[77.317073,28.339317],[77.316531,28.339464],[77.316906,28.340554],[77.316402,28.340734]]]]}","[{""gateName"": ""Gate 1"", ""stopCode"": ""247"", ""lat"": 28.340649, ""lon"": 77.316461}, {""gateName"": ""Gate 2"", ""stopCode"": ""247"", ""lat"": 28.339279, ""lon"": 77.316939}]",28.339899,77.331657,Raja Nahar Singh (Ballabhgarh),
delhi_metro,248,"{""type"":""MultiPolygon"",""coordinates"":[[[[77.010116,28.616952],[77.011108,28.617272],[77.010937,28.61763],[77.009976,28.617328],[77.010116,28.616952]]]]}","[{""gateName"": ""Gate 1"", ""stopCode"": ""248"", ""lat"": 28.617366, ""lon"": 77.010374}, {""gateName"": ""Gate 2"", ""stopCode"": ""248"", ""lat"": 28.617216, ""lon"": 77.010642}]",28.61722,77.010345,Nangli,
delhi_metro,249,"{""type"":""MultiPolygon"",""coordinates"":[[[[76.986076,28.612529],[76.986508,28.612428],[76.98676,28.612412],[76.986808,28.612383],[76.987702,28.612374],[76.987723,28.612628],[76.986661,28.612687],[76.986666,28.612776],[76.985883,28.612835],[76.985824,28.612736],[76.985792,28.61256],[76.986076,28.612529]]]]}","[{""gateName"": ""Gate 2"", ""stopCode"": ""249"", ""lat"": 28.612532, ""lon"": 76.986425}, {""gateName"": ""Gate 3"", ""stopCode"": ""249"", ""lat"": 28.612468, ""lon"": 76.987503}, {""gateName"": ""Gate 1"", ""stopCode"": ""249"", ""lat"": 28.612722, ""lon"": 76.986398}]",28.613316,76.986259,Najafgarh,
delhi_metro,250,"{""type"":""MultiPolygon"",""coordinates"":[[[[76.976247,28.61148],[76.977864,28.611598],[76.978307,28.611732],[76.978095,28.612017],[76.976284,28.611704],[76.976247,28.61148]]]]}","[{""gateName"": ""Gate 1"", ""stopCode"": ""250"", ""lat"": 28.611647, ""lon"": 76.976622}, {""gateName"": ""Gate 2"", ""stopCode"": ""250"", ""lat"": 28.611673, ""lon"": 76.97777}]",28.611858,76.975426,Dhansa Bus Stand,
