gtfs_id,vehicle_no,service_sub_types
chennai_bus,I3316,"[""ORDI""]"
chennai_bus,I3319,"[""ORDI""]"
chennai_bus,I3332,"[""ORDI""]"
chennai_bus,I3333,"[""ORDI""]"
chennai_bus,I3334,"[""ORDI""]"
chennai_bus,I3335,"[""ORDI""]"
chennai_bus,I3336,"[""ORDI""]"
chennai_bus,I3337,"[""ORDI""]"
chennai_bus,I3338,"[""ORDI""]"
chennai_bus,I3339,"[""ORDI""]"
chennai_bus,I3340,"[""ORDI""]"
chennai_bus,I3341,"[""ORDI""]"
chennai_bus,I3342,"[""ORDI""]"
chennai_bus,I3343,"[""ORDI""]"
chennai_bus,I3344,"[""ORDI""]"
chennai_bus,I3345,"[""ORDI""]"
chennai_bus,I3346,"[""ORDI""]"
chennai_bus,I3347,"[""ORDI""]"
chennai_bus,I3348,"[""ORDI""]"
chennai_bus,I3349,"[""ORDI""]"
chennai_bus,I3351,"[""ORDI""]"
chennai_bus,I3352,"[""ORDI""]"
chennai_bus,I3353,"[""ORDI""]"
chennai_bus,I3355,"[""ORDI""]"
chennai_bus,I3356,"[""ORDI""]"
chennai_bus,I3357,"[""ORDI""]"
chennai_bus,I3358,"[""ORDI""]"
chennai_bus,I3359,"[""ORDI""]"
chennai_bus,I3360,"[""ORDI""]"
chennai_bus,I3361,"[""ORDI""]"
chennai_bus,I3362,"[""ORDI""]"
chennai_bus,I3363,"[""ORDI""]"
chennai_bus,I3364,"[""ORDI""]"
chennai_bus,I3365,"[""ORDI""]"
chennai_bus,I3366,"[""ORDI""]"
chennai_bus,I3367,"[""ORDI""]"
chennai_bus,I3368,"[""ORDI""]"
chennai_bus,I3369,"[""ORDI""]"
chennai_bus,I3370,"[""ORDI""]"
chennai_bus,I3371,"[""ORDI""]"
chennai_bus,I3372,"[""ORDI""]"
chennai_bus,I3373,"[""ORDI""]"
chennai_bus,I3375,"[""ORDI""]"
chennai_bus,I3377,"[""ORDI""]"
chennai_bus,I3378,"[""ORDI""]"
chennai_bus,I3379,"[""ORDI""]"
chennai_bus,I3380,"[""ORDI""]"
chennai_bus,I3381,"[""ORDI""]"
chennai_bus,I3382,"[""ORDI""]"
chennai_bus,I3383,"[""ORDI""]"
chennai_bus,I3384,"[""ORDI""]"
chennai_bus,I3385,"[""ORDI""]"
chennai_bus,I3386,"[""ORDI""]"
chennai_bus,I3387,"[""ORDI""]"
chennai_bus,I3388,"[""ORDI""]"
chennai_bus,I3389,"[""ORDI""]"
chennai_bus,I3391,"[""ORDI""]"
chennai_bus,I3392,"[""ORDI""]"
chennai_bus,I3393,"[""ORDI""]"
chennai_bus,I3394,"[""ORDI""]"
chennai_bus,I3395,"[""ORDI""]"
chennai_bus,I3396,"[""ORDI""]"
chennai_bus,I3397,"[""ORDI""]"
chennai_bus,I3398,"[""ORDI""]"
chennai_bus,I3400,"[""ORDI""]"
chennai_bus,J0001,"[""ORDI""]"
chennai_bus,J0002,"[""ORDI""]"
chennai_bus,J0003,"[""ORDI""]"
chennai_bus,J0004,"[""ORDI""]"
chennai_bus,J0005,"[""ORDI""]"
chennai_bus,J0006,"[""ORDI""]"
chennai_bus,J0007,"[""ORDI""]"
chennai_bus,J0008,"[""ORDI""]"
chennai_bus,J0009,"[""ORDI""]"
chennai_bus,J0010,"[""ORDI""]"
chennai_bus,J0011,"[""ORDI""]"
chennai_bus,J0012,"[""ORDI""]"
chennai_bus,J0013,"[""ORDI""]"
chennai_bus,J0014,"[""ORDI""]"
chennai_bus,J0015,"[""ORDI""]"
chennai_bus,J0016,"[""ORDI""]"
chennai_bus,J0017,"[""ORDI""]"
chennai_bus,J0018,"[""ORDI""]"
chennai_bus,J0020,"[""ORDI""]"
chennai_bus,J0025,"[""ORDI""]"
chennai_bus,J0027,"[""ORDI""]"
chennai_bus,J0028,"[""ORDI""]"
chennai_bus,J0030,"[""ORDI""]"
chennai_bus,J0031,"[""ORDI""]"
chennai_bus,J0032,"[""ORDI""]"
chennai_bus,J0033,"[""ORDI""]"
chennai_bus,J0034,"[""ORDI""]"
chennai_bus,J0035,"[""ORDI""]"
chennai_bus,J0036,"[""ORDI""]"
chennai_bus,J0037,"[""ORDI""]"
chennai_bus,J0038,"[""ORDI""]"
chennai_bus,J0039,"[""ORDI""]"
chennai_bus,J0040,"[""ORDI""]"
chennai_bus,J0041,"[""ORDI""]"
chennai_bus,J0042,"[""ORDI""]"
chennai_bus,J0043,"[""ORDI""]"
chennai_bus,J0044,"[""ORDI""]"
chennai_bus,J0045,"[""ORDI""]"
chennai_bus,J0046,"[""ORDI""]"
chennai_bus,J0047,"[""ORDI""]"
chennai_bus,J0048,"[""ORDI""]"
chennai_bus,J0050,"[""ORDI""]"
chennai_bus,J0059,"[""ORDI""]"
chennai_bus,J0060,"[""ORDI""]"
chennai_bus,J0062,"[""ORDI""]"
chennai_bus,J0063,"[""ORDI""]"
chennai_bus,J0064,"[""ORDI""]"
chennai_bus,J0065,"[""ORDI""]"
chennai_bus,J0066,"[""ORDI""]"
chennai_bus,J0067,"[""ORDI""]"
chennai_bus,J0068,"[""ORDI""]"
chennai_bus,J0069,"[""ORDI""]"
chennai_bus,J0070,"[""ORDI""]"
chennai_bus,J0071,"[""ORDI""]"
chennai_bus,J0072,"[""ORDI""]"
chennai_bus,J0073,"[""ORDI""]"
chennai_bus,J0074,"[""ORDI""]"
chennai_bus,J0076,"[""ORDI""]"
chennai_bus,J0077,"[""ORDI""]"
chennai_bus,J0078,"[""ORDI""]"
chennai_bus,J0079,"[""ORDI""]"
chennai_bus,J0080,"[""ORDI""]"
chennai_bus,J0081,"[""ORDI""]"
chennai_bus,J0082,"[""ORDI""]"
chennai_bus,J0083,"[""ORDI""]"
chennai_bus,J0084,"[""ORDI""]"
chennai_bus,J0085,"[""ORDI""]"
chennai_bus,J0086,"[""ORDI""]"
chennai_bus,J0087,"[""ORDI""]"
chennai_bus,J0088,"[""ORDI""]"
chennai_bus,J0089,"[""ORDI""]"
chennai_bus,J0090,"[""ORDI""]"
chennai_bus,J0091,"[""ORDI""]"
chennai_bus,J0092,"[""ORDI""]"
chennai_bus,J0093,"[""ORDI""]"
chennai_bus,J0094,"[""ORDI""]"
chennai_bus,J0095,"[""ORDI""]"
chennai_bus,J0096,"[""ORDI""]"
chennai_bus,J0097,"[""ORDI""]"
chennai_bus,J0098,"[""ORDI""]"
chennai_bus,J0099,"[""ORDI""]"
chennai_bus,J0100,"[""ORDI""]"
chennai_bus,J0101,"[""ORDI""]"
chennai_bus,J0102,"[""ORDI""]"
chennai_bus,J0103,"[""ORDI""]"
chennai_bus,J0105,"[""ORDI""]"
chennai_bus,J0106,"[""ORDI""]"
chennai_bus,J0107,"[""ORDI""]"
chennai_bus,J0108,"[""ORDI""]"
chennai_bus,J0109,"[""ORDI""]"
chennai_bus,J0110,"[""ORDI""]"
chennai_bus,J0111,"[""ORDI""]"
chennai_bus,J0112,"[""ORDI""]"
chennai_bus,J0113,"[""ORDI""]"
chennai_bus,J0114,"[""ORDI""]"
chennai_bus,J0115,"[""ORDI""]"
chennai_bus,J0118,"[""ORDI""]"
chennai_bus,J0119,"[""ORDI""]"
chennai_bus,J0120,"[""ORDI""]"
chennai_bus,J0121,"[""ORDI""]"
chennai_bus,J0122,"[""ORDI""]"
chennai_bus,J0123,"[""ORDI""]"
chennai_bus,J0124,"[""ORDI""]"
chennai_bus,J0125,"[""ORDI""]"
chennai_bus,J0126,"[""ORDI""]"
chennai_bus,J0127,"[""ORDI""]"
chennai_bus,J0128,"[""ORDI""]"
chennai_bus,J0129,"[""ORDI""]"
chennai_bus,J0130,"[""ORDI""]"
chennai_bus,J0131,"[""ORDI""]"
chennai_bus,J0132,"[""ORDI""]"
chennai_bus,J0133,"[""ORDI""]"
chennai_bus,J0134,"[""ORDI""]"
chennai_bus,J0136,"[""ORDI""]"
chennai_bus,J0137,"[""ORDI""]"
chennai_bus,J0140,"[""ORDI""]"
chennai_bus,J0141,"[""ORDI""]"
chennai_bus,J0142,"[""ORDI""]"
chennai_bus,J0143,"[""ORDI""]"
chennai_bus,J0145,"[""ORDI""]"
chennai_bus,J0146,"[""ORDI""]"
chennai_bus,J0147,"[""ORDI""]"
chennai_bus,J0148,"[""ORDI""]"
chennai_bus,J0149,"[""ORDI""]"
chennai_bus,J0150,"[""ORDI""]"
chennai_bus,J0151,"[""ORDI""]"
chennai_bus,J0152,"[""ORDI""]"
chennai_bus,J0153,"[""ORDI""]"
chennai_bus,J0155,"[""ORDI""]"
chennai_bus,J0156,"[""ORDI""]"
chennai_bus,J0157,"[""ORDI""]"
chennai_bus,J0158,"[""ORDI""]"
chennai_bus,J0159,"[""ORDI""]"
chennai_bus,J0160,"[""ORDI""]"
chennai_bus,J0162,"[""ORDI""]"
chennai_bus,J0163,"[""ORDI""]"
chennai_bus,J0164,"[""ORDI""]"
chennai_bus,J0166,"[""ORDI""]"
chennai_bus,J0167,"[""ORDI""]"
chennai_bus,J0168,"[""ORDI""]"
chennai_bus,J0169,"[""ORDI""]"
chennai_bus,J0170,"[""ORDI""]"
chennai_bus,J0171,"[""ORDI""]"
chennai_bus,J0172,"[""ORDI""]"
chennai_bus,J0173,"[""ORDI""]"
chennai_bus,J0174,"[""ORDI""]"
chennai_bus,J0175,"[""ORDI""]"
chennai_bus,J0176,"[""ORDI""]"
chennai_bus,J0177,"[""ORDI""]"
chennai_bus,J0178,"[""ORDI""]"
chennai_bus,J0179,"[""ORDI""]"
chennai_bus,J0180,"[""ORDI""]"
chennai_bus,J0181,"[""ORDI""]"
chennai_bus,J0182,"[""ORDI""]"
chennai_bus,J0183,"[""ORDI""]"
chennai_bus,J0184,"[""ORDI""]"
chennai_bus,J0185,"[""ORDI""]"
chennai_bus,J0186,"[""ORDI""]"
chennai_bus,J0187,"[""ORDI""]"
chennai_bus,J0188,"[""ORDI""]"
chennai_bus,J0189,"[""ORDI""]"
chennai_bus,J0190,"[""ORDI""]"
chennai_bus,J0191,"[""ORDI""]"
chennai_bus,J0192,"[""ORDI""]"
chennai_bus,J0193,"[""ORDI""]"
chennai_bus,J0194,"[""ORDI""]"
chennai_bus,J0195,"[""ORDI""]"
chennai_bus,J0196,"[""ORDI""]"
chennai_bus,J0197,"[""ORDI""]"
chennai_bus,J0198,"[""ORDI""]"
chennai_bus,J0199,"[""ORDI""]"
chennai_bus,J0200,"[""ORDI""]"
chennai_bus,J0201,"[""ORDI""]"
chennai_bus,J0202,"[""ORDI""]"
chennai_bus,J0203,"[""ORDI""]"
chennai_bus,J0204,"[""ORDI""]"
chennai_bus,J0205,"[""ORDI""]"
chennai_bus,J0206,"[""ORDI""]"
chennai_bus,J0207,"[""ORDI""]"
chennai_bus,J0208,"[""ORDI""]"
chennai_bus,J0209,"[""ORDI""]"
chennai_bus,J0210,"[""ORDI""]"
chennai_bus,J0211,"[""ORDI""]"
chennai_bus,J0212,"[""ORDI""]"
chennai_bus,J0213,"[""ORDI""]"
chennai_bus,J0214,"[""ORDI""]"
chennai_bus,J0215,"[""ORDI""]"
chennai_bus,J0216,"[""ORDI""]"
chennai_bus,J0217,"[""ORDI""]"
chennai_bus,J0218,"[""ORDI""]"
chennai_bus,J0219,"[""ORDI""]"
chennai_bus,J0220,"[""ORDI""]"
chennai_bus,J0221,"[""ORDI""]"
chennai_bus,J0222,"[""ORDI""]"
chennai_bus,J0223,"[""ORDI""]"
chennai_bus,J0224,"[""ORDI""]"
chennai_bus,J0225,"[""ORDI""]"
chennai_bus,J0227,"[""ORDI""]"
chennai_bus,J0228,"[""ORDI""]"
chennai_bus,J0229,"[""ORDI""]"
chennai_bus,J0230,"[""ORDI""]"
chennai_bus,J0231,"[""ORDI""]"
chennai_bus,J0232,"[""ORDI""]"
chennai_bus,J0233,"[""ORDI""]"
chennai_bus,J0234,"[""ORDI""]"
chennai_bus,J0235,"[""ORDI""]"
chennai_bus,J0236,"[""ORDI""]"
chennai_bus,J0237,"[""ORDI""]"
chennai_bus,J0238,"[""ORDI""]"
chennai_bus,J0239,"[""ORDI""]"
chennai_bus,J0240,"[""ORDI""]"
chennai_bus,J0241,"[""ORDI""]"
chennai_bus,J0242,"[""ORDI""]"
chennai_bus,J0243,"[""ORDI""]"
chennai_bus,J0244,"[""ORDI""]"
chennai_bus,J0245,"[""ORDI""]"
chennai_bus,J0246,"[""ORDI""]"
chennai_bus,J0247,"[""ORDI""]"
chennai_bus,J0248,"[""ORDI""]"
chennai_bus,J0249,"[""ORDI""]"
chennai_bus,J0250,"[""MINI""]"
chennai_bus,J0251,"[""MINI""]"
chennai_bus,J0253,"[""MINI""]"
chennai_bus,J0254,"[""MINI""]"
chennai_bus,J0255,"[""MINI""]"
chennai_bus,J0256,"[""MINI""]"
chennai_bus,J0257,"[""MINI""]"
chennai_bus,J0258,"[""MINI""]"
chennai_bus,J0259,"[""MINI""]"
chennai_bus,J0261,"[""MINI""]"
chennai_bus,J0262,"[""MINI""]"
chennai_bus,J0263,"[""MINI""]"
chennai_bus,J0264,"[""MINI""]"
chennai_bus,J0265,"[""MINI""]"
chennai_bus,J0266,"[""MINI""]"
chennai_bus,J0268,"[""MINI""]"
chennai_bus,J0272,"[""MINI""]"
chennai_bus,J0273,"[""MINI""]"
chennai_bus,J0275,"[""MINI""]"
chennai_bus,J0279,"[""MINI""]"
chennai_bus,J0280,"[""MINI""]"
chennai_bus,J0283,"[""MINI""]"
chennai_bus,J0284,"[""MINI""]"
chennai_bus,J0285,"[""MINI""]"
chennai_bus,J0286,"[""MINI""]"
chennai_bus,J0287,"[""MINI""]"
chennai_bus,J0288,"[""MINI""]"
chennai_bus,J0289,"[""MINI""]"
chennai_bus,J0293,"[""MINI""]"
chennai_bus,J0294,"[""MINI""]"
chennai_bus,J0296,"[""MINI""]"
chennai_bus,J0299,"[""MINI""]"
chennai_bus,J0301,"[""MINI""]"
chennai_bus,J0304,"[""MINI""]"
chennai_bus,J0306,"[""MINI""]"
chennai_bus,J0307,"[""MINI""]"
chennai_bus,J0309,"[""MINI""]"
chennai_bus,J0310,"[""MINI""]"
chennai_bus,J0311,"[""MINI""]"
chennai_bus,J0312,"[""MINI""]"
chennai_bus,J0313,"[""MINI""]"
chennai_bus,J0314,"[""MINI""]"
chennai_bus,J0315,"[""MINI""]"
chennai_bus,J0317,"[""MINI""]"
chennai_bus,J0319,"[""MINI""]"
chennai_bus,J0321,"[""MINI""]"
chennai_bus,J0322,"[""MINI""]"
chennai_bus,J0323,"[""MINI""]"
chennai_bus,J0325,"[""MINI""]"
chennai_bus,J0328,"[""MINI""]"
chennai_bus,J0329,"[""MINI""]"
chennai_bus,J0336,"[""MINI""]"
chennai_bus,J0337,"[""MINI""]"
chennai_bus,J0338,"[""MINI""]"
chennai_bus,J0340,"[""MINI""]"
chennai_bus,J0342,"[""MINI""]"
chennai_bus,J0343,"[""MINI""]"
chennai_bus,J0344,"[""MINI""]"
chennai_bus,J0346,"[""MINI""]"
chennai_bus,J0347,"[""MINI""]"
chennai_bus,J0348,"[""MINI""]"
chennai_bus,J0351,"[""ORDI""]"
chennai_bus,J0353,"[""ORDI""]"
chennai_bus,J0354,"[""ORDI""]"
chennai_bus,J0355,"[""ORDI""]"
chennai_bus,J0357,"[""ORDI""]"
chennai_bus,J0360,"[""ORDI""]"
chennai_bus,J0371,"[""ORDI""]"
chennai_bus,J0372,"[""ORDI""]"
chennai_bus,J0373,"[""ORDI""]"
chennai_bus,J0374,"[""ORDI""]"
chennai_bus,J0375,"[""ORDI""]"
chennai_bus,J0376,"[""ORDI""]"
chennai_bus,J0377,"[""ORDI""]"
chennai_bus,J0378,"[""ORDI""]"
chennai_bus,J0379,"[""ORDI""]"
chennai_bus,J0380,"[""ORDI""]"
chennai_bus,J0381,"[""ORDI""]"
chennai_bus,J0382,"[""ORDI""]"
chennai_bus,J0383,"[""ORDI""]"
chennai_bus,J0384,"[""ORDI""]"
chennai_bus,J0386,"[""ORDI""]"
chennai_bus,J0387,"[""ORDI""]"
chennai_bus,J0388,"[""ORDI""]"
chennai_bus,J0389,"[""ORDI""]"
chennai_bus,J0390,"[""ORDI""]"
chennai_bus,J0391,"[""ORDI""]"
chennai_bus,J0392,"[""ORDI""]"
chennai_bus,J0393,"[""ORDI""]"
chennai_bus,J0394,"[""ORDI""]"
chennai_bus,J0395,"[""ORDI""]"
chennai_bus,J0396,"[""ORDI""]"
chennai_bus,J0397,"[""ORDI""]"
chennai_bus,J0398,"[""ORDI""]"
chennai_bus,J0399,"[""ORDI""]"
chennai_bus,J0400,"[""ORDI""]"
chennai_bus,J0401,"[""ORDI""]"
chennai_bus,J0402,"[""ORDI""]"
chennai_bus,J0403,"[""ORDI""]"
chennai_bus,J0404,"[""ORDI""]"
chennai_bus,J0405,"[""ORDI""]"
chennai_bus,J0406,"[""ORDI""]"
chennai_bus,J0407,"[""ORDI""]"
chennai_bus,J0408,"[""ORDI""]"
chennai_bus,J0409,"[""ORDI""]"
chennai_bus,J0410,"[""ORDI""]"
chennai_bus,J0411,"[""ORDI""]"
chennai_bus,J0412,"[""ORDI""]"
chennai_bus,J0413,"[""ORDI""]"
chennai_bus,J0414,"[""ORDI""]"
chennai_bus,J0415,"[""ORDI""]"
chennai_bus,J0416,"[""ORDI""]"
chennai_bus,J0417,"[""ORDI""]"
chennai_bus,J0418,"[""ORDI""]"
chennai_bus,J0419,"[""ORDI""]"
chennai_bus,J0420,"[""ORDI""]"
chennai_bus,J0421,"[""ORDI""]"
chennai_bus,J0422,"[""ORDI""]"
chennai_bus,J0423,"[""ORDI""]"
chennai_bus,J0424,"[""ORDI""]"
chennai_bus,J0425,"[""ORDI""]"
chennai_bus,J0426,"[""ORDI""]"
chennai_bus,J0427,"[""ORDI""]"
chennai_bus,J0428,"[""ORDI""]"
chennai_bus,J0429,"[""ORDI""]"
chennai_bus,J0430,"[""ORDI""]"
chennai_bus,J0431,"[""ORDI""]"
chennai_bus,J0432,"[""ORDI""]"
chennai_bus,J0433,"[""ORDI""]"
chennai_bus,J0434,"[""ORDI""]"
chennai_bus,J0435,"[""ORDI""]"
chennai_bus,J0436,"[""ORDI""]"
chennai_bus,J0437,"[""ORDI""]"
chennai_bus,J0438,"[""ORDI""]"
chennai_bus,J0439,"[""ORDI""]"
chennai_bus,J0440,"[""ORDI""]"
chennai_bus,J0441,"[""ORDI""]"
chennai_bus,J0442,"[""ORDI""]"
chennai_bus,J0443,"[""ORDI""]"
chennai_bus,J0445,"[""ORDI""]"
chennai_bus,J0446,"[""ORDI""]"
chennai_bus,J0447,"[""ORDI""]"
chennai_bus,J0448,"[""ORDI""]"
chennai_bus,J0449,"[""ORDI""]"
chennai_bus,J0450,"[""ORDI""]"
chennai_bus,J0451,"[""ORDI""]"
chennai_bus,J0452,"[""ORDI""]"
chennai_bus,J0454,"[""ORDI""]"
chennai_bus,J0455,"[""ORDI""]"
chennai_bus,J0456,"[""ORDI""]"
chennai_bus,J0457,"[""ORDA""]"
chennai_bus,J0458,"[""ORDI""]"
chennai_bus,J0459,"[""ORDA""]"
chennai_bus,J0460,"[""ORDA""]"
chennai_bus,J0461,"[""ORDA""]"
chennai_bus,J0462,"[""ORDI""]"
chennai_bus,J0463,"[""ORDI""]"
chennai_bus,J0464,"[""ORDA""]"
chennai_bus,J0465,"[""ORDI""]"
chennai_bus,J0467,"[""ORDA""]"
chennai_bus,J0468,"[""ORDA""]"
chennai_bus,J0469,"[""ORDA""]"
chennai_bus,J0470,"[""ORDI""]"
chennai_bus,J0471,"[""ORDI""]"
chennai_bus,J0472,"[""ORDA""]"
chennai_bus,J0473,"[""ORDA""]"
chennai_bus,J0475,"[""ORDI""]"
chennai_bus,J0476,"[""ORDI""]"
chennai_bus,J0477,"[""ORDI""]"
chennai_bus,J0478,"[""ORDI""]"
chennai_bus,J0479,"[""ORDI""]"
chennai_bus,J0480,"[""ORDA""]"
chennai_bus,J0481,"[""ORDA""]"
chennai_bus,J0482,"[""ORDA""]"
chennai_bus,J0484,"[""ORDA""]"
chennai_bus,J0485,"[""ORDI""]"
chennai_bus,J0486,"[""ORDA""]"
chennai_bus,J0487,"[""ORDA""]"
chennai_bus,J0488,"[""ORDA""]"
chennai_bus,J0489,"[""ORDA""]"
chennai_bus,J0490,"[""ORDA""]"
chennai_bus,J0491,"[""ORDA""]"
chennai_bus,J0492,"[""ORDI""]"
chennai_bus,J0493,"[""ORDI""]"
chennai_bus,J0494,"[""ORDI""]"
chennai_bus,J0495,"[""ORDI""]"
chennai_bus,J0496,"[""ORDI""]"
chennai_bus,J0497,"[""ORDI""]"
chennai_bus,J0498,"[""ORDA""]"
chennai_bus,J0499,"[""ORDA""]"
chennai_bus,J0500,"[""ORDA""]"
chennai_bus,J0501,"[""ORDI""]"
chennai_bus,J0502,"[""ORDI""]"
chennai_bus,J0503,"[""ORDI""]"
chennai_bus,J0504,"[""ORDI""]"
chennai_bus,J0505,"[""ORDI""]"
chennai_bus,J0506,"[""ORDI""]"
chennai_bus,J0507,"[""ORDI""]"
chennai_bus,J0508,"[""ORDI""]"
chennai_bus,J0509,"[""ORDI""]"
chennai_bus,J0510,"[""ORDI""]"
chennai_bus,J0511,"[""ORDI""]"
chennai_bus,J0512,"[""ORDI""]"
chennai_bus,J0513,"[""ORDI""]"
chennai_bus,J0514,"[""ORDA""]"
chennai_bus,J0515,"[""ORDI""]"
chennai_bus,J0516,"[""ORDI""]"
chennai_bus,J0517,"[""ORDI""]"
chennai_bus,J0518,"[""ORDI""]"
chennai_bus,J0519,"[""ORDI""]"
chennai_bus,J0520,"[""ORDI""]"
chennai_bus,J0521,"[""ORDI""]"
chennai_bus,J0522,"[""ORDA""]"
chennai_bus,J0523,"[""ORDI""]"
chennai_bus,J0524,"[""ORDA""]"
chennai_bus,J0525,"[""ORDI""]"
chennai_bus,J0526,"[""ORDI""]"
chennai_bus,J0527,"[""ORDI""]"
chennai_bus,J0528,"[""ORDI""]"
chennai_bus,J0529,"[""ORDI""]"
chennai_bus,J0530,"[""ORDI""]"
chennai_bus,J0531,"[""ORDI""]"
chennai_bus,J0532,"[""ORDI""]"
chennai_bus,J0533,"[""ORDA""]"
chennai_bus,J0534,"[""ORDA""]"
chennai_bus,J0535,"[""ORDI""]"
chennai_bus,J0536,"[""ORDI""]"
chennai_bus,J0537,"[""ORDA""]"
chennai_bus,J0538,"[""ORDA""]"
chennai_bus,J0539,"[""ORDA""]"
chennai_bus,J0540,"[""ORDA""]"
chennai_bus,J0541,"[""ORDI""]"
chennai_bus,J0542,"[""ORDA""]"
chennai_bus,J0543,"[""ORDA""]"
chennai_bus,J0544,"[""ORDA""]"
chennai_bus,J0545,"[""ORDI""]"
chennai_bus,J0546,"[""ORDA""]"
chennai_bus,J0547,"[""ORDA""]"
chennai_bus,J0548,"[""ORDI""]"
chennai_bus,J0549,"[""ORDA""]"
chennai_bus,J0550,"[""ORDI""]"
chennai_bus,J0551,"[""ORDI""]"
chennai_bus,J0552,"[""ORDI""]"
chennai_bus,J0553,"[""ORDI""]"
chennai_bus,J0554,"[""ORDI""]"
chennai_bus,J0555,"[""ORDI""]"
chennai_bus,J0556,"[""ORDI""]"
chennai_bus,J0557,"[""ORDI""]"
chennai_bus,J0558,"[""ORDI""]"
chennai_bus,J0559,"[""ORDI""]"
chennai_bus,J0560,"[""ORDI""]"
chennai_bus,J0561,"[""ORDI""]"
chennai_bus,J0562,"[""ORDI""]"
chennai_bus,J0563,"[""ORDI""]"
chennai_bus,J0564,"[""ORDI""]"
chennai_bus,J0565,"[""ORDI""]"
chennai_bus,J0566,"[""ORDI""]"
chennai_bus,J0567,"[""ORDI""]"
chennai_bus,J0568,"[""ORDI""]"
chennai_bus,J0569,"[""ORDI""]"
chennai_bus,J0570,"[""ORDA""]"
chennai_bus,J0571,"[""ORDI""]"
chennai_bus,J0572,"[""ORDI""]"
chennai_bus,J0573,"[""ORDI""]"
chennai_bus,J0574,"[""ORDI""]"
chennai_bus,J0575,"[""ORDI""]"
chennai_bus,J0576,"[""ORDI""]"
chennai_bus,J0577,"[""ORDI""]"
chennai_bus,J0578,"[""ORDI""]"
chennai_bus,J0579,"[""ORDI""]"
chennai_bus,J0580,"[""ORDI""]"
chennai_bus,J0581,"[""ORDI""]"
chennai_bus,J0582,"[""ORDI""]"
chennai_bus,J0583,"[""ORDI""]"
chennai_bus,J0584,"[""ORDI""]"
chennai_bus,J0585,"[""ORDI""]"
chennai_bus,J0586,"[""ORDI""]"
chennai_bus,J0587,"[""ORDI""]"
chennai_bus,J0588,"[""ORDI""]"
chennai_bus,J0589,"[""ORDI""]"
chennai_bus,J0590,"[""ORDI""]"
chennai_bus,J0591,"[""ORDI""]"
chennai_bus,J0592,"[""ORDI""]"
chennai_bus,J0593,"[""ORDI""]"
chennai_bus,J0594,"[""ORDI""]"
chennai_bus,J0595,"[""ORDI""]"
chennai_bus,J0596,"[""ORDI""]"
chennai_bus,J0597,"[""ORDI""]"
chennai_bus,J0598,"[""ORDI""]"
chennai_bus,J0599,"[""ORDI""]"
chennai_bus,J0600,"[""MINI""]"
chennai_bus,J0601,"[""MINI""]"
chennai_bus,J0602,"[""MINI""]"
chennai_bus,J0603,"[""MINI""]"
chennai_bus,J0604,"[""MINI""]"
chennai_bus,J0605,"[""MINI""]"
chennai_bus,J0606,"[""MINI""]"
chennai_bus,J0607,"[""MINI""]"
chennai_bus,J0608,"[""MINI""]"
chennai_bus,J0609,"[""MINI""]"
chennai_bus,J0610,"[""MINI""]"
chennai_bus,J0611,"[""MINI""]"
chennai_bus,J0612,"[""MINI""]"
chennai_bus,J0613,"[""MINI""]"
chennai_bus,J0614,"[""MINI""]"
chennai_bus,J0615,"[""MINI""]"
chennai_bus,J0616,"[""MINI""]"
chennai_bus,J0617,"[""MINI""]"
chennai_bus,J0618,"[""MINI""]"
chennai_bus,J0619,"[""MINI""]"
chennai_bus,J0620,"[""MINI""]"
chennai_bus,J0621,"[""MINI""]"
chennai_bus,J0622,"[""MINI""]"
chennai_bus,J0623,"[""MINI""]"
chennai_bus,J0624,"[""MINI""]"
chennai_bus,J0625,"[""MINI""]"
chennai_bus,J0626,"[""MINI""]"
chennai_bus,J0628,"[""MINI""]"
chennai_bus,J0629,"[""MINI""]"
chennai_bus,J0630,"[""MINI""]"
chennai_bus,J0631,"[""MINI""]"
chennai_bus,J0632,"[""MINI""]"
chennai_bus,J0633,"[""MINI""]"
chennai_bus,J0634,"[""MINI""]"
chennai_bus,J0635,"[""MINI""]"
chennai_bus,J0636,"[""MINI""]"
chennai_bus,J0637,"[""MINI""]"
chennai_bus,J0638,"[""MINI""]"
chennai_bus,J0639,"[""MINI""]"
chennai_bus,J0640,"[""MINI""]"
chennai_bus,J0641,"[""MINI""]"
chennai_bus,J0642,"[""MINI""]"
chennai_bus,J0643,"[""MINI""]"
chennai_bus,J0646,"[""MINI""]"
chennai_bus,J0647,"[""MINI""]"
chennai_bus,J0648,"[""MINI""]"
chennai_bus,J0649,"[""MINI""]"
chennai_bus,J0650,"[""MINI""]"
chennai_bus,J0651,"[""MINI""]"
chennai_bus,J0652,"[""MINI""]"
chennai_bus,J0653,"[""MINI""]"
chennai_bus,J0654,"[""MINI""]"
chennai_bus,J0655,"[""MINI""]"
chennai_bus,J0656,"[""MINI""]"
chennai_bus,J0657,"[""MINI""]"
chennai_bus,J0658,"[""MINI""]"
chennai_bus,J0659,"[""MINI""]"
chennai_bus,J0660,"[""MINI""]"
chennai_bus,J0661,"[""MINI""]"
chennai_bus,J0662,"[""MINI""]"
chennai_bus,J0663,"[""MINI""]"
chennai_bus,J0664,"[""MINI""]"
chennai_bus,J0665,"[""MINI""]"
chennai_bus,J0666,"[""MINI""]"
chennai_bus,J0668,"[""MINI""]"
chennai_bus,J0669,"[""MINI""]"
chennai_bus,J0670,"[""MINI""]"
chennai_bus,J0671,"[""MINI""]"
chennai_bus,J0672,"[""MINI""]"
chennai_bus,J0673,"[""MINI""]"
chennai_bus,J0674,"[""MINI""]"
chennai_bus,J0675,"[""MINI""]"
chennai_bus,J0676,"[""MINI""]"
chennai_bus,J0677,"[""MINI""]"
chennai_bus,J0678,"[""MINI""]"
chennai_bus,J0679,"[""MINI""]"
chennai_bus,J0680,"[""MINI""]"
chennai_bus,J0681,"[""MINI""]"
chennai_bus,J0682,"[""MINI""]"
chennai_bus,J0683,"[""MINI""]"
chennai_bus,J0684,"[""MINI""]"
chennai_bus,J0686,"[""MINI""]"
chennai_bus,J0687,"[""MINI""]"
chennai_bus,J0688,"[""MINI""]"
chennai_bus,J0689,"[""MINI""]"
chennai_bus,J0690,"[""MINI""]"
chennai_bus,J0691,"[""MINI""]"
chennai_bus,J0692,"[""MINI""]"
chennai_bus,J0693,"[""MINI""]"
chennai_bus,J0694,"[""MINI""]"
chennai_bus,J0695,"[""MINI""]"
chennai_bus,J0696,"[""MINI""]"
chennai_bus,J0697,"[""MINI""]"
chennai_bus,J0698,"[""MINI""]"
chennai_bus,J0699,"[""MINI""]"
chennai_bus,J0700,"[""MINI""]"
chennai_bus,J0701,"[""MINI""]"
chennai_bus,J0702,"[""MINI""]"
chennai_bus,J0703,"[""MINI""]"
chennai_bus,J0705,"[""MINI""]"
chennai_bus,J0706,"[""MINI""]"
chennai_bus,J0707,"[""MINI""]"
chennai_bus,J0709,"[""MINI""]"
chennai_bus,J0710,"[""ORDI""]"
chennai_bus,J0711,"[""ORDI""]"
chennai_bus,J0712,"[""ORDI""]"
chennai_bus,J0713,"[""ORDI""]"
chennai_bus,J0714,"[""ORDI""]"
chennai_bus,J0715,"[""ORDI""]"
chennai_bus,J0716,"[""ORDI""]"
chennai_bus,J0717,"[""ORDI""]"
chennai_bus,J0718,"[""ORDI""]"
chennai_bus,J0719,"[""ORDI""]"
chennai_bus,J0720,"[""ORDI""]"
chennai_bus,J0721,"[""ORDI""]"
chennai_bus,J0722,"[""ORDI""]"
chennai_bus,J0723,"[""ORDI""]"
chennai_bus,J0724,"[""ORDI""]"
chennai_bus,J0725,"[""ORDI""]"
chennai_bus,J0726,"[""ORDI""]"
chennai_bus,J0727,"[""ORDI""]"
chennai_bus,J0728,"[""ORDI""]"
chennai_bus,J0729,"[""ORDI""]"
chennai_bus,J0730,"[""ORDI""]"
chennai_bus,J0731,"[""ORDI""]"
chennai_bus,J0732,"[""ORDI""]"
chennai_bus,J0733,"[""ORDI""]"
chennai_bus,J0734,"[""ORDI""]"
chennai_bus,J0735,"[""ORDI""]"
chennai_bus,J0736,"[""ORDI""]"
chennai_bus,J0737,"[""ORDI""]"
chennai_bus,J0738,"[""ORDI""]"
chennai_bus,J0739,"[""ORDI""]"
chennai_bus,J0740,"[""ORDI""]"
chennai_bus,J0741,"[""ORDI""]"
chennai_bus,J0742,"[""ORDI""]"
chennai_bus,J0743,"[""ORDI""]"
chennai_bus,J0744,"[""ORDI""]"
chennai_bus,J0745,"[""ORDI""]"
chennai_bus,J0746,"[""ORDI""]"
chennai_bus,J0747,"[""ORDI""]"
chennai_bus,J0748,"[""ORDI""]"
chennai_bus,J0749,"[""ORDI""]"
chennai_bus,J0750,"[""ORDI""]"
chennai_bus,J0752,"[""ORDI""]"
chennai_bus,J0753,"[""ORDI""]"
chennai_bus,J0754,"[""ORDI""]"
chennai_bus,J0755,"[""ORDI""]"
chennai_bus,J0756,"[""ORDI""]"
chennai_bus,J0757,"[""ORDI""]"
chennai_bus,J0758,"[""ORDI""]"
chennai_bus,J0759,"[""ORDI""]"
chennai_bus,J0761,"[""ORDA""]"
chennai_bus,J0762,"[""ORDA""]"
chennai_bus,J0763,"[""ORDA""]"
chennai_bus,J0765,"[""ORDA""]"
chennai_bus,J0766,"[""ORDA""]"
chennai_bus,J0767,"[""ORDA""]"
chennai_bus,J0768,"[""ORDA""]"
chennai_bus,J0769,"[""ORDA""]"
chennai_bus,J0770,"[""ORDA""]"
chennai_bus,J0771,"[""ORDA""]"
chennai_bus,J0772,"[""ORDI""]"
chennai_bus,J0773,"[""ORDA""]"
chennai_bus,J0774,"[""ORDA""]"
chennai_bus,J0775,"[""ORDA""]"
chennai_bus,J0776,"[""ORDA""]"
chennai_bus,J0777,"[""ORDA""]"
chennai_bus,J0778,"[""ORDA""]"
chennai_bus,J0779,"[""ORDI""]"
chennai_bus,J0780,"[""ORDI""]"
chennai_bus,J0781,"[""ORDI""]"
chennai_bus,J0782,"[""ORDA""]"
chennai_bus,J0783,"[""ORDA""]"
chennai_bus,J0784,"[""ORDA""]"
chennai_bus,J0785,"[""ORDA""]"
chennai_bus,J0786,"[""ORDA""]"
chennai_bus,J0787,"[""ORDA""]"
chennai_bus,J0788,"[""ORDA""]"
chennai_bus,J0789,"[""ORDA""]"
chennai_bus,J0790,"[""ORDA""]"
chennai_bus,J0791,"[""ORDA""]"
chennai_bus,J0792,"[""ORDA""]"
chennai_bus,J0793,"[""ORDA""]"
chennai_bus,J0794,"[""ORDA""]"
chennai_bus,J0795,"[""ORDA""]"
chennai_bus,J0796,"[""ORDA""]"
chennai_bus,J0797,"[""ORDA""]"
chennai_bus,J0798,"[""ORDI""]"
chennai_bus,J0799,"[""ORDI""]"
chennai_bus,J0800,"[""ORDA""]"
chennai_bus,J0801,"[""CNGA""]"
chennai_bus,J0802,"[""ORDI""]"
chennai_bus,J0803,"[""ORDA""]"
chennai_bus,J0804,"[""ORDA""]"
chennai_bus,J0805,"[""ORDA""]"
chennai_bus,J0806,"[""ORDA""]"
chennai_bus,J0807,"[""ORDA""]"
chennai_bus,J0808,"[""ORDA""]"
chennai_bus,J0809,"[""ORDA""]"
chennai_bus,J0810,"[""ORDA""]"
chennai_bus,J0811,"[""ORDA""]"
chennai_bus,J0812,"[""ORDA""]"
chennai_bus,J0813,"[""ORDA""]"
chennai_bus,J0814,"[""ORDA""]"
chennai_bus,J0815,"[""ORDI""]"
chennai_bus,J0816,"[""ORDI""]"
chennai_bus,J0817,"[""ORDI""]"
chennai_bus,J0818,"[""ORDI""]"
chennai_bus,J0819,"[""ORDI""]"
chennai_bus,J0820,"[""ORDI""]"
chennai_bus,J0821,"[""ORDI""]"
chennai_bus,J0822,"[""ORDI""]"
chennai_bus,J0823,"[""ORDI""]"
chennai_bus,J0824,"[""ORDI""]"
chennai_bus,J0825,"[""ORDI""]"
chennai_bus,J0826,"[""ORDI""]"
chennai_bus,J0830,"[""ORDI""]"
chennai_bus,J0831,"[""ORDI""]"
chennai_bus,J0832,"[""ORDI""]"
chennai_bus,J0833,"[""ORDI""]"
chennai_bus,J0834,"[""ORDI""]"
chennai_bus,J0835,"[""ORDI""]"
chennai_bus,J0836,"[""ORDI""]"
chennai_bus,J0837,"[""ORDI""]"
chennai_bus,J0838,"[""ORDI""]"
chennai_bus,J0839,"[""ORDI""]"
chennai_bus,J0840,"[""ORDI""]"
chennai_bus,J0841,"[""ORDI""]"
chennai_bus,J0842,"[""ORDI""]"
chennai_bus,J0843,"[""ORDI""]"
chennai_bus,J0844,"[""ORDI""]"
chennai_bus,J0845,"[""ORDI""]"
chennai_bus,J0846,"[""ORDI""]"
chennai_bus,J0848,"[""ORDI""]"
chennai_bus,J0849,"[""ORDI""]"
chennai_bus,J0850,"[""ORDI""]"
chennai_bus,J0851,"[""ORDI""]"
chennai_bus,J0852,"[""ORDI""]"
chennai_bus,J0853,"[""ORDI""]"
chennai_bus,J0854,"[""ORDI""]"
chennai_bus,J0855,"[""ORDI""]"
chennai_bus,J0856,"[""ORDI""]"
chennai_bus,J0857,"[""ORDI""]"
chennai_bus,J0859,"[""ORDI""]"
chennai_bus,J0860,"[""ORDI""]"
chennai_bus,J0861,"[""ORDI""]"
chennai_bus,J0862,"[""ORDI""]"
chennai_bus,J0863,"[""ORDI""]"
chennai_bus,J0864,"[""ORDI""]"
chennai_bus,J0865,"[""ORDI""]"
chennai_bus,J0866,"[""ORDI""]"
chennai_bus,J0867,"[""ORDI""]"
chennai_bus,J0868,"[""ORDI""]"
chennai_bus,J0869,"[""ORDI""]"
chennai_bus,J0870,"[""ORDI""]"
chennai_bus,J0871,"[""ORDI""]"
chennai_bus,J0872,"[""ORDI""]"
chennai_bus,J0873,"[""ORDI""]"
chennai_bus,J0874,"[""ORDI""]"
chennai_bus,J0875,"[""ORDI""]"
chennai_bus,J0876,"[""ORDI""]"
chennai_bus,J0877,"[""ORDI""]"
chennai_bus,J0878,"[""ORDI""]"
chennai_bus,J0879,"[""ORDI""]"
chennai_bus,J0880,"[""ORDI""]"
chennai_bus,J0881,"[""ORDI""]"
chennai_bus,J0882,"[""ORDI""]"
chennai_bus,J0883,"[""ORDI""]"
chennai_bus,J0884,"[""ORDI""]"
chennai_bus,J0885,"[""ORDI""]"
chennai_bus,J0886,"[""ORDI""]"
chennai_bus,J0887,"[""ORDI""]"
chennai_bus,J0888,"[""ORDI""]"
chennai_bus,J0889,"[""ORDI""]"
chennai_bus,J0890,"[""ORDI""]"
chennai_bus,J0891,"[""ORDI""]"
chennai_bus,J0892,"[""ORDI""]"
chennai_bus,J0893,"[""ORDI""]"
chennai_bus,J0894,"[""ORDI""]"
chennai_bus,J0895,"[""ORDI""]"
chennai_bus,J0896,"[""ORDI""]"
chennai_bus,J0897,"[""ORDI""]"
chennai_bus,J0898,"[""ORDI""]"
chennai_bus,J0899,"[""ORDI""]"
chennai_bus,J0900,"[""ORDI""]"
chennai_bus,J0901,"[""ORDI""]"
chennai_bus,J0902,"[""ORDI""]"
chennai_bus,J0903,"[""ORDI""]"
chennai_bus,J0904,"[""ORDI""]"
chennai_bus,J0905,"[""ORDI""]"
chennai_bus,J0906,"[""ORDI""]"
chennai_bus,J0907,"[""ORDI""]"
chennai_bus,J0908,"[""ORDI""]"
chennai_bus,J0909,"[""ORDI""]"
chennai_bus,J0910,"[""ORDR""]"
chennai_bus,J0911,"[""ORDR""]"
chennai_bus,J0912,"[""ORDR""]"
chennai_bus,J0913,"[""ORDR""]"
chennai_bus,J0914,"[""ORDR""]"
chennai_bus,J0915,"[""ORDR""]"
chennai_bus,J0916,"[""ORDR""]"
chennai_bus,J0917,"[""ORDR""]"
chennai_bus,J0918,"[""ORDR""]"
chennai_bus,J0919,"[""ORDR""]"
chennai_bus,J0920,"[""ORDR""]"
chennai_bus,J0921,"[""ORDR""]"
chennai_bus,J0922,"[""ORDR""]"
chennai_bus,J0923,"[""ORDR""]"
chennai_bus,J0924,"[""ORDR""]"
chennai_bus,J0925,"[""ORDR""]"
chennai_bus,J0926,"[""ORDR""]"
chennai_bus,J0927,"[""ORDR""]"
chennai_bus,J0928,"[""ORDR""]"
chennai_bus,J0929,"[""ORDR""]"
chennai_bus,J0930,"[""ORDR""]"
chennai_bus,J0931,"[""ORDR""]"
chennai_bus,J0932,"[""ORDR""]"
chennai_bus,J0933,"[""ORDR""]"
chennai_bus,J0934,"[""ORDR""]"
chennai_bus,J0935,"[""ORDR""]"
chennai_bus,J0936,"[""ORDR""]"
chennai_bus,J0937,"[""ORDR""]"
chennai_bus,J0938,"[""ORDR""]"
chennai_bus,J0939,"[""ORDR""]"
chennai_bus,J0940,"[""ORDR""]"
chennai_bus,J0941,"[""PHCR""]"
chennai_bus,J0942,"[""ORDR""]"
chennai_bus,J0943,"[""ORDR""]"
chennai_bus,J0944,"[""ORDR""]"
chennai_bus,J0945,"[""ORDR""]"
chennai_bus,J0946,"[""ORDR""]"
chennai_bus,J0947,"[""ORDR""]"
chennai_bus,J0948,"[""ORDR""]"
chennai_bus,J0949,"[""ORDR""]"
chennai_bus,J0950,"[""ORDR""]"
chennai_bus,J0951,"[""ORDR""]"
chennai_bus,J0952,"[""ORDR""]"
chennai_bus,J0953,"[""ORDR""]"
chennai_bus,J0954,"[""ORDR""]"
chennai_bus,J0955,"[""ORDR""]"
chennai_bus,J0956,"[""ORDR""]"
chennai_bus,J0957,"[""ORDR""]"
chennai_bus,J0958,"[""ORDR""]"
chennai_bus,J0959,"[""ORDR""]"
chennai_bus,J0960,"[""ORDR""]"
chennai_bus,J0961,"[""ORDR""]"
chennai_bus,J0962,"[""ORDR""]"
chennai_bus,J0994,"[""ORDR""]"
chennai_bus,J0995,"[""ORDR""]"
chennai_bus,J0996,"[""ORDR""]"
chennai_bus,J0997,"[""ORDR""]"
chennai_bus,J0963,"[""ORDR""]"
chennai_bus,J0964,"[""ORDR""]"
chennai_bus,J0965,"[""ORDR""]"
chennai_bus,J0966,"[""ORDR""]"
chennai_bus,J0967,"[""ORDR""]"
chennai_bus,J0968,"[""ORDR""]"
chennai_bus,J0969,"[""ORDR""]"
chennai_bus,J0970,"[""ORDR""]"
chennai_bus,J0971,"[""ORDR""]"
chennai_bus,J0973,"[""ORDR""]"
chennai_bus,J0975,"[""ORDR""]"
chennai_bus,J0977,"[""ORDR""]"
chennai_bus,J0998,"[""ORDR""]"
chennai_bus,J0999,"[""ORDR""]"
chennai_bus,J1000,"[""ORDR""]"
chennai_bus,J1001,"[""ORDR""]"
chennai_bus,J1002,"[""ORDR""]"
chennai_bus,J1049,"[""MINI""]"
chennai_bus,J1050,"[""MINI""]"
chennai_bus,J0972,"[""ORDR""]"
chennai_bus,J0974,"[""ORDR""]"
chennai_bus,J0976,"[""ORDR""]"
chennai_bus,J0978,"[""ORDR""]"
chennai_bus,J0979,"[""ORDR""]"
chennai_bus,J1004,"[""ORDR""]"
chennai_bus,J0981,"[""ORDR""]"
chennai_bus,J0982,"[""ORDR""]"
chennai_bus,J0983,"[""ORDR""]"
chennai_bus,J0980,"[""ORDR""]"
chennai_bus,J1003,"[""ORDR""]"
chennai_bus,J1006,"[""ORDR""]"
chennai_bus,J0986,"[""ORDR""]"
chennai_bus,J0985,"[""ORDR""]"
chennai_bus,J0984,"[""ORDR""]"
chennai_bus,J1005,"[""ORDR""]"
chennai_bus,J1030,"[""ORDR""]"
chennai_bus,J1031,"[""ORDR""]"
chennai_bus,J1032,"[""ORDR""]"
chennai_bus,J0987,"[""ORDR""]"
chennai_bus,J1007,"[""ORDR""]"
chennai_bus,J1054,"[""ORDR""]"
chennai_bus,J1057,"[""ORDR""]"
chennai_bus,J1052,"[""ORDR""]"
chennai_bus,J1053,"[""ORDR""]"
chennai_bus,J1055,"[""ORDR""]"
chennai_bus,J1056,"[""ORDR""]"
chennai_bus,J1033,"[""ORDR""]"
chennai_bus,J1034,"[""ORDR""]"
chennai_bus,J1035,"[""ORDR""]"
chennai_bus,J1036,"[""ORDR""]"
chennai_bus,J1037,"[""ORDR""]"
chennai_bus,J1038,"[""ORDR""]"
chennai_bus,J1039,"[""ORDR""]"
chennai_bus,J1040,"[""ORDR""]"
chennai_bus,J1041,"[""ORDR""]"
chennai_bus,J1042,"[""ORDR""]"
chennai_bus,J1043,"[""ORDR""]"
chennai_bus,J1044,"[""ORDR""]"
chennai_bus,J1045,"[""ORDR""]"
chennai_bus,J1046,"[""ORDR""]"
chennai_bus,J1047,"[""ORDR""]"
chennai_bus,J1048,"[""ORDR""]"
chennai_bus,J1051,"[""ORDR""]"
chennai_bus,J1133,"[""ORDR""]"
chennai_bus,J1132,"[""ORDR""]"
chennai_bus,J1131,"[""ORDR""]"
chennai_bus,J1129,"[""ORDR""]"
chennai_bus,J1058,"[""ORDR""]"
chennai_bus,J1059,"[""ORDR""]"
chennai_bus,J1060,"[""ORDR""]"
chennai_bus,J1061,"[""ORDR""]"
chennai_bus,J1062,"[""ORDR""]"
chennai_bus,J1063,"[""ORDR""]"
chennai_bus,J1064,"[""ORDR""]"
chennai_bus,J1065,"[""ORDR""]"
chennai_bus,J1066,"[""ORDR""]"
chennai_bus,J1067,"[""ORDR""]"
chennai_bus,J1068,"[""ORDR""]"
chennai_bus,J1069,"[""ORDR""]"
chennai_bus,J1070,"[""ORDR""]"
chennai_bus,J1072,"[""ORDR""]"
chennai_bus,J1071,"[""ORDR""]"
chennai_bus,J1207,"[""ORDR""]"
chennai_bus,J1206,"[""ORDR""]"
chennai_bus,J1204,"[""ORDR""]"
chennai_bus,J1203,"[""ORDR""]"
chennai_bus,J1202,"[""ORDR""]"
chennai_bus,J1200,"[""ORDR""]"
chennai_bus,J1199,"[""ORDR""]"
chennai_bus,J1198,"[""ORDR""]"
chennai_bus,J1197,"[""ORDR""]"
chennai_bus,J1196,"[""ORDR""]"
chennai_bus,J1145,"[""ORDR""]"
chennai_bus,J1127,"[""ORDR""]"
chennai_bus,J1128,"[""ORDR""]"
chennai_bus,J1130,"[""ORDR""]"
chennai_bus,J1134,"[""ORDR""]"
chennai_bus,J1135,"[""ORDR""]"
chennai_bus,J1137,"[""ORDR""]"
chennai_bus,J1138,"[""ORDR""]"
chennai_bus,J1139,"[""ORDR""]"
chennai_bus,J1140,"[""ORDR""]"
chennai_bus,J1141,"[""ORDR""]"
chennai_bus,J1144,"[""ORDR""]"
chennai_bus,J1136,"[""ORDR""]"
chennai_bus,J1201,"[""ORDR""]"
chennai_bus,J1142,"[""ORDR""]"
chennai_bus,J1146,"[""ORDR""]"
chennai_bus,J1147,"[""ORDR""]"
chennai_bus,J1148,"[""ORDR""]"
chennai_bus,J1149,"[""ORDR""]"
chennai_bus,J1150,"[""ORDR""]"
chennai_bus,J1008,"[""ORDR""]"
chennai_bus,J1073,"[""ORDR""]"
chennai_bus,J1074,"[""ORDR""]"
chennai_bus,J1075,"[""ORDR""]"
chennai_bus,J1076,"[""ORDR""]"
chennai_bus,J1077,"[""ORDR""]"
chennai_bus,J1078,"[""ORDR""]"
chennai_bus,J1079,"[""ORDR""]"
chennai_bus,J1208,"[""ORDR""]"
chennai_bus,J1209,"[""ORDR""]"
chennai_bus,J1210,"[""ORDR""]"
chennai_bus,J1211,"[""ORDR""]"
chennai_bus,J1212,"[""ORDR""]"
chennai_bus,J1213,"[""ORDR""]"
chennai_bus,J1080,"[""ORDR""]"
chennai_bus,J1081,"[""ORDR""]"
chennai_bus,J1082,"[""ORDR""]"
chennai_bus,J1083,"[""ORDR""]"
chennai_bus,J1084,"[""ORDR""]"
chennai_bus,J1143,"[""ORDR""]"
chennai_bus,J1151,"[""ORDR""]"
chennai_bus,J1152,"[""ORDR""]"
chennai_bus,J1153,"[""ORDR""]"
chennai_bus,J1154,"[""ORDR""]"
chennai_bus,J1155,"[""ORDR""]"
chennai_bus,J1156,"[""ORDR""]"
chennai_bus,J1157,"[""ORDR""]"
chennai_bus,J1205,"[""ORDR""]"
chennai_bus,J1214,"[""ORDR""]"
chennai_bus,J1215,"[""ORDR""]"
chennai_bus,J1216,"[""ORDR""]"
chennai_bus,J1217,"[""ORDR""]"
chennai_bus,J1218,"[""ORDR""]"
chennai_bus,J1219,"[""ORDR""]"
chennai_bus,J1220,"[""ORDR""]"
chennai_bus,J1223,"[""ORDR""]"
chennai_bus,J0989,"[""ORDR""]"
chennai_bus,J0990,"[""ORDR""]"
chennai_bus,J1009,"[""ORDR""]"
chennai_bus,J1010,"[""ORDR""]"
chennai_bus,J1167,"[""ORDR""]"
chennai_bus,J1221,"[""ORDR""]"
chennai_bus,J1162,"[""ORDR""]"
chennai_bus,J1163,"[""ORDR""]"
chennai_bus,J1160,"[""ORDR""]"
chennai_bus,J1222,"[""ORDR""]"
chennai_bus,J1164,"[""ORDR""]"
chennai_bus,J1228,"[""ORDR""]"
chennai_bus,J0988,"[""ORDR""]"
chennai_bus,J1226,"[""ORDR""]"
chennai_bus,J1085,"[""ORDR""]"
chennai_bus,J1225,"[""ORDR""]"
chennai_bus,J1161,"[""ORDR""]"
chennai_bus,J1159,"[""ORDR""]"
chennai_bus,J1165,"[""ORDR""]"
chennai_bus,J1224,"[""ORDR""]"
chennai_bus,J1166,"[""ORDR""]"
chennai_bus,J1230,"[""ORDR""]"
chennai_bus,J1227,"[""ORDR""]"
chennai_bus,J1229,"[""ORDR""]"
chennai_bus,J1088,"[""ORDR""]"
chennai_bus,J1086,"[""ORDR""]"
chennai_bus,J1087,"[""ORDR""]"
chennai_bus,J1090,"[""ORDR""]"
chennai_bus,J1089,"[""ORDR""]"
chennai_bus,J1091,"[""ORDR""]"
chennai_bus,J1231,"[""ORDR""]"
chennai_bus,J1234,"[""ORDR""]"
chennai_bus,J1233,"[""ORDR""]"
chennai_bus,J1168,"[""ORDR""]"
chennai_bus,J1232,"[""ORDR""]"
chennai_bus,J1158,"[""ORDR""]"
chennai_bus,J1169,"[""ORDR""]"
chennai_bus,J1095,"[""ORDR""]"
chennai_bus,J1099,"[""ORDR""]"
chennai_bus,J1100,"[""ORDR""]"
chennai_bus,J1096,"[""ORDR""]"
chennai_bus,J1094,"[""ORDR""]"
chennai_bus,J1092,"[""ORDR""]"
chennai_bus,J1093,"[""ORDR""]"
chennai_bus,J1238,"[""ORDR""]"
chennai_bus,J1236,"[""ORDR""]"
chennai_bus,J1098,"[""ORDR""]"
chennai_bus,J1239,"[""ORDR""]"
chennai_bus,J1240,"[""ORDR""]"
chennai_bus,J1097,"[""ORDR""]"
chennai_bus,J1237,"[""ORDR""]"
chennai_bus,J1235,"[""ORDR""]"
chennai_bus,J1170,"[""ORDR""]"
chennai_bus,J1171,"[""ORDR""]"
chennai_bus,J1101,"[""ORDR""]"
chennai_bus,J1102,"[""ORDR""]"
chennai_bus,J1103,"[""ORDR""]"
chennai_bus,J1172,"[""ORDR""]"
chennai_bus,J1173,"[""ORDR""]"
chennai_bus,J1174,"[""ORDR""]"
chennai_bus,J1175,"[""ORDR""]"
chennai_bus,J1176,"[""ORDR""]"
chennai_bus,J1177,"[""ORDR""]"
chennai_bus,J1178,"[""ORDR""]"
chennai_bus,J1179,"[""ORDR""]"
chennai_bus,J1180,"[""ORDR""]"
chennai_bus,J1181,"[""ORDR""]"
chennai_bus,J1241,"[""ORDR""]"
chennai_bus,J1242,"[""ORDR""]"
chennai_bus,J1011,"[""ORDR""]"
chennai_bus,J1104,"[""ORDR""]"
chennai_bus,J1105,"[""ORDR""]"
chennai_bus,J1106,"[""ORDR""]"
chennai_bus,J1107,"[""ORDR""]"
chennai_bus,J1108,"[""ORDR""]"
chennai_bus,J1182,"[""ORDR""]"
chennai_bus,J1183,"[""ORDR""]"
chennai_bus,J1184,"[""ORDR""]"
chennai_bus,J1185,"[""ORDR""]"
chennai_bus,J1243,"[""ORDR""]"
chennai_bus,J1244,"[""ORDR""]"
chennai_bus,J1109,"[""ORDR""]"
chennai_bus,J1110,"[""ORDR""]"
chennai_bus,J1111,"[""ORDR""]"
chennai_bus,J1112,"[""ORDR""]"
chennai_bus,J1113,"[""ORDR""]"
chennai_bus,J1114,"[""ORDR""]"
chennai_bus,J1115,"[""ORDR""]"
chennai_bus,J1116,"[""ORDR""]"
chennai_bus,J1117,"[""ORDR""]"
chennai_bus,J1118,"[""ORDR""]"
chennai_bus,J1119,"[""ORDR""]"
chennai_bus,J1120,"[""ORDR""]"
chennai_bus,J1121,"[""ORDR""]"
chennai_bus,J1122,"[""ORDR""]"
chennai_bus,J1186,"[""ORDR""]"
chennai_bus,J1187,"[""ORDR""]"
chennai_bus,J1188,"[""ORDR""]"
chennai_bus,J1189,"[""ORDR""]"
chennai_bus,J1190,"[""ORDR""]"
chennai_bus,J1191,"[""ORDR""]"
chennai_bus,J1245,"[""ORDR""]"
chennai_bus,J1246,"[""ORDR""]"
chennai_bus,J1247,"[""ORDR""]"
chennai_bus,J1248,"[""ORDR""]"
chennai_bus,J1249,"[""ORDR""]"
chennai_bus,J1192,"[""ORDR""]"
chennai_bus,J1193,"[""ORDR""]"
chennai_bus,J1194,"[""ORDR""]"
chennai_bus,J1195,"[""ORDR""]"
chennai_bus,J1250,"[""ORDR""]"
chennai_bus,J1251,"[""ORDR""]"
chennai_bus,J1252,"[""ORDR""]"
chennai_bus,J1253,"[""ORDR""]"
chennai_bus,J1254,"[""ORDR""]"
chennai_bus,J1257,"[""ORDR""]"
chennai_bus,J1256,"[""ORDR""]"
chennai_bus,J1258,"[""ORDR""]"
chennai_bus,J1259,"[""ORDR""]"
chennai_bus,J1260,"[""ORDR""]"
chennai_bus,J1261,"[""ORDR""]"
chennai_bus,J1262,"[""ORDR""]"
chennai_bus,J1265,"[""ORDR""]"
chennai_bus,J1266,"[""ORDR""]"
chennai_bus,J1123,"[""ORDR""]"
chennai_bus,J1124,"[""ORDR""]"
chennai_bus,J1125,"[""ORDR""]"
chennai_bus,J1255,"[""ORDR""]"
chennai_bus,J1263,"[""ORDR""]"
chennai_bus,J1264,"[""ORDR""]"
chennai_bus,J1268,"[""ORDR""]"
chennai_bus,J1126,"[""ORDR""]"
chennai_bus,J1271,"[""ORDR""]"
chennai_bus,J1269,"[""ORDR""]"
chennai_bus,J1270,"[""ORDR""]"
chennai_bus,J1267,"[""ORDR""]"
chennai_bus,J1280,"[""ORDR""]"
chennai_bus,J1281,"[""ORDR""]"
chennai_bus,J1282,"[""ORDR""]"
chennai_bus,J1283,"[""ORDR""]"
chennai_bus,J1284,"[""ORDR""]"
chennai_bus,J1285,"[""ORDR""]"
chennai_bus,J1286,"[""ORDR""]"
chennai_bus,J1287,"[""ORDR""]"
chennai_bus,J1288,"[""ORDR""]"
chennai_bus,J1289,"[""ORDR""]"
chennai_bus,J1290,"[""ORDR""]"
chennai_bus,J1291,"[""ORDR""]"
chennai_bus,J1292,"[""ORDR""]"
chennai_bus,J1293,"[""ORDR""]"
chennai_bus,J1294,"[""ORDR""]"
chennai_bus,J1303,"[""ORDR""]"
chennai_bus,J1304,"[""ORDR""]"
chennai_bus,J1305,"[""ORDR""]"
chennai_bus,J1306,"[""ORDR""]"
chennai_bus,J1307,"[""ORDR""]"
chennai_bus,J1327,"[""ORDR""]"
chennai_bus,J1328,"[""ORDR""]"
chennai_bus,J1329,"[""ORDR""]"
chennai_bus,J1330,"[""ORDR""]"
chennai_bus,J1331,"[""ORDR""]"
chennai_bus,J1332,"[""ORDR""]"
chennai_bus,J1333,"[""ORDR""]"
chennai_bus,J1334,"[""ORDR""]"
chennai_bus,J1335,"[""ORDR""]"
chennai_bus,J1412,"[""ORDR""]"
chennai_bus,J1413,"[""ORDR""]"
chennai_bus,J1414,"[""ORDR""]"
chennai_bus,J1272,"[""ORDR""]"
chennai_bus,J1273,"[""ORDR""]"
chennai_bus,J1274,"[""ORDR""]"
chennai_bus,J1275,"[""ORDR""]"
chennai_bus,J1276,"[""ORDR""]"
chennai_bus,J1277,"[""ORDR""]"
chennai_bus,J1278,"[""ORDR""]"
chennai_bus,J1279,"[""ORDR""]"
chennai_bus,J1302,"[""ORDR""]"
chennai_bus,J1298,"[""ORDR""]"
chennai_bus,J1299,"[""ORDR""]"
chennai_bus,J1300,"[""ORDR""]"
chennai_bus,J1301,"[""ORDR""]"
chennai_bus,J1297,"[""ORDR""]"
chennai_bus,J1296,"[""ORDR""]"
chennai_bus,J1295,"[""ORDR""]"
chennai_bus,J0991,"[""ORDR""]"
chennai_bus,J0992,"[""ORDR""]"
chennai_bus,J1012,"[""ORDR""]"
chennai_bus,J1013,"[""ORDR""]"
chennai_bus,J1014,"[""ORDR""]"
chennai_bus,J1015,"[""ORDR""]"
chennai_bus,J1016,"[""ORDR""]"
chennai_bus,J1017,"[""ORDR""]"
chennai_bus,J1018,"[""ORDR""]"
chennai_bus,J1019,"[""ORDR""]"
chennai_bus,J1020,"[""ORDR""]"
chennai_bus,J1021,"[""ORDR""]"
chennai_bus,J1022,"[""ORDR""]"
chennai_bus,J1023,"[""ORDR""]"
chennai_bus,J1024,"[""ORDR""]"
chennai_bus,J1025,"[""ORDR""]"
chennai_bus,J1026,"[""ORDR""]"
chennai_bus,J1415,"[""ORDR""]"
chennai_bus,J1416,"[""ORDR""]"
chennai_bus,J1417,"[""ORDR""]"
chennai_bus,J1418,"[""ORDR""]"
chennai_bus,J1419,"[""ORDR""]"
chennai_bus,J1420,"[""ORDR""]"
chennai_bus,J1421,"[""ORDR""]"
chennai_bus,J1422,"[""ORDR""]"
chennai_bus,J1423,"[""ORDR""]"
chennai_bus,J1424,"[""ORDR""]"
chennai_bus,J1425,"[""ORDR""]"
chennai_bus,J1308,"[""ORDR""]"
chennai_bus,J1309,"[""ORDR""]"
chennai_bus,J1310,"[""ORDR""]"
chennai_bus,J1311,"[""ORDR""]"
chennai_bus,J1312,"[""ORDR""]"
chennai_bus,J1313,"[""ORDR""]"
chennai_bus,J1314,"[""ORDR""]"
chennai_bus,J1315,"[""ORDR""]"
chennai_bus,J1316,"[""ORDR""]"
chennai_bus,J1317,"[""ORDR""]"
chennai_bus,J1318,"[""ORDR""]"
chennai_bus,J1319,"[""ORDR""]"
chennai_bus,J1336,"[""ORDR""]"
chennai_bus,J1337,"[""ORDR""]"
chennai_bus,J1338,"[""ORDR""]"
chennai_bus,J1339,"[""ORDR""]"
chennai_bus,J1340,"[""ORDR""]"
chennai_bus,J1341,"[""ORDR""]"
chennai_bus,J1342,"[""ORDR""]"
chennai_bus,J1343,"[""ORDR""]"
chennai_bus,J1428,"[""ORDR""]"
chennai_bus,J1427,"[""ORDR""]"
chennai_bus,J1348,"[""ORDR""]"
chennai_bus,J1347,"[""ORDR""]"
chennai_bus,J1346,"[""ORDR""]"
chennai_bus,J1345,"[""ORDR""]"
chennai_bus,J1344,"[""ORDR""]"
chennai_bus,J1429,"[""ORDR""]"
chennai_bus,J1430,"[""ORDR""]"
chennai_bus,J1431,"[""ORDR""]"
chennai_bus,J1432,"[""ORDR""]"
chennai_bus,J1433,"[""ORDR""]"
chennai_bus,J1434,"[""ORDR""]"
chennai_bus,J1435,"[""ORDR""]"
chennai_bus,J1436,"[""ORDR""]"
chennai_bus,J1027,"[""ORDR""]"
chennai_bus,J0993,"[""ORDR""]"
chennai_bus,J1426,"[""ORDR""]"
chennai_bus,J1320,"[""ORDR""]"
chennai_bus,J1437,"[""ORDR""]"
chennai_bus,J1438,"[""ORDR""]"
chennai_bus,J1439,"[""ORDR""]"
chennai_bus,J1440,"[""ORDR""]"
chennai_bus,J1441,"[""ORDR""]"
chennai_bus,J1442,"[""ORDR""]"
chennai_bus,J1443,"[""ORDR""]"
chennai_bus,J1321,"[""ORDR""]"
chennai_bus,J1444,"[""ORDR""]"
chennai_bus,J1445,"[""ORDR""]"
chennai_bus,J1446,"[""ORDR""]"
chennai_bus,J1447,"[""ORDR""]"
chennai_bus,J1028,"[""ORDR""]"
chennai_bus,J1322,"[""ORDR""]"
chennai_bus,J1029,"[""ORDR""]"
chennai_bus,J1323,"[""ORDR""]"
chennai_bus,J1324,"[""ORDR""]"
chennai_bus,J1349,"[""ORDR""]"
chennai_bus,J1350,"[""ORDR""]"
chennai_bus,J1351,"[""ORDR""]"
chennai_bus,J1352,"[""ORDR""]"
chennai_bus,J1353,"[""ORDR""]"
chennai_bus,J1354,"[""ORDR""]"
chennai_bus,J1355,"[""ORDR""]"
chennai_bus,J1356,"[""ORDR""]"
chennai_bus,J1357,"[""ORDR""]"
chennai_bus,J1358,"[""ORDR""]"
chennai_bus,J1448,"[""ORDR""]"
chennai_bus,J1449,"[""ORDR""]"
chennai_bus,J1450,"[""ORDR""]"
chennai_bus,J1451,"[""ORDR""]"
chennai_bus,J1452,"[""ORDR""]"
chennai_bus,J1453,"[""ORDR""]"
chennai_bus,J1454,"[""ORDR""]"
chennai_bus,J1455,"[""ORDR""]"
chennai_bus,J1456,"[""ORDR""]"
chennai_bus,J1457,"[""ORDR""]"
chennai_bus,J1458,"[""ORDR""]"
chennai_bus,J1459,"[""ORDR""]"
chennai_bus,J1460,"[""ORDR""]"
chennai_bus,J1461,"[""ORDR""]"
chennai_bus,J1462,"[""ORDR""]"
chennai_bus,J1463,"[""ORDR""]"
chennai_bus,J1464,"[""ORDR""]"
chennai_bus,J1465,"[""ORDR""]"
chennai_bus,J1466,"[""ORDR""]"
chennai_bus,J1467,"[""ORDR""]"
chennai_bus,J1468,"[""ORDR""]"
chennai_bus,J1469,"[""ORDR""]"
chennai_bus,J1470,"[""ORDR""]"
chennai_bus,J1471,"[""ORDR""]"
chennai_bus,J1472,"[""ORDR""]"
chennai_bus,J1473,"[""ORDR""]"
chennai_bus,J1409,"[""ORDR""]"
chennai_bus,J1410,"[""ORDR""]"
chennai_bus,J1474,"[""ORDR""]"
chennai_bus,J1475,"[""ORDR""]"
chennai_bus,J1476,"[""ORDR""]"
chennai_bus,J1477,"[""ORDR""]"
chennai_bus,J1478,"[""ORDR""]"
chennai_bus,J1359,"[""ORDR""]"
chennai_bus,J1360,"[""ORDR""]"
chennai_bus,J1361,"[""ORDR""]"
chennai_bus,J1411,"[""ORDR""]"
chennai_bus,J1362,"[""ORDR""]"
chennai_bus,J1363,"[""ORDR""]"
chennai_bus,J1364,"[""ORDR""]"
chennai_bus,J1479,"[""ORDR""]"
chennai_bus,J1480,"[""ORDR""]"
chennai_bus,J1481,"[""ORDR""]"
chennai_bus,J1482,"[""ORDR""]"
chennai_bus,J1483,"[""ORDR""]"
chennai_bus,J1484,"[""ORDR""]"
chennai_bus,J1485,"[""ORDR""]"
chennai_bus,J1486,"[""ORDR""]"
chennai_bus,J1487,"[""ORDR""]"
chennai_bus,J1488,"[""ORDR""]"
chennai_bus,J1489,"[""ORDR""]"
chennai_bus,J1490,"[""ORDR""]"
chennai_bus,J1491,"[""ORDR""]"
chennai_bus,J1492,"[""ORDR""]"
chennai_bus,J1493,"[""ORDR""]"
chennai_bus,J1494,"[""ORDR""]"
chennai_bus,J1495,"[""ORDR""]"
chennai_bus,J1496,"[""ORDR""]"
chennai_bus,J1497,"[""ORDR""]"
chennai_bus,J1498,"[""ORDR""]"
chennai_bus,J1499,"[""ORDR""]"
chennai_bus,J1500,"[""ORDR""]"
chennai_bus,J1501,"[""ORDR""]"
chennai_bus,J1502,"[""ORDR""]"
chennai_bus,J1503,"[""ORDR""]"
chennai_bus,J1504,"[""ORDR""]"
chennai_bus,J1365,"[""ORDR""]"
chennai_bus,J1366,"[""ORDR""]"
chennai_bus,J1367,"[""ORDR""]"
chennai_bus,J1368,"[""ORDR""]"
chennai_bus,J1369,"[""ORDR""]"
chennai_bus,J1370,"[""ORDR""]"
chennai_bus,J1371,"[""ORDR""]"
chennai_bus,J1372,"[""ORDR""]"
chennai_bus,J1373,"[""ORDR""]"
chennai_bus,J1374,"[""ORDR""]"
chennai_bus,J1505,"[""ORDR""]"
chennai_bus,J1506,"[""ORDR""]"
chennai_bus,J1507,"[""ORDR""]"
chennai_bus,J1508,"[""ORDR""]"
chennai_bus,J1509,"[""ORDR""]"
chennai_bus,J1510,"[""ORDR""]"
chennai_bus,J1511,"[""ORDR""]"
chennai_bus,J1512,"[""ORDR""]"
chennai_bus,J1513,"[""ORDR""]"
chennai_bus,J1514,"[""ORDR""]"
chennai_bus,J1515,"[""ORDR""]"
chennai_bus,J1516,"[""ORDR""]"
chennai_bus,J1517,"[""ORDR""]"
chennai_bus,J1518,"[""ORDR""]"
chennai_bus,J1519,"[""ORDR""]"
chennai_bus,J1520,"[""ORDR""]"
chennai_bus,J1521,"[""ORDR""]"
chennai_bus,J1522,"[""ORDR""]"
chennai_bus,J1523,"[""ORDR""]"
chennai_bus,J1524,"[""ORDR""]"
chennai_bus,J1525,"[""ORDR""]"
chennai_bus,J1526,"[""ORDR""]"
chennai_bus,J1527,"[""ORDR""]"
chennai_bus,J1528,"[""ORDR""]"
chennai_bus,J1529,"[""ORDR""]"
chennai_bus,J1530,"[""ORDR""]"
chennai_bus,J1531,"[""ORDR""]"
chennai_bus,J1325,"[""ORDR""]"
chennai_bus,J1326,"[""ORDR""]"
chennai_bus,J1375,"[""ORDR""]"
chennai_bus,J1376,"[""ORDR""]"
chennai_bus,J1377,"[""ORDR""]"
chennai_bus,J1378,"[""ORDR""]"
chennai_bus,J1379,"[""ORDR""]"
chennai_bus,J1380,"[""ORDR""]"
chennai_bus,J1381,"[""ORDR""]"
chennai_bus,J1382,"[""ORDR""]"
chennai_bus,J1383,"[""ORDR""]"
chennai_bus,J1384,"[""ORDR""]"
chennai_bus,J1385,"[""ORDR""]"
chennai_bus,J1386,"[""ORDR""]"
chennai_bus,J1387,"[""ORDR""]"
chennai_bus,J1388,"[""ORDR""]"
chennai_bus,J1389,"[""ORDR""]"
chennai_bus,J1390,"[""ORDR""]"
chennai_bus,J1391,"[""ORDR""]"
chennai_bus,J1392,"[""ORDR""]"
chennai_bus,J1393,"[""ORDR""]"
chennai_bus,J1394,"[""ORDR""]"
chennai_bus,J1395,"[""ORDR""]"
chennai_bus,J1396,"[""ORDR""]"
chennai_bus,J1397,"[""ORDR""]"
chennai_bus,J1398,"[""ORDR""]"
chennai_bus,J1532,"[""ORDR""]"
chennai_bus,J1533,"[""ORDR""]"
chennai_bus,J1534,"[""ORDR""]"
chennai_bus,J1535,"[""ORDR""]"
chennai_bus,J1536,"[""ORDR""]"
chennai_bus,J1537,"[""ORDR""]"
chennai_bus,J1538,"[""ORDR""]"
chennai_bus,J1539,"[""ORDR""]"
chennai_bus,J1540,"[""ORDR""]"
chennai_bus,J1541,"[""ORDR""]"
chennai_bus,J1543,"[""ORDR""]"
chennai_bus,J1542,"[""ORDR""]"
chennai_bus,J1544,"[""ORDR""]"
chennai_bus,J1545,"[""ORDR""]"
chennai_bus,J1546,"[""ORDR""]"
chennai_bus,J1399,"[""ORDR""]"
chennai_bus,J1400,"[""ORDR""]"
chennai_bus,J1401,"[""ORDR""]"
chennai_bus,J1402,"[""ORDR""]"
chennai_bus,J1403,"[""ORDR""]"
chennai_bus,J1404,"[""ORDR""]"
chennai_bus,J1405,"[""ORDR""]"
chennai_bus,J1406,"[""ORDR""]"
chennai_bus,J1407,"[""ORDR""]"
chennai_bus,J1547,"[""ORDR""]"
chennai_bus,J1548,"[""ORDR""]"
chennai_bus,J1549,"[""ORDR""]"
chennai_bus,J1550,"[""ORDR""]"
chennai_bus,J1551,"[""ORDR""]"
chennai_bus,J1552,"[""ORDR""]"
chennai_bus,J1408,"[""ORDR""]"
chennai_bus,J1553,"[""ORDR""]"
chennai_bus,J1554,"[""ORDR""]"
chennai_bus,J1555,"[""ORDR""]"
chennai_bus,J1556,"[""ORDR""]"
chennai_bus,J1557,"[""ORDR""]"
chennai_bus,J1558,"[""ORDR""]"
chennai_bus,J1559,"[""ORDR""]"
chennai_bus,J1560,"[""ORDR""]"
chennai_bus,J1561,"[""ORDR""]"
chennai_bus,J1562,"[""ORDR""]"
chennai_bus,J1563,"[""ORDR""]"
chennai_bus,J1564,"[""ORDR""]"
chennai_bus,J1565,"[""ORDR""]"
chennai_bus,J1566,"[""ORDR""]"
chennai_bus,J1567,"[""ORDR""]"
chennai_bus,J1584,"[""ORDR""]"
chennai_bus,J1585,"[""ORDR""]"
chennai_bus,J1586,"[""ORDR""]"
chennai_bus,J1568,"[""ORDR""]"
chennai_bus,J1569,"[""ORDR""]"
chennai_bus,J1570,"[""ORDR""]"
chennai_bus,J1571,"[""ORDR""]"
chennai_bus,J1572,"[""ORDR""]"
chennai_bus,J1573,"[""ORDR""]"
chennai_bus,J1574,"[""ORDR""]"
chennai_bus,J1575,"[""ORDR""]"
chennai_bus,J1576,"[""ORDR""]"
chennai_bus,J1577,"[""ORDR""]"
chennai_bus,J1578,"[""ORDR""]"
chennai_bus,J1579,"[""ORDR""]"
chennai_bus,J1580,"[""ORDR""]"
chennai_bus,J1581,"[""ORDR""]"
chennai_bus,J1583,"[""ORDR""]"
chennai_bus,J1582,"[""ORDR""]"
chennai_bus,J0104,"[""ORDI""]"
chennai_bus,J1607,"[""ORDR""]"
chennai_bus,J1608,"[""ORDR""]"
chennai_bus,J1609,"[""ORDR""]"
chennai_bus,J1610,"[""ORDR""]"
chennai_bus,J1611,"[""ORDR""]"
chennai_bus,J1612,"[""ORDR""]"
chennai_bus,J1613,"[""ORDR""]"
chennai_bus,J1614,"[""ORDR""]"
chennai_bus,J1615,"[""ORDR""]"
chennai_bus,J1616,"[""ORDR""]"
chennai_bus,J1617,"[""ORDR""]"
chennai_bus,J1618,"[""ORDR""]"
chennai_bus,J1619,"[""ORDR""]"
chennai_bus,J1620,"[""ORDR""]"
chennai_bus,J1621,"[""ORDR""]"
chennai_bus,J1622,"[""ORDR""]"
chennai_bus,J1623,"[""ORDR""]"
chennai_bus,J1624,"[""ORDR""]"
chennai_bus,J1625,"[""ORDR""]"
chennai_bus,J1626,"[""ORDR""]"
chennai_bus,J1627,"[""ORDR""]"
chennai_bus,J1628,"[""ORDR""]"
chennai_bus,J1629,"[""ORDR""]"
chennai_bus,J1630,"[""ORDR""]"
chennai_bus,J1631,"[""ORDR""]"
chennai_bus,J1632,"[""ORDR""]"
chennai_bus,J1633,"[""ORDR""]"
chennai_bus,J1634,"[""ORDR""]"
chennai_bus,J1635,"[""ORDR""]"
chennai_bus,J1636,"[""ORDR""]"
chennai_bus,J1637,"[""ORDR""]"
chennai_bus,J1638,"[""ORDR""]"
chennai_bus,J1639,"[""ORDR""]"
chennai_bus,J1640,"[""ORDR""]"
chennai_bus,J1641,"[""ORDR""]"
chennai_bus,J1642,"[""ORDR""]"
chennai_bus,J1643,"[""ORDR""]"
chennai_bus,J1644,"[""ORDR""]"
chennai_bus,J1645,"[""ORDR""]"
chennai_bus,J1646,"[""ORDR""]"
chennai_bus,J1647,"[""ORDR""]"
chennai_bus,J1648,"[""ORDR""]"
chennai_bus,J1649,"[""ORDR""]"
chennai_bus,J1650,"[""ORDR""]"
chennai_bus,J1651,"[""ORDR""]"
chennai_bus,J1652,"[""ORDR""]"
chennai_bus,J1653,"[""ORDR""]"
chennai_bus,J1654,"[""ORDR""]"
chennai_bus,J1655,"[""ORDR""]"
chennai_bus,J1656,"[""ORDR""]"
chennai_bus,J1657,"[""ORDR""]"
chennai_bus,J1658,"[""ORDR""]"
chennai_bus,J1659,"[""ORDR""]"
chennai_bus,J1660,"[""ORDR""]"
chennai_bus,J1661,"[""ORDR""]"
chennai_bus,J1662,"[""ORDR""]"
chennai_bus,J1663,"[""ORDR""]"
chennai_bus,J1664,"[""ORDR""]"
chennai_bus,J1665,"[""ORDR""]"
chennai_bus,J1666,"[""ORDR""]"
chennai_bus,J1667,"[""ORDR""]"
chennai_bus,J1668,"[""ORDR""]"
chennai_bus,J1669,"[""ORDR""]"
chennai_bus,J1670,"[""ORDR""]"
chennai_bus,J1671,"[""ORDR""]"
chennai_bus,J1689,"[""ORDR""]"
chennai_bus,J1682,"[""ORDR""]"
chennai_bus,J1680,"[""ORDR""]"
chennai_bus,J1683,"[""ORDR""]"
chennai_bus,J1684,"[""ORDR""]"
chennai_bus,J1681,"[""ORDR""]"
chennai_bus,J1687,"[""ORDR""]"
chennai_bus,J1688,"[""ORDR""]"
chennai_bus,J1686,"[""ORDR""]"
chennai_bus,J1685,"[""ORDR""]"
chennai_bus,J1672,"[""ORDR""]"
chennai_bus,J1673,"[""ORDR""]"
chennai_bus,J1674,"[""ORDR""]"
chennai_bus,J0644,"[""MINI""]"
chennai_bus,J0645,"[""MINI""]"
chennai_bus,J0685,"[""MINI""]"
chennai_bus,J0708,"[""MINI""]"
chennai_bus,J1705,"[""ORDR""]"
chennai_bus,J1706,"[""ORDR""]"
chennai_bus,J1707,"[""PHCR""]"
chennai_bus,J1708,"[""ORDR""]"
chennai_bus,J1675,"[""ORDR""]"
chennai_bus,J1676,"[""ORDR""]"
chennai_bus,J1677,"[""ORDR""]"
chennai_bus,J1678,"[""ORDR""]"
chennai_bus,J1679,"[""ORDR""]"
chennai_bus,J1690,"[""ORDR""]"
chennai_bus,J1691,"[""ORDR""]"
chennai_bus,J1692,"[""ORDR""]"
chennai_bus,J1693,"[""ORDR""]"
chennai_bus,J1694,"[""ORDR""]"
chennai_bus,J1695,"[""ORDR""]"
chennai_bus,J1696,"[""ORDR""]"
chennai_bus,J1697,"[""ORDR""]"
chennai_bus,J1698,"[""ORDR""]"
chennai_bus,J1699,"[""ORDR""]"
chennai_bus,J1700,"[""ORDR""]"
chennai_bus,J1701,"[""ORDR""]"
chennai_bus,J1702,"[""ORDR""]"
chennai_bus,J1703,"[""ORDR""]"
chennai_bus,J1704,"[""ORDR""]"
chennai_bus,J1709,"[""ORDR""]"
chennai_bus,J1718,"[""AC""]"
chennai_bus,J1717,"[""AC""]"
chennai_bus,J1710,"[""ORDR""]"
chennai_bus,J1711,"[""ORDR""]"
chennai_bus,J1712,"[""ORDR""]"
chennai_bus,J1713,"[""ORDR""]"
chennai_bus,J1714,"[""ORDR""]"
chennai_bus,J1715,"[""ORDR""]"
chennai_bus,J1716,"[""ORDR""]"
chennai_bus,J1755,"[""AC""]"
chennai_bus,J1762,"[""AC""]"
chennai_bus,J1725,"[""AC""]"
chennai_bus,J1731,"[""AC""]"
chennai_bus,J1751,"[""AC""]"
chennai_bus,J1723,"[""AC""]"
chennai_bus,J1730,"[""AC""]"
chennai_bus,J1733,"[""AC""]"
chennai_bus,J1752,"[""AC""]"
chennai_bus,J1735,"[""AC""]"
chennai_bus,J1738,"[""AC""]"
chennai_bus,J1740,"[""AC""]"
chennai_bus,J1743,"[""AC""]"
chennai_bus,J1744,"[""AC""]"
chennai_bus,J1749,"[""AC""]"
chennai_bus,J1756,"[""AC""]"
chennai_bus,J1757,"[""AC""]"
chennai_bus,J1764,"[""AC""]"
chennai_bus,J1763,"[""AC""]"
chennai_bus,J1761,"[""AC""]"
chennai_bus,J1760,"[""AC""]"
chennai_bus,J1759,"[""AC""]"
chennai_bus,J1758,"[""AC""]"
chennai_bus,J1754,"[""AC""]"
chennai_bus,J1753,"[""AC""]"
chennai_bus,J1750,"[""AC""]"
chennai_bus,J1748,"[""AC""]"
chennai_bus,J1747,"[""AC""]"
chennai_bus,J1746,"[""AC""]"
chennai_bus,J1745,"[""AC""]"
chennai_bus,J1742,"[""AC""]"
chennai_bus,J1741,"[""AC""]"
chennai_bus,J1739,"[""AC""]"
chennai_bus,J1737,"[""AC""]"
chennai_bus,J1736,"[""AC""]"
chennai_bus,J1734,"[""AC""]"
chennai_bus,J1732,"[""AC""]"
chennai_bus,J1726,"[""AC""]"
chennai_bus,J1724,"[""AC""]"
chennai_bus,J1722,"[""AC""]"
chennai_bus,J1721,"[""AC""]"
chennai_bus,J1720,"[""AC""]"
chennai_bus,J1719,"[""AC""]"
chennai_bus,J1729,"[""AC""]"
chennai_bus,J1728,"[""AC""]"
chennai_bus,J1727,"[""AC""]"
chennai_bus,J1766,"[""ORDR""]"
chennai_bus,J1767,"[""ORDR""]"
chennai_bus,J1768,"[""ORDR""]"
chennai_bus,J1765,"[""ORDR""]"
chennai_bus,J1769,"[""ORDR""]"
chennai_bus,J1770,"[""ORDR""]"
chennai_bus,J1772,"[""ORDR""]"
chennai_bus,J1771,"[""ORDR""]"
chennai_bus,J1773,"[""ORDR""]"
chennai_bus,J1774,"[""ORDR""]"
chennai_bus,J1775,"[""ORDR""]"
chennai_bus,J1776,"[""ORDR""]"
chennai_bus,J1777,"[""ORDR""]"
chennai_bus,J1778,"[""ORDR""]"
chennai_bus,J1779,"[""ORDR""]"
chennai_bus,J1780,"[""ORDR""]"
chennai_bus,J1781,"[""ORDR""]"
chennai_bus,J1782,"[""ORDR""]"
chennai_bus,J1783,"[""ORDR""]"
chennai_bus,J1784,"[""ORDR""]"
chennai_bus,J1785,"[""ORDR""]"
chennai_bus,J1786,"[""ORDR""]"
chennai_bus,J1787,"[""ORDR""]"
chennai_bus,J1788,"[""ORDR""]"
chennai_bus,J1789,"[""ORDR""]"
chennai_bus,J1790,"[""ORDR""]"
chennai_bus,J1791,"[""ORDR""]"
chennai_bus,J1792,"[""ORDR""]"
chennai_bus,J1793,"[""ORDR""]"
chennai_bus,J1794,"[""ORDR""]"
chennai_bus,J1795,"[""ORDR""]"
chennai_bus,J1796,"[""ORDR""]"
chennai_bus,J1797,"[""ORDR""]"
chennai_bus,J1798,"[""ORDR""]"
chennai_bus,J1799,"[""ORDR""]"
chennai_bus,J1800,"[""ORDR""]"
chennai_bus,J1801,"[""ORDR""]"
chennai_bus,J1802,"[""ORDR""]"
chennai_bus,J1803,"[""ORDR""]"
chennai_bus,J1804,"[""ORDR""]"
chennai_bus,J1805,"[""ORDR""]"
chennai_bus,J1806,"[""ORDR""]"
chennai_bus,J1807,"[""ORDR""]"
chennai_bus,J1808,"[""ORDR""]"
chennai_bus,J1809,"[""ORDR""]"
chennai_bus,J1810,"[""ORDR""]"
chennai_bus,J1811,"[""ORDR""]"
chennai_bus,J1812,"[""ORDR""]"
chennai_bus,J1837,"[""ORDR""]"
chennai_bus,J1836,"[""ORDR""]"
chennai_bus,J1814,"[""ORDR""]"
chennai_bus,J1838,"[""ORDR""]"
chennai_bus,J1815,"[""ORDR""]"
chennai_bus,J1816,"[""ORDR""]"
chennai_bus,J1817,"[""ORDR""]"
chennai_bus,J1818,"[""ORDR""]"
chennai_bus,J1819,"[""ORDR""]"
chennai_bus,J1820,"[""ORDR""]"
chennai_bus,J1821,"[""ORDR""]"
chennai_bus,J1822,"[""ORDR""]"
chennai_bus,J1823,"[""ORDR""]"
chennai_bus,J1824,"[""ORDR""]"
chennai_bus,J1825,"[""ORDR""]"
chennai_bus,J1826,"[""ORDR""]"
chennai_bus,J1827,"[""ORDR""]"
chennai_bus,J1828,"[""ORDR""]"
chennai_bus,J1829,"[""ORDR""]"
chennai_bus,J1830,"[""ORDR""]"
chennai_bus,J1813,"[""ORDR""]"
chennai_bus,J1831,"[""ORDR""]"
chennai_bus,J1832,"[""ORDR""]"
chennai_bus,J1833,"[""ORDR""]"
chennai_bus,J1834,"[""ORDR""]"
chennai_bus,J1835,"[""ORDR""]"
chennai_bus,J1842,"[""ORDR""]"
chennai_bus,J1843,"[""ORDR""]"
chennai_bus,J1844,"[""ORDR""]"
chennai_bus,J1845,"[""ORDR""]"
chennai_bus,J1846,"[""ORDR""]"
chennai_bus,J1847,"[""ORDR""]"
chennai_bus,J1848,"[""ORDR""]"
chennai_bus,J1849,"[""ORDR""]"
chennai_bus,J1850,"[""ORDR""]"
chennai_bus,J1851,"[""ORDR""]"
chennai_bus,J1852,"[""ORDR""]"
chennai_bus,J1853,"[""ORDR""]"
chennai_bus,J1839,"[""ORDR""]"
chennai_bus,J1840,"[""ORDR""]"
chennai_bus,J1841,"[""ORDR""]"
chennai_bus,J1854,"[""ORDR""]"
chennai_bus,J1855,"[""ORDR""]"
chennai_bus,J1856,"[""ORDR""]"
chennai_bus,J1857,"[""ORDR""]"
chennai_bus,J1859,"[""ORDR""]"
chennai_bus,J1860,"[""ORDR""]"
chennai_bus,J1861,"[""ORDR""]"
chennai_bus,J1862,"[""ORDR""]"
chennai_bus,J1865,"[""ORDR""]"
chennai_bus,J1869,"[""ORDR""]"
chennai_bus,J1870,"[""ORDR""]"
chennai_bus,J1871,"[""ORDR""]"
chennai_bus,J1876,"[""ORDR""]"
chennai_bus,J1877,"[""ORDR""]"
chennai_bus,J1878,"[""ORDR""]"
chennai_bus,J1917,"[""ORDR""]"
chennai_bus,J1884,"[""ORDR""]"
chennai_bus,J1882,"[""ORDR""]"
chennai_bus,J1881,"[""ORDR""]"
chennai_bus,J1880,"[""ORDR""]"
chennai_bus,J1942,"[""ORDR""]"
chennai_bus,J1866,"[""ORDR""]"
chennai_bus,J1867,"[""ORDR""]"
chennai_bus,J1868,"[""ORDR""]"
chennai_bus,J1864,"[""ORDR""]"
chennai_bus,J1863,"[""ORDR""]"
chennai_bus,J1858,"[""ORDR""]"
chennai_bus,J1872,"[""ORDR""]"
chennai_bus,J1873,"[""ORDR""]"
chennai_bus,J1874,"[""ORDR""]"
chennai_bus,J1875,"[""ORDR""]"
chennai_bus,J1879,"[""ORDR""]"
chennai_bus,J1883,"[""ORDR""]"
chennai_bus,J1885,"[""ORDR""]"
chennai_bus,J1886,"[""ORDR""]"
chennai_bus,J1887,"[""ORDR""]"
chennai_bus,J1888,"[""ORDR""]"
chennai_bus,J1889,"[""ORDR""]"
chennai_bus,J1890,"[""ORDR""]"
chennai_bus,J1891,"[""ORDR""]"
chennai_bus,J1892,"[""ORDR""]"
chennai_bus,J1893,"[""ORDR""]"
chennai_bus,J1894,"[""ORDR""]"
chennai_bus,J1895,"[""ORDR""]"
chennai_bus,J1896,"[""ORDR""]"
chennai_bus,J1897,"[""ORDR""]"
chennai_bus,J1898,"[""ORDR""]"
chennai_bus,J1900,"[""ORDR""]"
chennai_bus,J1901,"[""ORDR""]"
chennai_bus,J1902,"[""ORDR""]"
chennai_bus,J1903,"[""ORDR""]"
chennai_bus,J1904,"[""ORDR""]"
chennai_bus,J1905,"[""ORDR""]"
chennai_bus,J1906,"[""ORDR""]"
chennai_bus,J1907,"[""ORDR""]"
chennai_bus,J1908,"[""ORDR""]"
chennai_bus,J1909,"[""ORDR""]"
chennai_bus,J1912,"[""ORDR""]"
chennai_bus,J1913,"[""ORDR""]"
chennai_bus,J1914,"[""ORDR""]"
chennai_bus,J1915,"[""ORDR""]"
chennai_bus,J1916,"[""ORDR""]"
chennai_bus,J1932,"[""ORDR""]"
chennai_bus,J1933,"[""ORDR""]"
chennai_bus,J1934,"[""ORDR""]"
chennai_bus,J1935,"[""ORDR""]"
chennai_bus,J1936,"[""ORDR""]"
chennai_bus,J1937,"[""ORDR""]"
chennai_bus,J1938,"[""ORDR""]"
chennai_bus,J1939,"[""ORDR""]"
chennai_bus,J1940,"[""ORDR""]"
chennai_bus,J1941,"[""ORDR""]"
chennai_bus,J1993,"[""ORDR""]"
chennai_bus,J1994,"[""ORDR""]"
chennai_bus,J2003,"[""ORDR""]"
chennai_bus,J2002,"[""ORDR""]"
chennai_bus,J2012,"[""ORDR""]"
chennai_bus,J2027,"[""ORDR""]"
chennai_bus,J2065,"[""ORDR""]"
chennai_bus,J2080,"[""ORDR""]"
chennai_bus,J2016,"[""ORDR""]"
chennai_bus,J2024,"[""ORDR""]"
chennai_bus,J2025,"[""ORDR""]"
chennai_bus,J2026,"[""ORDR""]"
chennai_bus,J2035,"[""ORDR""]"
chennai_bus,J2036,"[""ORDR""]"
chennai_bus,J2040,"[""ORDR""]"
chennai_bus,J2046,"[""ORDR""]"
chennai_bus,J2051,"[""ORDR""]"
chennai_bus,J2053,"[""ORDR""]"
chennai_bus,J2058,"[""ORDR""]"
chennai_bus,J2063,"[""ORDR""]"
chennai_bus,J2064,"[""ORDR""]"
chennai_bus,J2066,"[""ORDR""]"
chennai_bus,J2067,"[""ORDR""]"
chennai_bus,J2068,"[""ORDR""]"
chennai_bus,J2069,"[""ORDR""]"
chennai_bus,J2074,"[""ORDR""]"
chennai_bus,J2081,"[""ORDR""]"
chennai_bus,J2082,"[""ORDR""]"
chennai_bus,J2083,"[""ORDR""]"
chennai_bus,J1919,"[""ORDR""]"
chennai_bus,J1920,"[""ORDR""]"
chennai_bus,J1922,"[""ORDR""]"
chennai_bus,J1923,"[""ORDR""]"
chennai_bus,J1899,"[""ORDR""]"
chennai_bus,J1910,"[""ORDR""]"
chennai_bus,J1911,"[""ORDR""]"
chennai_bus,J1918,"[""ORDR""]"
chennai_bus,J1921,"[""ORDR""]"
chennai_bus,J1924,"[""ORDR""]"
chennai_bus,J1925,"[""ORDR""]"
chennai_bus,J1926,"[""ORDR""]"
chennai_bus,J1927,"[""ORDR""]"
chennai_bus,J1928,"[""ORDR""]"
chennai_bus,J1929,"[""ORDR""]"
chennai_bus,J1930,"[""ORDR""]"
chennai_bus,J1931,"[""ORDR""]"
chennai_bus,J1943,"[""ORDR""]"
chennai_bus,J1944,"[""ORDR""]"
chennai_bus,J1945,"[""ORDR""]"
chennai_bus,J1946,"[""ORDR""]"
chennai_bus,J1947,"[""ORDR""]"
chennai_bus,J1948,"[""ORDR""]"
chennai_bus,J1949,"[""ORDR""]"
chennai_bus,J1950,"[""ORDR""]"
chennai_bus,J1951,"[""ORDR""]"
chennai_bus,J1952,"[""ORDR""]"
chennai_bus,J1953,"[""ORDR""]"
chennai_bus,J1954,"[""ORDR""]"
chennai_bus,J1955,"[""ORDR""]"
chennai_bus,J1956,"[""ORDR""]"
chennai_bus,J1957,"[""ORDR""]"
chennai_bus,J1958,"[""ORDR""]"
chennai_bus,J1959,"[""ORDR""]"
chennai_bus,J1960,"[""ORDR""]"
chennai_bus,J1961,"[""ORDR""]"
chennai_bus,J1962,"[""ORDR""]"
chennai_bus,J1963,"[""ORDR""]"
chennai_bus,J1964,"[""ORDR""]"
chennai_bus,J1965,"[""ORDR""]"
chennai_bus,J1966,"[""ORDR""]"
chennai_bus,J1967,"[""ORDR""]"
chennai_bus,J1968,"[""ORDR""]"
chennai_bus,J1969,"[""ORDR""]"
chennai_bus,J1970,"[""ORDR""]"
chennai_bus,J1971,"[""ORDR""]"
chennai_bus,J1972,"[""ORDR""]"
chennai_bus,J1973,"[""ORDR""]"
chennai_bus,J1974,"[""ORDR""]"
chennai_bus,J1975,"[""ORDR""]"
chennai_bus,J1976,"[""ORDR""]"
chennai_bus,J1977,"[""ORDR""]"
chennai_bus,J1978,"[""ORDR""]"
chennai_bus,J1979,"[""ORDR""]"
chennai_bus,J1980,"[""ORDR""]"
chennai_bus,J1981,"[""ORDR""]"
chennai_bus,J1982,"[""ORDR""]"
chennai_bus,J1983,"[""ORDR""]"
chennai_bus,J1984,"[""ORDR""]"
chennai_bus,J1985,"[""ORDR""]"
chennai_bus,J1986,"[""ORDR""]"
chennai_bus,J1987,"[""ORDR""]"
chennai_bus,J1988,"[""ORDR""]"
chennai_bus,J1989,"[""ORDR""]"
chennai_bus,J1990,"[""ORDR""]"
chennai_bus,J1991,"[""ORDR""]"
chennai_bus,J1992,"[""ORDR""]"
chennai_bus,J1995,"[""ORDR""]"
chennai_bus,J1996,"[""ORDR""]"
chennai_bus,J1997,"[""ORDR""]"
chennai_bus,J1998,"[""ORDR""]"
chennai_bus,J1999,"[""ORDR""]"
chennai_bus,J2000,"[""ORDR""]"
chennai_bus,J2001,"[""ORDR""]"
chennai_bus,J2060,"[""ORDR""]"
chennai_bus,J2084,"[""ORDR""]"
chennai_bus,J2004,"[""ORDR""]"
chennai_bus,J2005,"[""ORDR""]"
chennai_bus,J2006,"[""ORDR""]"
chennai_bus,J2007,"[""ORDR""]"
chennai_bus,J2008,"[""ORDR""]"
chennai_bus,J2009,"[""ORDR""]"
chennai_bus,J2010,"[""ORDR""]"
chennai_bus,J2011,"[""ORDR""]"
chennai_bus,J2013,"[""ORDR""]"
chennai_bus,J2014,"[""ORDR""]"
chennai_bus,J2015,"[""ORDR""]"
chennai_bus,J2017,"[""ORDR""]"
chennai_bus,J2018,"[""ORDR""]"
chennai_bus,J2019,"[""ORDR""]"
chennai_bus,J2020,"[""ORDR""]"
chennai_bus,J2021,"[""ORDR""]"
chennai_bus,J2022,"[""ORDR""]"
chennai_bus,J2023,"[""ORDR""]"
chennai_bus,J2028,"[""ORDR""]"
chennai_bus,J2029,"[""ORDR""]"
chennai_bus,J2030,"[""ORDR""]"
chennai_bus,J2031,"[""ORDR""]"
chennai_bus,J2032,"[""ORDR""]"
chennai_bus,J2033,"[""ORDR""]"
chennai_bus,J2034,"[""ORDR""]"
chennai_bus,J2037,"[""ORDR""]"
chennai_bus,J2038,"[""ORDR""]"
chennai_bus,J2039,"[""ORDR""]"
chennai_bus,J2041,"[""ORDR""]"
chennai_bus,J2042,"[""ORDR""]"
chennai_bus,J2043,"[""ORDR""]"
chennai_bus,J2044,"[""ORDR""]"
chennai_bus,J2045,"[""ORDR""]"
chennai_bus,J2047,"[""ORDR""]"
chennai_bus,J2048,"[""ORDR""]"
chennai_bus,J2049,"[""ORDR""]"
chennai_bus,J2050,"[""ORDR""]"
chennai_bus,J2052,"[""ORDR""]"
chennai_bus,J2054,"[""ORDR""]"
chennai_bus,J2055,"[""ORDR""]"
chennai_bus,J2056,"[""ORDR""]"
chennai_bus,J2057,"[""ORDR""]"
chennai_bus,J2059,"[""ORDR""]"
chennai_bus,J2061,"[""ORDR""]"
chennai_bus,J2062,"[""ORDR""]"
chennai_bus,J2070,"[""ORDR""]"
chennai_bus,J2071,"[""ORDR""]"
chennai_bus,J2072,"[""ORDR""]"
chennai_bus,J2073,"[""ORDR""]"
chennai_bus,J2075,"[""ORDR""]"
chennai_bus,J2076,"[""ORDR""]"
chennai_bus,J2077,"[""ORDR""]"
chennai_bus,J2078,"[""ORDR""]"
chennai_bus,J2079,"[""ORDR""]"
chennai_bus,J2114,"[""ORDR""]"
chennai_bus,J2113,"[""ORDR""]"
chennai_bus,J2112,"[""ORDR""]"
chennai_bus,J2111,"[""ORDR""]"
chennai_bus,J2110,"[""ORDR""]"
chennai_bus,J2109,"[""ORDR""]"
chennai_bus,J2108,"[""ORDR""]"
chennai_bus,J2107,"[""ORDR""]"
chennai_bus,J2106,"[""ORDR""]"
chennai_bus,J2105,"[""ORDR""]"
chennai_bus,J2104,"[""ORDR""]"
chennai_bus,J2103,"[""ORDR""]"
chennai_bus,J2102,"[""ORDR""]"
chennai_bus,J2101,"[""ORDR""]"
chennai_bus,J2100,"[""ORDR""]"
chennai_bus,J2099,"[""ORDR""]"
chennai_bus,J2098,"[""ORDR""]"
chennai_bus,J2097,"[""ORDR""]"
chennai_bus,J2096,"[""ORDR""]"
chennai_bus,J2095,"[""ORDR""]"
chennai_bus,J2094,"[""ORDR""]"
chennai_bus,J2093,"[""ORDR""]"
chennai_bus,J2092,"[""ORDR""]"
chennai_bus,J2091,"[""ORDR""]"
chennai_bus,J2090,"[""ORDR""]"
chennai_bus,J2089,"[""ORDR""]"
chennai_bus,J2088,"[""ORDR""]"
chennai_bus,J2087,"[""ORDR""]"
chennai_bus,J2086,"[""ORDR""]"
chennai_bus,J2085,"[""ORDR""]"
chennai_bus,J0161,"[""ORD""]"
chennai_bus,J0165,"[""ORD""]"
chennai_bus,J0138,"[""ORD""]"
chennai_bus,J0139,"[""ORD""]"
chennai_bus,J0300,"[""ORD""]"
chennai_bus,K0001,"[""ORDB""]"
chennai_bus,K0013,"[""ORDB""]"
chennai_bus,K0008,"[""ORDB""]"
chennai_bus,K0010,"[""ORDB""]"
chennai_bus,K0030,"[""ORDB""]"
chennai_bus,K0020,"[""ORDB""]"
chennai_bus,K0018,"[""ORDB""]"
chennai_bus,K0032,"[""ORDB""]"
chennai_bus,K0031,"[""ORDB""]"
chennai_bus,K0022,"[""ORDB""]"
chennai_bus,K0025,"[""ORDB""]"
chennai_bus,K0005,"[""ORDB""]"
chennai_bus,K0024,"[""ORDB""]"
chennai_bus,K0017,"[""ORDB""]"
chennai_bus,K0007,"[""ORDB""]"
chennai_bus,K0011,"[""ORDB""]"
chennai_bus,K0009,"[""ORDB""]"
chennai_bus,K0002,"[""ORDB""]"
chennai_bus,K0021,"[""ORDB""]"
chennai_bus,K0033,"[""ORDB""]"
chennai_bus,K0035,"[""ORDB""]"
chennai_bus,K0034,"[""ORDB""]"
chennai_bus,K0023,"[""ORDB""]"
chennai_bus,K0041,"[""ORDB""]"
chennai_bus,K0042,"[""ORDB""]"
chennai_bus,K0039,"[""ORDB""]"
chennai_bus,K0036,"[""ORDB""]"
chennai_bus,K0038,"[""ORDB""]"
chennai_bus,K0040,"[""ORDB""]"
chennai_bus,K0050,"[""ORDB""]"
chennai_bus,K0049,"[""ORDB""]"
chennai_bus,K0046,"[""ORDB""]"
chennai_bus,K0048,"[""ORDB""]"
chennai_bus,K0047,"[""ORDB""]"
chennai_bus,K0043,"[""ORDB""]"
chennai_bus,K0044,"[""ORDB""]"
chennai_bus,K0045,"[""ORDB""]"
chennai_bus,K0003,"[""ORDB""]"
chennai_bus,K0004,"[""ORDB""]"
chennai_bus,K0006,"[""ORDB""]"
chennai_bus,K0015,"[""ORDB""]"
chennai_bus,K0012,"[""ORDB""]"
chennai_bus,K0014,"[""ORDB""]"
chennai_bus,K0016,"[""ORDB""]"
chennai_bus,K0019,"[""ORDB""]"
chennai_bus,K0028,"[""ORDB""]"
chennai_bus,K0029,"[""ORDB""]"
chennai_bus,K0026,"[""ORDB""]"
chennai_bus,K0027,"[""ORDB""]"
chennai_bus,K0037,"[""ORDB""]"
chennai_bus,K0051,"[""ORDB""]"
chennai_bus,K0058,"[""ORDB""]"
chennai_bus,K0070,"[""ORDB""]"
chennai_bus,K0071,"[""ORDB""]"
chennai_bus,K0072,"[""ORDB""]"
chennai_bus,K0073,"[""ORDB""]"
chennai_bus,K0074,"[""ORDB""]"
chennai_bus,K0075,"[""ORDB""]"
chennai_bus,K0076,"[""ORDB""]"
chennai_bus,K0079,"[""ORDB""]"
chennai_bus,K0077,"[""ORDB""]"
chennai_bus,K0078,"[""ORDB""]"
chennai_bus,K0069,"[""ORDB""]"
chennai_bus,K0068,"[""ORDB""]"
chennai_bus,K0054,"[""ORDB""]"
chennai_bus,K0056,"[""ORDB""]"
chennai_bus,K0066,"[""ORDB""]"
chennai_bus,K0067,"[""ORDB""]"
chennai_bus,K0083,"[""ORDB""]"
chennai_bus,K0084,"[""ORDB""]"
chennai_bus,K0085,"[""ORDB""]"
chennai_bus,K0086,"[""ORDB""]"
chennai_bus,K0087,"[""ORDB""]"
chennai_bus,K0063,"[""ORDB""]"
chennai_bus,K0053,"[""ORDB""]"
chennai_bus,K0052,"[""ORDB""]"
chennai_bus,K0055,"[""ORDB""]"
chennai_bus,K0064,"[""ORDB""]"
chennai_bus,K0065,"[""ORDB""]"
chennai_bus,K0062,"[""ORDB""]"
chennai_bus,K0061,"[""ORDB""]"
chennai_bus,K0088,"[""ORDB""]"
chennai_bus,K0089,"[""ORDB""]"
chennai_bus,K0090,"[""ORDB""]"
chennai_bus,K0091,"[""ORDB""]"
chennai_bus,K0092,"[""ORDB""]"
chennai_bus,K0059,"[""ORDB""]"
chennai_bus,K0060,"[""ORDB""]"
chennai_bus,K0057,"[""ORDB""]"
chennai_bus,K0080,"[""ORDB""]"
chennai_bus,K0081,"[""ORDB""]"
chennai_bus,K0082,"[""ORDB""]"
chennai_bus,K0093,"[""ORDB""]"
chennai_bus,K0094,"[""ORDB""]"
chennai_bus,K0095,"[""ORDB""]"
chennai_bus,K0096,"[""ORDB""]"
chennai_bus,K0097,"[""ORDB""]"
chennai_bus,K0098,"[""ORDB""]"
chennai_bus,K0101,"[""ORDB""]"
chennai_bus,K0102,"[""ORDB""]"
chennai_bus,K0103,"[""ORDB""]"
chennai_bus,K0104,"[""ORDB""]"
chennai_bus,K0105,"[""ORDB""]"
chennai_bus,K0106,"[""ORDB""]"
chennai_bus,K0107,"[""ORDB""]"
chennai_bus,K0108,"[""ORDB""]"
chennai_bus,K0109,"[""ORDB""]"
chennai_bus,K0110,"[""ORDB""]"
chennai_bus,K0111,"[""ORDB""]"
chennai_bus,K0112,"[""ORDB""]"
chennai_bus,K0113,"[""ORDB""]"
chennai_bus,K0114,"[""ORDB""]"
chennai_bus,K0115,"[""ORDB""]"
chennai_bus,K0132,"[""LF""]"
chennai_bus,K0131,"[""LF""]"
chennai_bus,K0116,"[""ORDB""]"
chennai_bus,K0117,"[""ORDB""]"
chennai_bus,K0118,"[""ORDB""]"
chennai_bus,K0119,"[""ORDB""]"
chennai_bus,K0120,"[""ORDB""]"
chennai_bus,K0121,"[""ORDB""]"
chennai_bus,K0122,"[""ORDB""]"
chennai_bus,K0123,"[""ORDB""]"
chennai_bus,K0124,"[""ORDB""]"
chennai_bus,K0125,"[""ORDB""]"
chennai_bus,K0126,"[""ORDB""]"
chennai_bus,K0127,"[""ORDB""]"
chennai_bus,K0128,"[""ORDB""]"
chennai_bus,K0129,"[""ORDB""]"
chennai_bus,K0130,"[""ORDB""]"
chennai_bus,K0133,"[""LF""]"
chennai_bus,K0134,"[""LF""]"
chennai_bus,K0135,"[""LF""]"
chennai_bus,K0136,"[""LF""]"
chennai_bus,K0137,"[""LF""]"
chennai_bus,K0138,"[""LF""]"
chennai_bus,K0139,"[""LF""]"
chennai_bus,K0140,"[""LF""]"
chennai_bus,K0141,"[""LF""]"
chennai_bus,K0142,"[""LF""]"
chennai_bus,K0143,"[""LF""]"
chennai_bus,K0144,"[""LF""]"
chennai_bus,K0145,"[""LF""]"
chennai_bus,K0146,"[""LF""]"
chennai_bus,K0147,"[""LF""]"
chennai_bus,K0148,"[""LF""]"
chennai_bus,K0149,"[""LF""]"
chennai_bus,K0150,"[""LF""]"
chennai_bus,K0151,"[""LF""]"
chennai_bus,K0152,"[""LF""]"
chennai_bus,K0153,"[""LF""]"
chennai_bus,K0154,"[""LF""]"
chennai_bus,K0155,"[""LF""]"
chennai_bus,K0157,"[""LF""]"
chennai_bus,K0156,"[""LF""]"
chennai_bus,K0163,"[""LF""]"
chennai_bus,K0159,"[""LF""]"
chennai_bus,K0160,"[""LF""]"
chennai_bus,K0162,"[""LF""]"
chennai_bus,K0161,"[""LF""]"
chennai_bus,K0164,"[""LF""]"
chennai_bus,K0167,"[""LF""]"
chennai_bus,K0165,"[""LF""]"
chennai_bus,K0173,"[""LF""]"
chennai_bus,K0168,"[""LF""]"
chennai_bus,K0169,"[""LF""]"
chennai_bus,K0170,"[""LF""]"
chennai_bus,K0171,"[""LF""]"
chennai_bus,K0172,"[""LF""]"
chennai_bus,K0176,"[""LF""]"
chennai_bus,K0158,"[""LF""]"
chennai_bus,K0379,"[""LF""]"
chennai_bus,K0175,"[""LF""]"
chennai_bus,K0166,"[""LF""]"
chennai_bus,K0178,"[""LF""]"
chennai_bus,K0177,"[""LF""]"
chennai_bus,K0179,"[""LF""]"
chennai_bus,K0180,"[""LF""]"
chennai_bus,K0181,"[""LF""]"
chennai_bus,K0182,"[""LF""]"
chennai_bus,K0183,"[""LF""]"
chennai_bus,K0184,"[""LF""]"
chennai_bus,K0185,"[""LF""]"
chennai_bus,K0186,"[""LF""]"
chennai_bus,K0187,"[""LF""]"
chennai_bus,K0188,"[""LF""]"
chennai_bus,K0189,"[""LF""]"
chennai_bus,K0190,"[""LF""]"
chennai_bus,K0191,"[""LF""]"
chennai_bus,K0192,"[""LF""]"
chennai_bus,K0193,"[""LF""]"
chennai_bus,K0194,"[""LF""]"
chennai_bus,K0099,"[""ORDB""]"
chennai_bus,K0100,"[""ORDB""]"
chennai_bus,S0006,"[""AC""]"
chennai_bus,S0005,"[""AC""]"
chennai_bus,S0008,"[""MINI""]"
chennai_bus,S0007,"[""MINI""]"
chennai_bus,K0238,"[""ORDB""]"
chennai_bus,K0239,"[""ORDB""]"
chennai_bus,K0240,"[""ORDB""]"
chennai_bus,K0241,"[""ORDB""]"
chennai_bus,K0242,"[""ORDB""]"
chennai_bus,K0243,"[""ORDB""]"
chennai_bus,K0244,"[""ORDB""]"
chennai_bus,K0245,"[""ORDB""]"
chennai_bus,K0246,"[""ORDB""]"
chennai_bus,K0247,"[""ORDB""]"
chennai_bus,K0248,"[""ORDB""]"
chennai_bus,K0249,"[""ORDB""]"
chennai_bus,K0250,"[""ORDB""]"
chennai_bus,K0251,"[""ORDB""]"
chennai_bus,K0252,"[""ORDB""]"
chennai_bus,K0253,"[""ORDB""]"
chennai_bus,K0254,"[""ORDB""]"
chennai_bus,K0255,"[""ORDB""]"
chennai_bus,K0256,"[""ORDB""]"
chennai_bus,K0257,"[""ORDB""]"
chennai_bus,K0258,"[""ORDB""]"
chennai_bus,K0234,"[""ORDB""]"
chennai_bus,K0231,"[""ORDB""]"
chennai_bus,K0232,"[""ORDB""]"
chennai_bus,K0233,"[""ORDB""]"
chennai_bus,K0235,"[""ORDB""]"
chennai_bus,K0236,"[""ORDB""]"
chennai_bus,K0237,"[""ORDB""]"
chennai_bus,K0267,"[""ORDB""]"
chennai_bus,K0266,"[""ORDB""]"
chennai_bus,K0259,"[""ORDB""]"
chennai_bus,K0260,"[""ORDB""]"
chennai_bus,K0261,"[""ORDB""]"
chennai_bus,K0262,"[""ORDB""]"
chennai_bus,K0263,"[""ORDB""]"
chennai_bus,K0264,"[""ORDB""]"
chennai_bus,K0265,"[""ORDB""]"
chennai_bus,K0195,"[""LF""]"
chennai_bus,K0196,"[""LF""]"
chennai_bus,K0197,"[""LF""]"
chennai_bus,K0198,"[""LF""]"
chennai_bus,K0199,"[""LF""]"
chennai_bus,K0200,"[""LF""]"
chennai_bus,K0201,"[""LF""]"
chennai_bus,K0202,"[""LF""]"
chennai_bus,K0203,"[""LF""]"
chennai_bus,K0204,"[""LF""]"
chennai_bus,K0206,"[""LF""]"
chennai_bus,K0205,"[""LF""]"
chennai_bus,K0207,"[""LF""]"
chennai_bus,K0210,"[""LF""]"
chennai_bus,K0208,"[""LF""]"
chennai_bus,K0209,"[""LF""]"
chennai_bus,K0211,"[""LF""]"
chennai_bus,K0212,"[""LF""]"
chennai_bus,K0213,"[""LF""]"
chennai_bus,K0214,"[""LF""]"
chennai_bus,K0215,"[""LF""]"
chennai_bus,K0443,"[""LF""]"
chennai_bus,K0444,"[""LF""]"
chennai_bus,K0445,"[""LF""]"
chennai_bus,K0446,"[""LF""]"
chennai_bus,K0447,"[""LF""]"
chennai_bus,K0448,"[""LF""]"
chennai_bus,K0449,"[""LF""]"
chennai_bus,K0450,"[""LF""]"
chennai_bus,K0451,"[""LF""]"
chennai_bus,K0452,"[""LF""]"
chennai_bus,K0453,"[""LF""]"
chennai_bus,K0454,"[""LF""]"
chennai_bus,K0455,"[""LF""]"
chennai_bus,K0216,"[""LF""]"
chennai_bus,K0218,"[""LF""]"
chennai_bus,K0219,"[""LF""]"
chennai_bus,K0220,"[""LF""]"
chennai_bus,K0221,"[""LF""]"
chennai_bus,K0222,"[""LF""]"
chennai_bus,K0456,"[""LF""]"
chennai_bus,K0457,"[""LF""]"
chennai_bus,K0458,"[""LF""]"
chennai_bus,K0459,"[""LF""]"
chennai_bus,K0465,"[""LF""]"
chennai_bus,K0344,"[""LF""]"
chennai_bus,K0343,"[""LF""]"
chennai_bus,K0225,"[""LF""]"
chennai_bus,K0217,"[""LF""]"
chennai_bus,K0226,"[""LF""]"
chennai_bus,K0224,"[""LF""]"
chennai_bus,K0460,"[""LF""]"
chennai_bus,K0463,"[""LF""]"
chennai_bus,K0464,"[""LF""]"
chennai_bus,K0461,"[""LF""]"
chennai_bus,K0462,"[""LF""]"
chennai_bus,K0229,"[""LF""]"
chennai_bus,K0228,"[""LF""]"
chennai_bus,K0230,"[""LF""]"
chennai_bus,K0227,"[""LF""]"
chennai_bus,K0223,"[""LF""]"
chennai_bus,K0389,"[""LF""]"
chennai_bus,K0386,"[""LF""]"
chennai_bus,K0390,"[""LF""]"
chennai_bus,K0392,"[""LF""]"
chennai_bus,K0394,"[""LF""]"
chennai_bus,K0391,"[""LF""]"
chennai_bus,K0368,"[""LF""]"
chennai_bus,K0361,"[""LF""]"
chennai_bus,K0360,"[""LF""]"
chennai_bus,K0359,"[""LF""]"
chennai_bus,K0358,"[""LF""]"
chennai_bus,K0357,"[""LF""]"
chennai_bus,K0356,"[""LF""]"
chennai_bus,K0355,"[""LF""]"
chennai_bus,K0353,"[""LF""]"
chennai_bus,K0351,"[""LF""]"
chennai_bus,K0352,"[""LF""]"
chennai_bus,K0350,"[""LF""]"
chennai_bus,K0348,"[""LF""]"
chennai_bus,K0347,"[""LF""]"
chennai_bus,K0346,"[""LF""]"
chennai_bus,K0345,"[""LF""]"
chennai_bus,K0367,"[""LF""]"
chennai_bus,K0372,"[""LF""]"
chennai_bus,K0365,"[""LF""]"
chennai_bus,K0362,"[""LF""]"
chennai_bus,K0375,"[""LF""]"
chennai_bus,K0473,"[""LF""]"
chennai_bus,K0469,"[""LF""]"
chennai_bus,K0471,"[""LF""]"
chennai_bus,K0466,"[""LF""]"
chennai_bus,K0468,"[""LF""]"
chennai_bus,K0467,"[""LF""]"
chennai_bus,K0470,"[""LF""]"
chennai_bus,K0475,"[""LF""]"
chennai_bus,K0476,"[""LF""]"
chennai_bus,K0474,"[""LF""]"
chennai_bus,K0472,"[""LF""]"
chennai_bus,K0385,"[""LF""]"
chennai_bus,K0378,"[""LF""]"
chennai_bus,K0387,"[""LF""]"
chennai_bus,K0380,"[""LF""]"
chennai_bus,K0381,"[""LF""]"
chennai_bus,K0382,"[""LF""]"
chennai_bus,K0383,"[""LF""]"
chennai_bus,K0384,"[""LF""]"
chennai_bus,K0484,"[""LF""]"
chennai_bus,K0479,"[""LF""]"
chennai_bus,K0481,"[""LF""]"
chennai_bus,K0480,"[""LF""]"
chennai_bus,K0485,"[""LF""]"
chennai_bus,K0483,"[""LF""]"
chennai_bus,K0482,"[""LF""]"
chennai_bus,K0477,"[""LF""]"
chennai_bus,K0478,"[""LF""]"
chennai_bus,K0487,"[""LF""]"
chennai_bus,K0488,"[""LF""]"
chennai_bus,K0397,"[""LF""]"
chennai_bus,K0377,"[""LF""]"
chennai_bus,K0369,"[""LF""]"
chennai_bus,K0374,"[""LF""]"
chennai_bus,K0366,"[""LF""]"
chennai_bus,K0373,"[""LF""]"
chennai_bus,K0364,"[""LF""]"
chennai_bus,K0363,"[""LF""]"
chennai_bus,K0370,"[""LF""]"
chennai_bus,K0376,"[""LF""]"
chennai_bus,K0388,"[""LF""]"
chennai_bus,K0393,"[""LF""]"
chennai_bus,K0395,"[""LF""]"
chennai_bus,K0396,"[""LF""]"
chennai_bus,K0354,"[""LF""]"
chennai_bus,K0349,"[""LF""]"
chennai_bus,K0371,"[""LF""]"
chennai_bus,K0489,"[""LF""]"
chennai_bus,K0491,"[""LF""]"
chennai_bus,K0490,"[""LF""]"
chennai_bus,K0398,"[""LF""]"
chennai_bus,K0486,"[""LF""]"
chennai_bus,K0399,"[""LF""]"
chennai_bus,K0400,"[""LF""]"
chennai_bus,K0401,"[""LF""]"
chennai_bus,K0402,"[""LF""]"
chennai_bus,K0403,"[""LF""]"
chennai_bus,K0404,"[""LF""]"
chennai_bus,K0405,"[""LF""]"
chennai_bus,K0174,"[""LF""]"
chennai_bus,K0492,"[""LF""]"
chennai_bus,K0406,"[""LF""]"
chennai_bus,K0412,"[""LF""]"
chennai_bus,K0409,"[""LF""]"
chennai_bus,K0408,"[""LF""]"
chennai_bus,K0407,"[""LF""]"
chennai_bus,K0411,"[""LF""]"
chennai_bus,K0410,"[""LF""]"
chennai_bus,K0414,"[""LF""]"
chennai_bus,K0416,"[""LF""]"
chennai_bus,K0420,"[""LF""]"
chennai_bus,K0421,"[""LF""]"
chennai_bus,K0415,"[""LF""]"
chennai_bus,K0417,"[""LF""]"
chennai_bus,K0413,"[""LF""]"
chennai_bus,K0422,"[""LF""]"
chennai_bus,K0419,"[""LF""]"
chennai_bus,K0418,"[""LF""]"
chennai_bus,K0286,"[""ORDB""]"
chennai_bus,K0285,"[""ORDB""]"
chennai_bus,K0284,"[""ORDB""]"
chennai_bus,K0287,"[""ORDB""]"
chennai_bus,K0283,"[""ORDB""]"
chennai_bus,K0282,"[""ORDB""]"
chennai_bus,K0279,"[""ORDB""]"
chennai_bus,K0277,"[""ORDB""]"
chennai_bus,K0274,"[""ORDB""]"
chennai_bus,K0271,"[""ORDB""]"
chennai_bus,K0269,"[""ORDB""]"
chennai_bus,K0299,"[""ORDB""]"
chennai_bus,K0296,"[""ORDB""]"
chennai_bus,K0298,"[""ORDB""]"
chennai_bus,K0300,"[""ORDB""]"
chennai_bus,K0301,"[""ORDB""]"
chennai_bus,K0302,"[""ORDB""]"
chennai_bus,K0303,"[""ORDB""]"
chennai_bus,K0305,"[""ORDB""]"
chennai_bus,K0307,"[""ORDB""]"
chennai_bus,K0308,"[""ORDB""]"
chennai_bus,K0273,"[""ORDB""]"
chennai_bus,K0297,"[""ORDB""]"
chennai_bus,K0435,"[""LF""]"
chennai_bus,K0436,"[""LF""]"
chennai_bus,K0438,"[""LF""]"
chennai_bus,K0439,"[""LF""]"
chennai_bus,K0440,"[""LF""]"
chennai_bus,K0441,"[""LF""]"
chennai_bus,K0442,"[""LF""]"
chennai_bus,K0431,"[""LF""]"
chennai_bus,K0432,"[""LF""]"
chennai_bus,K0433,"[""LF""]"
chennai_bus,K0434,"[""LF""]"
chennai_bus,K0430,"[""LF""]"
chennai_bus,K0429,"[""LF""]"
chennai_bus,K0427,"[""LF""]"
chennai_bus,K0426,"[""LF""]"
chennai_bus,K0424,"[""LF""]"
chennai_bus,K0428,"[""LF""]"
chennai_bus,K0425,"[""LF""]"
chennai_bus,K0630,"[""LF""]"
chennai_bus,K0631,"[""LF""]"
chennai_bus,K0423,"[""LF""]"
chennai_bus,K0648,"[""LF""]"
chennai_bus,K0647,"[""LF""]"
chennai_bus,K0646,"[""LF""]"
chennai_bus,K0645,"[""LF""]"
chennai_bus,K0644,"[""LF""]"
chennai_bus,K0643,"[""LF""]"
chennai_bus,K0642,"[""LF""]"
chennai_bus,K0641,"[""LF""]"
chennai_bus,K0640,"[""LF""]"
chennai_bus,K0288,"[""ORDB""]"
chennai_bus,K0289,"[""ORDB""]"
chennai_bus,K0268,"[""ORDB""]"
chennai_bus,K0272,"[""ORDB""]"
chennai_bus,K0278,"[""ORDB""]"
chennai_bus,K0281,"[""ORDB""]"
chennai_bus,K0291,"[""ORDB""]"
chennai_bus,K0292,"[""ORDB""]"
chennai_bus,K0293,"[""ORDB""]"
chennai_bus,K0290,"[""ORDB""]"
chennai_bus,K0632,"[""LF""]"
chennai_bus,K0633,"[""LF""]"
chennai_bus,K0634,"[""LF""]"
chennai_bus,K0276,"[""ORDB""]"
chennai_bus,K0275,"[""ORDB""]"
chennai_bus,K0280,"[""ORDB""]"
chennai_bus,K0270,"[""ORDB""]"
chennai_bus,K0294,"[""ORDB""]"
chennai_bus,K0295,"[""ORDB""]"
chennai_bus,K0304,"[""ORDB""]"
chennai_bus,K0310,"[""ORDB""]"
chennai_bus,K0306,"[""ORDB""]"
chennai_bus,K0309,"[""ORDB""]"
chennai_bus,K0493,"[""LF""]"
chennai_bus,K0494,"[""LF""]"
chennai_bus,K0496,"[""LF""]"
chennai_bus,K0495,"[""LF""]"
chennai_bus,K0497,"[""LF""]"
chennai_bus,K0341,"[""ORDB""]"
chennai_bus,K0340,"[""ORDB""]"
chennai_bus,K0339,"[""ORDB""]"
chennai_bus,K0337,"[""ORDB""]"
chennai_bus,K0333,"[""ORDB""]"
chennai_bus,K0332,"[""ORDB""]"
chennai_bus,K0338,"[""ORDB""]"
chennai_bus,K0335,"[""ORDB""]"
chennai_bus,K0334,"[""ORDB""]"
chennai_bus,K0336,"[""ORDB""]"
chennai_bus,K0326,"[""ORDB""]"
chennai_bus,K0325,"[""ORDB""]"
chennai_bus,K0323,"[""ORDB""]"
chennai_bus,K0324,"[""ORDB""]"
chennai_bus,K0317,"[""ORDB""]"
chennai_bus,K0315,"[""ORDB""]"
chennai_bus,K0316,"[""ORDB""]"
chennai_bus,K0313,"[""ORDB""]"
chennai_bus,K0314,"[""ORDB""]"
chennai_bus,K0311,"[""ORDB""]"
chennai_bus,K0312,"[""ORDB""]"
chennai_bus,K0322,"[""ORDB""]"
chennai_bus,K0321,"[""ORDB""]"
chennai_bus,K0320,"[""ORDB""]"
chennai_bus,K0319,"[""ORDB""]"
chennai_bus,K0318,"[""ORDB""]"
chennai_bus,K0328,"[""ORDB""]"
chennai_bus,K0327,"[""ORDB""]"
chennai_bus,K0331,"[""ORDB""]"
chennai_bus,K0329,"[""ORDB""]"
chennai_bus,K0330,"[""ORDB""]"
chennai_bus,K0498,"[""LF""]"
chennai_bus,K0500,"[""LF""]"
chennai_bus,K0502,"[""LF""]"
chennai_bus,K0501,"[""LF""]"
chennai_bus,K0499,"[""LF""]"
chennai_bus,K0437,"[""LF""]"
chennai_bus,K0649,"[""LF""]"
chennai_bus,K0655,"[""LF""]"
chennai_bus,K0656,"[""LF""]"
chennai_bus,K0653,"[""LF""]"
chennai_bus,K0651,"[""LF""]"
chennai_bus,K0650,"[""LF""]"
chennai_bus,K0652,"[""LF""]"
chennai_bus,K0654,"[""LF""]"
chennai_bus,K0667,"[""LF""]"
chennai_bus,K0668,"[""LF""]"
chennai_bus,K0636,"[""LF""]"
chennai_bus,K0637,"[""LF""]"
chennai_bus,K0639,"[""LF""]"
chennai_bus,K0635,"[""LF""]"
chennai_bus,K0638,"[""LF""]"
chennai_bus,K0666,"[""LF""]"
chennai_bus,K0503,"[""LF""]"
chennai_bus,K0505,"[""LF""]"
chennai_bus,K0506,"[""LF""]"
chennai_bus,K0504,"[""LF""]"
chennai_bus,K0660,"[""LF""]"
chennai_bus,K0658,"[""LF""]"
chennai_bus,K0663,"[""LF""]"
chennai_bus,K0664,"[""LF""]"
chennai_bus,K0662,"[""LF""]"
chennai_bus,K0657,"[""LF""]"
chennai_bus,K0661,"[""LF""]"
chennai_bus,K0665,"[""LF""]"
chennai_bus,K0659,"[""LF""]"
chennai_bus,K0507,"[""LF""]"
chennai_bus,K0509,"[""LF""]"
chennai_bus,K0510,"[""LF""]"
chennai_bus,K0511,"[""LF""]"
chennai_bus,K0512,"[""LF""]"
chennai_bus,K0513,"[""LF""]"
chennai_bus,K0514,"[""LF""]"
chennai_bus,K0515,"[""LF""]"
chennai_bus,K0675,"[""LF""]"
chennai_bus,K0674,"[""LF""]"
chennai_bus,K0673,"[""LF""]"
chennai_bus,K0672,"[""LF""]"
chennai_bus,K0671,"[""LF""]"
chennai_bus,K0670,"[""LF""]"
chennai_bus,K0669,"[""LF""]"
chennai_bus,K0516,"[""LF""]"
chennai_bus,K0686,"[""LF""]"
chennai_bus,K0684,"[""LF""]"
chennai_bus,K0685,"[""LF""]"
chennai_bus,K0683,"[""LF""]"
chennai_bus,K0682,"[""LF""]"
chennai_bus,K0676,"[""LF""]"
chennai_bus,K0677,"[""LF""]"
chennai_bus,K0678,"[""LF""]"
chennai_bus,K0680,"[""LF""]"
chennai_bus,K0679,"[""LF""]"
chennai_bus,K0681,"[""LF""]"
chennai_bus,K0519,"[""LF""]"
chennai_bus,K0517,"[""LF""]"
chennai_bus,K0520,"[""LF""]"
chennai_bus,K0521,"[""LF""]"
chennai_bus,K0518,"[""LF""]"
chennai_bus,K0694,"[""LF""]"
chennai_bus,K0696,"[""LF""]"
chennai_bus,K0693,"[""LF""]"
chennai_bus,K0695,"[""LF""]"
chennai_bus,K0529,"[""LF""]"
chennai_bus,K0527,"[""LF""]"
chennai_bus,K0528,"[""LF""]"
chennai_bus,K0524,"[""LF""]"
chennai_bus,K0523,"[""LF""]"
chennai_bus,K0522,"[""LF""]"
chennai_bus,K0525,"[""LF""]"
chennai_bus,K0526,"[""LF""]"
chennai_bus,K0688,"[""LF""]"
chennai_bus,K0691,"[""LF""]"
chennai_bus,K0687,"[""LF""]"
chennai_bus,K0690,"[""LF""]"
chennai_bus,K0692,"[""LF""]"
chennai_bus,K0689,"[""LF""]"
chennai_bus,K0535,"[""LF""]"
chennai_bus,K0534,"[""LF""]"
chennai_bus,K0533,"[""LF""]"
chennai_bus,K0530,"[""LF""]"
chennai_bus,K0531,"[""LF""]"
chennai_bus,K0532,"[""LF""]"
chennai_bus,K0699,"[""LF""]"
chennai_bus,K0697,"[""LF""]"
chennai_bus,K0698,"[""LF""]"
chennai_bus,K0536,"[""LF""]"
chennai_bus,K0700,"[""LF""]"
chennai_bus,K0702,"[""LF""]"
chennai_bus,K0701,"[""LF""]"
chennai_bus,K0703,"[""LF""]"
chennai_bus,K0537,"[""LF""]"
chennai_bus,K0540,"[""LF""]"
chennai_bus,K0541,"[""LF""]"
chennai_bus,K0707,"[""LF""]"
chennai_bus,K0709,"[""LF""]"
chennai_bus,K0705,"[""LF""]"
chennai_bus,K0710,"[""LF""]"
chennai_bus,K0708,"[""LF""]"
chennai_bus,K0706,"[""LF""]"
chennai_bus,K0704,"[""LF""]"
chennai_bus,K0542,"[""LF""]"
chennai_bus,K0539,"[""LF""]"
chennai_bus,K0538,"[""LF""]"
chennai_bus,K0544,"[""LF""]"
chennai_bus,K0711,"[""LF""]"
chennai_bus,K0713,"[""LF""]"
chennai_bus,K0712,"[""LF""]"
chennai_bus,K0546,"[""LF""]"
chennai_bus,K0545,"[""LF""]"
chennai_bus,K0547,"[""LF""]"
chennai_bus,K0543,"[""LF""]"
chennai_bus,K0549,"[""LF""]"
chennai_bus,K0548,"[""LF""]"
chennai_bus,K0552,"[""LF""]"
chennai_bus,K0550,"[""LF""]"
chennai_bus,K0551,"[""LF""]"
chennai_bus,K0553,"[""LF""]"
chennai_bus,K0714,"[""LF""]"
chennai_bus,K0715,"[""LF""]"
chennai_bus,K0716,"[""LF""]"
chennai_bus,K0717,"[""LF""]"
chennai_bus,K0718,"[""LF""]"
chennai_bus,K0719,"[""LF""]"
chennai_bus,K0720,"[""LF""]"
chennai_bus,K0554,"[""LF""]"
chennai_bus,K0725,"[""LF""]"
chennai_bus,K0721,"[""LF""]"
chennai_bus,K0722,"[""LF""]"
chennai_bus,K0724,"[""LF""]"
chennai_bus,K0723,"[""LF""]"
chennai_bus,K0555,"[""LF""]"
chennai_bus,K0556,"[""LF""]"
chennai_bus,K0557,"[""LF""]"
chennai_bus,K0595,"[""LF""]"
chennai_bus,K0599,"[""LF""]"
chennai_bus,K0596,"[""LF""]"
chennai_bus,K0597,"[""LF""]"
chennai_bus,K0593,"[""LF""]"
chennai_bus,K0594,"[""LF""]"
chennai_bus,K0598,"[""LF""]"
chennai_bus,K0600,"[""LF""]"
chennai_bus,K0559,"[""LF""]"
chennai_bus,K0560,"[""LF""]"
chennai_bus,K0558,"[""LF""]"
chennai_bus,K0602,"[""LF""]"
chennai_bus,K0603,"[""LF""]"
chennai_bus,K0604,"[""LF""]"
chennai_bus,K0601,"[""LF""]"
chennai_bus,K0605,"[""LF""]"
chennai_bus,K0606,"[""LF""]"
chennai_bus,K0607,"[""LF""]"
chennai_bus,K0608,"[""LF""]"
chennai_bus,K0609,"[""LF""]"
chennai_bus,K0619,"[""LF""]"
chennai_bus,K0618,"[""LF""]"
chennai_bus,K0617,"[""LF""]"
chennai_bus,K0616,"[""LF""]"
chennai_bus,K0615,"[""LF""]"
chennai_bus,K0614,"[""LF""]"
chennai_bus,K0613,"[""LF""]"
chennai_bus,K0612,"[""LF""]"
chennai_bus,K0620,"[""LF""]"
chennai_bus,K0611,"[""LF""]"
chennai_bus,K0610,"[""LF""]"
chennai_bus,K0563,"[""LF""]"
chennai_bus,K0568,"[""LF""]"
chennai_bus,K0567,"[""LF""]"
chennai_bus,K0569,"[""LF""]"
chennai_bus,K0562,"[""LF""]"
chennai_bus,K0564,"[""LF""]"
chennai_bus,K0565,"[""LF""]"
chennai_bus,K0561,"[""LF""]"
chennai_bus,K0566,"[""LF""]"
chennai_bus,K0621,"[""LF""]"
chennai_bus,K0622,"[""LF""]"
chennai_bus,K0623,"[""LF""]"
chennai_bus,K0624,"[""LF""]"
chennai_bus,K0625,"[""LF""]"
chennai_bus,K0572,"[""LF""]"
chennai_bus,K0573,"[""LF""]"
chennai_bus,K0574,"[""LF""]"
chennai_bus,K0570,"[""LF""]"
chennai_bus,K0571,"[""LF""]"
chennai_bus,K0577,"[""LF""]"
chennai_bus,K0575,"[""LF""]"
chennai_bus,K0576,"[""LF""]"
chennai_bus,K0729,"[""LF""]"
chennai_bus,K0727,"[""LF""]"
chennai_bus,K0730,"[""LF""]"
chennai_bus,K0731,"[""LF""]"
chennai_bus,K0728,"[""LF""]"
chennai_bus,K0627,"[""LF""]"
chennai_bus,K0628,"[""LF""]"
chennai_bus,K0629,"[""LF""]"
chennai_bus,K0626,"[""LF""]"
chennai_bus,K0726,"[""LF""]"
chennai_bus,K0585,"[""LF""]"
chennai_bus,K0586,"[""LF""]"
chennai_bus,K0583,"[""LF""]"
chennai_bus,K0584,"[""LF""]"
chennai_bus,K0582,"[""LF""]"
chennai_bus,K0581,"[""LF""]"
chennai_bus,K0580,"[""LF""]"
chennai_bus,K0579,"[""LF""]"
chennai_bus,K0578,"[""LF""]"
chennai_bus,K0589,"[""LF""]"
chennai_bus,K0588,"[""LF""]"
chennai_bus,K0587,"[""LF""]"
chennai_bus,K0591,"[""LF""]"
chennai_bus,K0590,"[""LF""]"
chennai_bus,K0592,"[""LF""]"
chennai_bus,K0737,"[""LF""]"
chennai_bus,K0738,"[""LF""]"
chennai_bus,K0735,"[""LF""]"
chennai_bus,K0732,"[""LF""]"
chennai_bus,K0734,"[""LF""]"
chennai_bus,K0733,"[""LF""]"
chennai_bus,K0739,"[""LF""]"
chennai_bus,K0742,"[""LF""]"
chennai_bus,K0741,"[""LF""]"
chennai_bus,K0740,"[""LF""]"
chennai_bus,K0736,"[""LF""]"
chennai_bus,K0743,"[""LF""]"
chennai_bus,K0744,"[""LF""]"
chennai_bus,K0342,"[""CNG""]"
chennai_bus,S0010,"[""AC""]"
chennai_bus,S0009,"[""AC""]"
chennai_bus,K0749,"[""LF""]"
chennai_bus,K0747,"[""LF""]"
chennai_bus,K0748,"[""LF""]"
chennai_bus,K0746,"[""LF""]"
chennai_bus,K0745,"[""LF""]"
chennai_bus,K0755,"[""LF""]"
chennai_bus,K0751,"[""LF""]"
chennai_bus,K0753,"[""LF""]"
chennai_bus,K0754,"[""LF""]"
chennai_bus,K0750,"[""LF""]"
chennai_bus,K0752,"[""LF""]"
chennai_bus,K0756,"[""LF""]"
chennai_bus,K0760,"[""LF""]"
chennai_bus,K0759,"[""LF""]"
chennai_bus,K0761,"[""LF""]"
chennai_bus,K0763,"[""LF""]"
chennai_bus,K0764,"[""LF""]"
chennai_bus,K0758,"[""LF""]"
chennai_bus,K0762,"[""LF""]"
chennai_bus,K0765,"[""LF""]"
chennai_bus,K0757,"[""LF""]"
chennai_bus,K0769,"[""LF""]"
chennai_bus,K0767,"[""LF""]"
chennai_bus,K0768,"[""LF""]"
chennai_bus,K0770,"[""LF""]"
chennai_bus,K0766,"[""LF""]"
chennai_bus,K0772,"[""LF""]"
chennai_bus,K0771,"[""LF""]"
chennai_bus,K0773,"[""LF""]"
chennai_bus,K0774,"[""LF""]"
chennai_bus,K0775,"[""LF""]"
chennai_bus,K0777,"[""LF""]"
chennai_bus,K0776,"[""LF""]"
chennai_bus,K0778,"[""LF""]"
chennai_bus,K0780,"[""LF""]"
chennai_bus,K0779,"[""LF""]"
chennai_bus,K0781,"[""LF""]"
chennai_bus,K0782,"[""LF""]"
chennai_bus,K0794,"[""LF""]"
chennai_bus,K0793,"[""LF""]"
chennai_bus,K0792,"[""LF""]"
chennai_bus,K0791,"[""LF""]"
chennai_bus,K0790,"[""LF""]"
chennai_bus,K0789,"[""LF""]"
chennai_bus,K0788,"[""LF""]"
chennai_bus,K0787,"[""LF""]"
chennai_bus,K0786,"[""LF""]"
chennai_bus,K0785,"[""LF""]"
chennai_bus,K0784,"[""LF""]"
chennai_bus,K0783,"[""LF""]"
chennai_bus,K0797,"[""LF""]"
chennai_bus,K0798,"[""LF""]"
chennai_bus,K0799,"[""LF""]"
chennai_bus,K0801,"[""LF""]"
chennai_bus,K0800,"[""LF""]"
chennai_bus,K0796,"[""LF""]"
chennai_bus,K0795,"[""LF""]"
chennai_bus,K0802,"[""LF""]"
chennai_bus,K0803,"[""LF""]"
chennai_bus,K0804,"[""LF""]"
chennai_bus,K0805,"[""LF""]"
chennai_bus,K0806,"[""LF""]"
chennai_bus,K0807,"[""LF""]"
chennai_bus,K0808,"[""LF""]"
chennai_bus,K0809,"[""LF""]"
chennai_bus,K0810,"[""LF""]"
chennai_bus,K5001,"[""LF"",""EV""]"
chennai_bus,K5002,"[""LF"",""EV""]"
chennai_bus,K5003,"[""LF"",""EV""]"
chennai_bus,K5004,"[""LF"",""EV""]"
chennai_bus,K5005,"[""LF"",""EV""]"
chennai_bus,K5006,"[""LF"",""EV""]"
chennai_bus,K5007,"[""LF"",""EV""]"
chennai_bus,K5008,"[""LF"",""EV""]"
chennai_bus,K5009,"[""LF"",""EV""]"
chennai_bus,K5010,"[""LF"",""EV""]"
chennai_bus,K5011,"[""LF"",""EV""]"
chennai_bus,K5012,"[""LF"",""EV""]"
chennai_bus,K5013,"[""LF"",""EV""]"
chennai_bus,K5014,"[""LF"",""EV""]"
chennai_bus,K5015,"[""LF"",""EV""]"
chennai_bus,K5016,"[""LF"",""EV""]"
chennai_bus,K5017,"[""LF"",""EV""]"
chennai_bus,K5018,"[""LF"",""EV""]"
chennai_bus,K5019,"[""LF"",""EV""]"
chennai_bus,K5020,"[""LF"",""EV""]"
chennai_bus,K5021,"[""LF"",""EV""]"
chennai_bus,K5022,"[""LF"",""EV""]"
chennai_bus,K5023,"[""LF"",""EV""]"
chennai_bus,K5024,"[""LF"",""EV""]"
chennai_bus,K5025,"[""LF"",""EV""]"
chennai_bus,K5026,"[""LF"",""EV""]"
chennai_bus,K5027,"[""LF"",""EV""]"
chennai_bus,K5028,"[""LF"",""EV""]"
chennai_bus,K5029,"[""LF"",""EV""]"
chennai_bus,K5030,"[""LF"",""EV""]"
chennai_bus,K5031,"[""LF"",""EV""]"
chennai_bus,K5032,"[""LF"",""EV""]"
chennai_bus,K5033,"[""LF"",""EV""]"
chennai_bus,K5034,"[""LF"",""EV""]"
chennai_bus,K5035,"[""LF"",""EV""]"
chennai_bus,K5036,"[""LF"",""EV""]"
chennai_bus,K5037,"[""LF"",""EV""]"
chennai_bus,K5038,"[""LF"",""EV""]"
chennai_bus,K5039,"[""LF"",""EV""]"
chennai_bus,K5040,"[""LF"",""EV""]"
chennai_bus,K5041,"[""LF"",""EV""]"
chennai_bus,K5042,"[""LF"",""EV""]"
chennai_bus,K5043,"[""LF"",""EV""]"
chennai_bus,K5044,"[""LF"",""EV""]"
chennai_bus,K5045,"[""LF"",""EV""]"
chennai_bus,K5046,"[""LF"",""EV""]"
chennai_bus,K5047,"[""LF"",""EV""]"
chennai_bus,K5048,"[""LF"",""EV""]"
chennai_bus,K5049,"[""LF"",""EV""]"
chennai_bus,K5050,"[""LF"",""EV""]"
chennai_bus,K5051,"[""LF"",""EV""]"
chennai_bus,K5052,"[""LF"",""EV""]"
chennai_bus,K5053,"[""LF"",""EV""]"
chennai_bus,K5054,"[""LF"",""EV""]"
chennai_bus,K5055,"[""LF"",""EV""]"
chennai_bus,K5056,"[""LF"",""EV""]"
chennai_bus,K5057,"[""LF"",""EV""]"
chennai_bus,K5058,"[""LF"",""EV""]"
chennai_bus,K5059,"[""LF"",""EV""]"
chennai_bus,K5060,"[""LF"",""EV""]"
chennai_bus,K5061,"[""LF"",""EV""]"
chennai_bus,K5062,"[""LF"",""EV""]"
chennai_bus,K5063,"[""LF"",""EV""]"
chennai_bus,K5064,"[""LF"",""EV""]"
chennai_bus,K5065,"[""LF"",""EV""]"
chennai_bus,K5066,"[""LF"",""EV""]"
chennai_bus,K5067,"[""LF"",""EV""]"
chennai_bus,K5068,"[""LF"",""EV""]"
chennai_bus,K5069,"[""LF"",""EV""]"
chennai_bus,K5070,"[""LF"",""EV""]"
chennai_bus,K5071,"[""LF"",""EV""]"
chennai_bus,K5072,"[""LF"",""EV""]"
chennai_bus,K5073,"[""LF"",""EV""]"
chennai_bus,K5074,"[""LF"",""EV""]"
chennai_bus,K5075,"[""LF"",""EV""]"
chennai_bus,K5076,"[""LF"",""EV""]"
chennai_bus,K5077,"[""LF"",""EV""]"
chennai_bus,K5078,"[""LF"",""EV""]"
chennai_bus,K5079,"[""LF"",""EV""]"
chennai_bus,K5080,"[""LF"",""EV""]"
chennai_bus,K5081,"[""LF"",""EV""]"
chennai_bus,K5082,"[""LF"",""EV""]"
chennai_bus,K5083,"[""LF"",""EV""]"
chennai_bus,K5084,"[""LF"",""EV""]"
chennai_bus,K5085,"[""LF"",""EV""]"
chennai_bus,K5086,"[""LF"",""EV""]"
chennai_bus,K5087,"[""LF"",""EV""]"
chennai_bus,K5088,"[""LF"",""EV""]"
chennai_bus,K5089,"[""LF"",""EV""]"
chennai_bus,K5090,"[""LF"",""EV""]"
chennai_bus,K5091,"[""LF"",""EV""]"
chennai_bus,K5092,"[""LF"",""EV""]"
chennai_bus,K5093,"[""LF"",""EV""]"
chennai_bus,K5094,"[""LF"",""EV""]"
chennai_bus,K5095,"[""LF"",""EV""]"
chennai_bus,K5096,"[""LF"",""EV""]"
chennai_bus,K5097,"[""LF"",""EV""]"
chennai_bus,K5098,"[""LF"",""EV""]"
chennai_bus,K5099,"[""LF"",""EV""]"
chennai_bus,K5100,"[""LF"",""EV""]"
chennai_bus,K5101,"[""LF"",""EV""]"
chennai_bus,K5102,"[""LF"",""EV""]"
chennai_bus,K5103,"[""LF"",""EV""]"
chennai_bus,K5104,"[""LF"",""EV""]"
chennai_bus,K5105,"[""LF"",""EV""]"
chennai_bus,K5106,"[""LF"",""EV""]"
chennai_bus,K5107,"[""LF"",""EV""]"
chennai_bus,K5108,"[""LF"",""EV""]"
chennai_bus,K5109,"[""LF"",""EV""]"
chennai_bus,K5110,"[""LF"",""EV""]"
chennai_bus,K5111,"[""LF"",""EV""]"
chennai_bus,K5112,"[""LF"",""EV""]"
chennai_bus,K5113,"[""LF"",""EV""]"
chennai_bus,K5114,"[""LF"",""EV""]"
chennai_bus,K5115,"[""LF"",""EV""]"
chennai_bus,K5116,"[""LF"",""EV""]"
chennai_bus,K5117,"[""LF"",""EV""]"
chennai_bus,K5118,"[""LF"",""EV""]"
chennai_bus,K5119,"[""LF"",""EV""]"
chennai_bus,K5120,"[""LF"",""EV""]"
chennai_bus,K0812,"[""LF""]"
chennai_bus,K0811,"[""LF""]"
chennai_bus,K0813,"[""LF""]"
chennai_bus,K0814,"[""LF""]"
chennai_bus,K0856,"[""ORDB""]"
chennai_bus,K0857,"[""ORDB""]"
chennai_bus,K0886,"[""ORDB""]"
chennai_bus,K0887,"[""ORDB""]"
chennai_bus,K0910,"[""ORDB""]"
chennai_bus,K0885,"[""ORDB""]"
chennai_bus,K0884,"[""ORDB""]"
chennai_bus,K0883,"[""ORDB""]"
chennai_bus,K0876,"[""ORDB""]"
chennai_bus,K0874,"[""ORDB""]"
chennai_bus,K0875,"[""ORDB""]"
chennai_bus,K0877,"[""ORDB""]"
chennai_bus,K0873,"[""ORDB""]"
chennai_bus,K0909,"[""ORDB""]"
chennai_bus,K0908,"[""ORDB""]"
chennai_bus,K0907,"[""ORDB""]"
chennai_bus,K0906,"[""ORDB""]"
chennai_bus,K0905,"[""ORDB""]"
chennai_bus,K0894,"[""ORDB""]"
chennai_bus,K0866,"[""ORDB""]"
chennai_bus,K0918,"[""ORDB""]"
chennai_bus,K0914,"[""ORDB""]"
chennai_bus,K0912,"[""ORDB""]"
chennai_bus,K0911,"[""ORDB""]"
chennai_bus,K0855,"[""ORDB""]"
chennai_bus,K0889,"[""ORDB""]"
chennai_bus,K0919,"[""ORDB""]"
chennai_bus,K0917,"[""ORDB""]"
chennai_bus,K0916,"[""ORDB""]"
chennai_bus,K0915,"[""ORDB""]"
chennai_bus,K0858,"[""ORDB""]"
chennai_bus,K0859,"[""ORDB""]"
chennai_bus,K0860,"[""ORDB""]"
chennai_bus,K0861,"[""ORDB""]"
chennai_bus,K0862,"[""ORDB""]"
chennai_bus,K0863,"[""ORDB""]"
chennai_bus,K0864,"[""ORDB""]"
chennai_bus,K0865,"[""ORDB""]"
chennai_bus,K0891,"[""ORDB""]"
chennai_bus,K0888,"[""ORDB""]"
chennai_bus,K0872,"[""ORDB""]"
chennai_bus,K0871,"[""ORDB""]"
chennai_bus,K0870,"[""ORDB""]"
chennai_bus,K0867,"[""ORDB""]"
chennai_bus,K0869,"[""ORDB""]"
chennai_bus,K0868,"[""ORDB""]"
chennai_bus,K0893,"[""ORDB""]"
chennai_bus,K0892,"[""ORDB""]"
chennai_bus,K0924,"[""ORDB""]"
chennai_bus,K0926,"[""ORDB""]"
chennai_bus,K0925,"[""ORDB""]"
chennai_bus,K0923,"[""ORDB""]"
chennai_bus,K0922,"[""ORDB""]"
chennai_bus,K0921,"[""ORDB""]"
chennai_bus,K0920,"[""ORDB""]"
chennai_bus,K0879,"[""ORDB""]"
chennai_bus,K0880,"[""ORDB""]"
chennai_bus,K0878,"[""ORDB""]"
chennai_bus,K0881,"[""ORDB""]"
chennai_bus,K0882,"[""ORDB""]"
chennai_bus,K0927,"[""ORDB""]"
chennai_bus,K0913,"[""ORDB""]"
chennai_bus,K0904,"[""ORDB""]"
chennai_bus,K0903,"[""ORDB""]"
chennai_bus,K0902,"[""ORDB""]"
chennai_bus,K0901,"[""ORDB""]"
chennai_bus,K0898,"[""ORDB""]"
chennai_bus,K0897,"[""ORDB""]"
chennai_bus,K0895,"[""ORDB""]"
chennai_bus,K0900,"[""ORDB""]"
chennai_bus,K0890,"[""ORDB""]"
chennai_bus,K0899,"[""ORDB""]"
chennai_bus,K0896,"[""ORDB""]"
chennai_bus,K0854,"[""ORDB""]"
chennai_bus,K0950,"[""ORDB""]"
chennai_bus,K0951,"[""ORDB""]"
chennai_bus,K0952,"[""ORDB""]"
chennai_bus,K0953,"[""ORDB""]"
chennai_bus,K0954,"[""ORDB""]"
chennai_bus,K0956,"[""ORDB""]"
chennai_bus,K0957,"[""ORDB""]"
chennai_bus,K0955,"[""ORDB""]"
chennai_bus,K0958,"[""ORDB""]"
chennai_bus,K0959,"[""ORDB""]"
chennai_bus,K0960,"[""ORDB""]"
chennai_bus,K0961,"[""ORDB""]"
chennai_bus,K0962,"[""ORDB""]"
chennai_bus,K0963,"[""ORDB""]"
chennai_bus,K0964,"[""ORDB""]"
chennai_bus,K0965,"[""ORDB""]"
chennai_bus,K0966,"[""ORDB""]"
chennai_bus,K0968,"[""ORDB""]"
chennai_bus,K0967,"[""ORDB""]"
chennai_bus,K0969,"[""ORDB""]"
chennai_bus,K0970,"[""ORDB""]"
chennai_bus,K0974,"[""ORDB""]"
chennai_bus,K0975,"[""ORDB""]"
chennai_bus,K0976,"[""ORDB""]"
chennai_bus,K0977,"[""ORDB""]"
chennai_bus,K0978,"[""ORDB""]"
chennai_bus,K0979,"[""ORDB""]"
chennai_bus,K0980,"[""ORDB""]"
chennai_bus,K0981,"[""ORDB""]"
chennai_bus,K0982,"[""ORDB""]"
chennai_bus,K0983,"[""ORDB""]"
chennai_bus,K0984,"[""ORDB""]"
chennai_bus,K0985,"[""ORDB""]"
chennai_bus,K0986,"[""ORDB""]"
chennai_bus,K0987,"[""ORDB""]"
chennai_bus,K0988,"[""ORDB""]"
chennai_bus,K0989,"[""ORDB""]"
chennai_bus,K0990,"[""ORDB""]"
chennai_bus,K0991,"[""ORDB""]"
chennai_bus,K0992,"[""ORDB""]"
chennai_bus,K0993,"[""ORDB""]"
chennai_bus,K0994,"[""ORDB""]"
chennai_bus,K0995,"[""ORDB""]"
chennai_bus,K0996,"[""ORDB""]"
chennai_bus,K1004,"[""ORDB""]"
chennai_bus,K1005,"[""ORDB""]"
chennai_bus,K1006,"[""ORDB""]"
chennai_bus,K1007,"[""ORDB""]"
chennai_bus,K1008,"[""ORDB""]"
chennai_bus,K1009,"[""ORDB""]"
chennai_bus,K1010,"[""ORDB""]"
chennai_bus,K1011,"[""ORDB""]"
chennai_bus,K0928,"[""ORDB""]"
chennai_bus,K0929,"[""ORDB""]"
chennai_bus,K0930,"[""ORDB""]"
chennai_bus,K0931,"[""ORDB""]"
chennai_bus,K0932,"[""ORDB""]"
chennai_bus,K0933,"[""ORDB""]"
chennai_bus,K0934,"[""ORDB""]"
chennai_bus,K0935,"[""ORDB""]"
chennai_bus,K0936,"[""ORDB""]"
chennai_bus,K0938,"[""ORDB""]"
chennai_bus,K0939,"[""ORDB""]"
chennai_bus,K0940,"[""ORDB""]"
chennai_bus,K0941,"[""ORDB""]"
chennai_bus,K0942,"[""ORDB""]"
chennai_bus,K0943,"[""ORDB""]"
chennai_bus,K0944,"[""ORDB""]"
chennai_bus,K0948,"[""ORDB""]"
chennai_bus,K1013,"[""ORDB""]"
chennai_bus,K1014,"[""ORDB""]"
chennai_bus,K0971,"[""ORDB""]"
chennai_bus,K0972,"[""ORDB""]"
chennai_bus,K0973,"[""ORDB""]"
chennai_bus,K0937,"[""ORDB""]"
chennai_bus,K1015,"[""ORDB""]"
chennai_bus,K0949,"[""ORDB""]"
chennai_bus,K0997,"[""ORDB""]"
chennai_bus,K0998,"[""ORDB""]"
chennai_bus,K0999,"[""ORDB""]"
chennai_bus,K1000,"[""ORDB""]"
chennai_bus,K1001,"[""ORDB""]"
chennai_bus,K1002,"[""ORDB""]"
chennai_bus,K1003,"[""ORDB""]"
chennai_bus,K1012,"[""ORDB""]"
chennai_bus,K0945,"[""ORDB""]"
chennai_bus,K0946,"[""ORDB""]"
chennai_bus,K0947,"[""ORDB""]"
chennai_bus,K0815,"[""LF""]"
chennai_bus,K0816,"[""LF""]"
chennai_bus,K0817,"[""LF""]"
chennai_bus,K5121,"[""LF"",""EV""]"
chennai_bus,K5122,"[""LF"",""EV""]"
chennai_bus,K5123,"[""LF"",""EV""]"
chennai_bus,K5124,"[""LF"",""EV""]"
chennai_bus,K5125,"[""LF"",""EV""]"
chennai_bus,K5126,"[""LF"",""EV""]"
chennai_bus,K0818,"[""LF""]"
chennai_bus,K0820,"[""LF""]"
chennai_bus,K0819,"[""LF""]"
chennai_bus,K0821,"[""LF""]"
chennai_bus,K1027,"[""ORDB""]"
chennai_bus,K1028,"[""ORDB""]"
chennai_bus,K1073,"[""ORDB""]"
chennai_bus,K1032,"[""ORDB""]"
chennai_bus,K1062,"[""ORDB""]"
chennai_bus,K1058,"[""ORDB""]"
chennai_bus,K1056,"[""ORDB""]"
chennai_bus,K1035,"[""ORDB""]"
chennai_bus,K1036,"[""ORDB""]"
chennai_bus,K1038,"[""ORDB""]"
chennai_bus,K1066,"[""ORDB""]"
chennai_bus,K1067,"[""ORDB""]"
chennai_bus,K1037,"[""ORDB""]"
chennai_bus,K1030,"[""ORDB""]"
chennai_bus,K1031,"[""ORDB""]"
chennai_bus,K1082,"[""ORDB""]"
chennai_bus,K1083,"[""ORDB""]"
chennai_bus,K1081,"[""ORDB""]"
chennai_bus,K1055,"[""ORDB""]"
chennai_bus,K1103,"[""ORDB""]"
chennai_bus,K1104,"[""ORDB""]"
chennai_bus,K1102,"[""ORDB""]"
chennai_bus,K1100,"[""ORDB""]"
chennai_bus,K1065,"[""ORDB""]"
chennai_bus,K1064,"[""ORDB""]"
chennai_bus,K1063,"[""ORDB""]"
chennai_bus,K1078,"[""ORDB""]"
chennai_bus,K1077,"[""ORDB""]"
chennai_bus,K1076,"[""ORDB""]"
chennai_bus,K1075,"[""ORDB""]"
chennai_bus,K1074,"[""ORDB""]"
chennai_bus,K1054,"[""ORDB""]"
chennai_bus,K1034,"[""ORDB""]"
chennai_bus,K1080,"[""ORDB""]"
chennai_bus,K1101,"[""ORDB""]"
chennai_bus,K1099,"[""ORDB""]"
chennai_bus,K1098,"[""ORDB""]"
chennai_bus,K1096,"[""ORDB""]"
chennai_bus,K1097,"[""ORDB""]"
chennai_bus,K1095,"[""ORDB""]"
chennai_bus,K1093,"[""ORDB""]"
chennai_bus,K1094,"[""ORDB""]"
chennai_bus,K1089,"[""ORDB""]"
chennai_bus,K1092,"[""ORDB""]"
chennai_bus,K1091,"[""ORDB""]"
chennai_bus,K1090,"[""ORDB""]"
chennai_bus,K1033,"[""ORDB""]"
chennai_bus,K1039,"[""ORDB""]"
chennai_bus,K1040,"[""ORDB""]"
chennai_bus,K1041,"[""ORDB""]"
chennai_bus,K1044,"[""ORDB""]"
chennai_bus,K1045,"[""ORDB""]"
chennai_bus,K1088,"[""ORDB""]"
chennai_bus,K1016,"[""ORDB""]"
chennai_bus,K1018,"[""ORDB""]"
chennai_bus,K1019,"[""ORDB""]"
chennai_bus,K1020,"[""ORDB""]"
chennai_bus,K1017,"[""ORDB""]"
chennai_bus,K1021,"[""ORDB""]"
chennai_bus,K1022,"[""ORDB""]"
chennai_bus,K1023,"[""ORDB""]"
chennai_bus,K1024,"[""ORDB""]"
chennai_bus,K1025,"[""ORDB""]"
chennai_bus,K1047,"[""ORDB""]"
chennai_bus,K1050,"[""ORDB""]"
chennai_bus,K1051,"[""ORDB""]"
chennai_bus,K1052,"[""ORDB""]"
chennai_bus,K1053,"[""ORDB""]"
chennai_bus,K1060,"[""ORDB""]"
chennai_bus,K1061,"[""ORDB""]"
chennai_bus,K1068,"[""ORDB""]"
chennai_bus,K1069,"[""ORDB""]"
chennai_bus,K1070,"[""ORDB""]"
chennai_bus,K1072,"[""ORDB""]"
chennai_bus,K1105,"[""ORDB""]"
chennai_bus,K1106,"[""ORDB""]"
chennai_bus,K1110,"[""ORDB""]"
chennai_bus,K1043,"[""ORDB""]"
chennai_bus,K1049,"[""ORDB""]"
chennai_bus,K1046,"[""ORDB""]"
chennai_bus,K1048,"[""ORDB""]"
chennai_bus,K1042,"[""ORDB""]"
chennai_bus,K1071,"[""ORDB""]"
chennai_bus,K1084,"[""ORDB""]"
chennai_bus,K1087,"[""ORDB""]"
chennai_bus,K1086,"[""ORDB""]"
chennai_bus,K1059,"[""ORDB""]"
chennai_bus,K1029,"[""ORDB""]"
chennai_bus,K1079,"[""ORDB""]"
chennai_bus,K1026,"[""ORDB""]"
chennai_bus,K1107,"[""ORDB""]"
chennai_bus,K1108,"[""ORDB""]"
chennai_bus,K1109,"[""ORDB""]"
chennai_bus,K1111,"[""ORDB""]"
chennai_bus,K1112,"[""ORDB""]"
chennai_bus,K1113,"[""ORDB""]"
chennai_bus,K1114,"[""ORDB""]"
chennai_bus,K1115,"[""ORDB""]"
chennai_bus,K1116,"[""ORDB""]"
chennai_bus,K1117,"[""ORDB""]"
chennai_bus,K1118,"[""ORDB""]"
chennai_bus,K1119,"[""ORDB""]"
chennai_bus,K1120,"[""ORDB""]"
chennai_bus,K1121,"[""ORDB""]"
chennai_bus,K1122,"[""ORDB""]"
chennai_bus,K1123,"[""ORDB""]"
chennai_bus,K1085,"[""ORDB""]"
chennai_bus,K1057,"[""ORDB""]"
chennai_bus,K0824,"[""LF""]"
chennai_bus,K0823,"[""LF""]"
chennai_bus,K0825,"[""LF""]"
chennai_bus,K0822,"[""LF""]"
chennai_bus,K5401,"[""AC"",""EV""]"
chennai_bus,K5402,"[""AC"",""EV""]"
chennai_bus,K5403,"[""AC"",""EV""]"
chennai_bus,K5404,"[""AC"",""EV""]"
chennai_bus,K5405,"[""AC"",""EV""]"
chennai_bus,K5406,"[""AC"",""EV""]"
chennai_bus,K5407,"[""AC"",""EV""]"
chennai_bus,K5408,"[""AC"",""EV""]"
chennai_bus,K5409,"[""AC"",""EV""]"
chennai_bus,K5410,"[""AC"",""EV""]"
chennai_bus,K5411,"[""AC"",""EV""]"
chennai_bus,K5412,"[""AC"",""EV""]"
chennai_bus,K5413,"[""AC"",""EV""]"
chennai_bus,K5414,"[""AC"",""EV""]"
chennai_bus,K5415,"[""AC"",""EV""]"
chennai_bus,K5416,"[""AC"",""EV""]"
chennai_bus,K5417,"[""AC"",""EV""]"
chennai_bus,K5418,"[""AC"",""EV""]"
chennai_bus,K5419,"[""AC"",""EV""]"
chennai_bus,K5420,"[""AC"",""EV""]"
chennai_bus,K5421,"[""AC"",""EV""]"
chennai_bus,K5422,"[""AC"",""EV""]"
chennai_bus,K5423,"[""AC"",""EV""]"
chennai_bus,K5424,"[""AC"",""EV""]"
chennai_bus,K5425,"[""AC"",""EV""]"
chennai_bus,K5426,"[""AC"",""EV""]"
chennai_bus,K5427,"[""AC"",""EV""]"
chennai_bus,K5428,"[""AC"",""EV""]"
chennai_bus,K5429,"[""AC"",""EV""]"
chennai_bus,K5430,"[""AC"",""EV""]"
chennai_bus,K5431,"[""AC"",""EV""]"
chennai_bus,K5432,"[""AC"",""EV""]"
chennai_bus,K5433,"[""AC"",""EV""]"
chennai_bus,K5434,"[""AC"",""EV""]"
chennai_bus,K5435,"[""AC"",""EV""]"
chennai_bus,K5436,"[""AC"",""EV""]"
chennai_bus,K5437,"[""AC"",""EV""]"
chennai_bus,K5438,"[""AC"",""EV""]"
chennai_bus,K5439,"[""AC"",""EV""]"
chennai_bus,K5440,"[""AC"",""EV""]"
chennai_bus,K5441,"[""AC"",""EV""]"
chennai_bus,K5442,"[""AC"",""EV""]"
chennai_bus,K5443,"[""AC"",""EV""]"
chennai_bus,K5444,"[""AC"",""EV""]"
chennai_bus,K5445,"[""AC"",""EV""]"
chennai_bus,K5446,"[""AC"",""EV""]"
chennai_bus,K5447,"[""AC"",""EV""]"
chennai_bus,K5448,"[""AC"",""EV""]"
chennai_bus,K5449,"[""AC"",""EV""]"
chennai_bus,K5450,"[""AC"",""EV""]"
chennai_bus,K5451,"[""AC"",""EV""]"
chennai_bus,K5452,"[""AC"",""EV""]"
chennai_bus,K5453,"[""AC"",""EV""]"
chennai_bus,K5454,"[""AC"",""EV""]"
chennai_bus,K5455,"[""AC"",""EV""]"
chennai_bus,K5456,"[""AC"",""EV""]"
chennai_bus,K5457,"[""AC"",""EV""]"
chennai_bus,K0826,"[""LF""]"
chennai_bus,K0827,"[""LF""]"
chennai_bus,K0829,"[""LF""]"
chennai_bus,K0831,"[""LF""]"
chennai_bus,K0828,"[""LF""]"
chennai_bus,K0830,"[""LF""]"
chennai_bus,K0834,"[""LF""]"
chennai_bus,K0833,"[""LF""]"
chennai_bus,K0832,"[""LF""]"
chennai_bus,K0838,"[""LF""]"
chennai_bus,K0836,"[""LF""]"
chennai_bus,K0835,"[""LF""]"
chennai_bus,K0839,"[""LF""]"
chennai_bus,K0837,"[""LF""]"
chennai_bus,K5127,"[""LF"",""EV""]"
chennai_bus,K5128,"[""LF"",""EV""]"
chennai_bus,K5129,"[""LF"",""EV""]"
chennai_bus,K5130,"[""LF"",""EV""]"
chennai_bus,K5131,"[""LF"",""EV""]"
chennai_bus,K5132,"[""LF"",""EV""]"
chennai_bus,K5133,"[""LF"",""EV""]"
chennai_bus,K5134,"[""LF"",""EV""]"
chennai_bus,K5135,"[""LF"",""EV""]"
chennai_bus,K5136,"[""LF"",""EV""]"
chennai_bus,K5137,"[""LF"",""EV""]"
chennai_bus,K5138,"[""LF"",""EV""]"
chennai_bus,K5139,"[""LF"",""EV""]"
chennai_bus,K5140,"[""LF"",""EV""]"
chennai_bus,K0852,"[""LF""]"
chennai_bus,K0853,"[""LF""]"
chennai_bus,K0845,"[""LF""]"
chennai_bus,K0843,"[""LF""]"
chennai_bus,K0841,"[""LF""]"
chennai_bus,K0847,"[""LF""]"
chennai_bus,K0842,"[""LF""]"
chennai_bus,K0840,"[""LF""]"
chennai_bus,K0846,"[""LF""]"
chennai_bus,K0851,"[""LF""]"
chennai_bus,K0850,"[""LF""]"
chennai_bus,K0848,"[""LF""]"
chennai_bus,K0849,"[""LF""]"
chennai_bus,K0844,"[""LF""]"
chennai_bus,K5141,"[""LF"",""EV""]"
chennai_bus,K5142,"[""LF"",""EV""]"
chennai_bus,K5143,"[""LF"",""EV""]"
chennai_bus,K5144,"[""LF"",""EV""]"
chennai_bus,K5145,"[""LF"",""EV""]"
chennai_bus,K5146,"[""LF"",""EV""]"
chennai_bus,K5147,"[""LF"",""EV""]"
chennai_bus,K5148,"[""LF"",""EV""]"
chennai_bus,K5149,"[""LF"",""EV""]"
chennai_bus,K5150,"[""LF"",""EV""]"
chennai_bus,K5151,"[""LF"",""EV""]"
chennai_bus,K5152,"[""LF"",""EV""]"
chennai_bus,K5153,"[""LF"",""EV""]"
chennai_bus,K5154,"[""LF"",""EV""]"
chennai_bus,K5155,"[""LF"",""EV""]"
chennai_bus,K5156,"[""LF"",""EV""]"
chennai_bus,K5157,"[""LF"",""EV""]"
chennai_bus,K5158,"[""LF"",""EV""]"
chennai_bus,K5159,"[""LF"",""EV""]"
chennai_bus,K5160,"[""LF"",""EV""]"
chennai_bus,K5161,"[""LF"",""EV""]"
chennai_bus,K5162,"[""LF"",""EV""]"
chennai_bus,K5163,"[""LF"",""EV""]"
chennai_bus,K5164,"[""LF"",""EV""]"
chennai_bus,K5165,"[""LF"",""EV""]"
chennai_bus,K5166,"[""LF"",""EV""]"
chennai_bus,K5167,"[""LF"",""EV""]"
chennai_bus,K5168,"[""LF"",""EV""]"
chennai_bus,K5169,"[""LF"",""EV""]"
chennai_bus,K5170,"[""LF"",""EV""]"
chennai_bus,K5171,"[""LF"",""EV""]"
chennai_bus,K5172,"[""LF"",""EV""]"
chennai_bus,K5173,"[""LF"",""EV""]"
chennai_bus,K5174,"[""LF"",""EV""]"
chennai_bus,K5175,"[""LF"",""EV""]"
chennai_bus,K5176,"[""LF"",""EV""]"
chennai_bus,K5177,"[""LF"",""EV""]"
chennai_bus,K5178,"[""LF"",""EV""]"
chennai_bus,K5179,"[""LF"",""EV""]"
chennai_bus,K5180,"[""LF"",""EV""]"
chennai_bus,K5181,"[""LF"",""EV""]"
chennai_bus,K5182,"[""LF"",""EV""]"
chennai_bus,K5183,"[""LF"",""EV""]"
chennai_bus,K5184,"[""LF"",""EV""]"
chennai_bus,K5185,"[""LF"",""EV""]"
chennai_bus,K5186,"[""LF"",""EV""]"
chennai_bus,K5187,"[""LF"",""EV""]"
chennai_bus,K5188,"[""LF"",""EV""]"
chennai_bus,K5189,"[""LF"",""EV""]"
chennai_bus,K5190,"[""LF"",""EV""]"
chennai_bus,K0508,"[""LF""]"
chennai_bus,K5191,"[""LF"",""EV""]"
chennai_bus,K5192,"[""LF"",""EV""]"
chennai_bus,K5193,"[""LF"",""EV""]"
chennai_bus,K5194,"[""LF"",""EV""]"
chennai_bus,K5195,"[""LF"",""EV""]"
chennai_bus,K5196,"[""LF"",""EV""]"
chennai_bus,K5197,"[""LF"",""EV""]"
chennai_bus,K5198,"[""LF"",""EV""]"
chennai_bus,K5199,"[""LF"",""EV""]"
chennai_bus,K5200,"[""LF"",""EV""]"
chennai_bus,K5201,"[""LF"",""EV""]"
chennai_bus,K5202,"[""LF"",""EV""]"
chennai_bus,K5203,"[""LF"",""EV""]"
chennai_bus,K5204,"[""LF"",""EV""]"
chennai_bus,K5205,"[""LF"",""EV""]"
chennai_bus,K5206,"[""LF"",""EV""]"
chennai_bus,K5207,"[""LF"",""EV""]"
chennai_bus,K5208,"[""LF"",""EV""]"
chennai_bus,K5209,"[""LF"",""EV""]"
chennai_bus,K5210,"[""LF"",""EV""]"
chennai_bus,K1124,"[""LF""]"
chennai_bus,K1125,"[""LF""]"
chennai_bus,K1126,"[""LF""]"
chennai_bus,K1127,"[""LF""]"
chennai_bus,K1128,"[""LF""]"
chennai_bus,K1129,"[""LF""]"
chennai_bus,K1130,"[""LF""]"
chennai_bus,K1131,"[""LF""]"
chennai_bus,K1139,"[""LF""]"
chennai_bus,K1140,"[""LF""]"
chennai_bus,K1132,"[""LF""]"
chennai_bus,K1133,"[""LF""]"
chennai_bus,K1134,"[""LF""]"
chennai_bus,K1137,"[""LF""]"
chennai_bus,K1138,"[""LF""]"
chennai_bus,K1136,"[""LF""]"
chennai_bus,K1135,"[""LF""]"
chennai_bus,K1151,"[""LF""]"
chennai_bus,K1141,"[""LF""]"
chennai_bus,K1152,"[""LF""]"
chennai_bus,K1150,"[""LF""]"
chennai_bus,K1146,"[""LF""]"
chennai_bus,K1147,"[""LF""]"
chennai_bus,K1148,"[""LF""]"
chennai_bus,K1149,"[""LF""]"
chennai_bus,K1145,"[""LF""]"
chennai_bus,K1144,"[""LF""]"
chennai_bus,K1143,"[""LF""]"
chennai_bus,K1142,"[""LF""]"
chennai_bus,K1160,"[""LF""]"
chennai_bus,K1158,"[""LF""]"
chennai_bus,K1156,"[""LF""]"
chennai_bus,K1157,"[""LF""]"
chennai_bus,K1161,"[""LF""]"
chennai_bus,K1163,"[""LF""]"
chennai_bus,K1162,"[""LF""]"
chennai_bus,K1155,"[""LF""]"
chennai_bus,K1154,"[""LF""]"
chennai_bus,K1153,"[""LF""]"
chennai_bus,K1159,"[""LF""]"
chennai_bus,K1172,"[""LF""]"
chennai_bus,K1173,"[""LF""]"
chennai_bus,K1174,"[""LF""]"
chennai_bus,K1175,"[""LF""]"
chennai_bus,K1176,"[""LF""]"
chennai_bus,K1164,"[""LF""]"
chennai_bus,K1171,"[""LF""]"
chennai_bus,K1169,"[""LF""]"
chennai_bus,K1166,"[""LF""]"
chennai_bus,K1165,"[""LF""]"
chennai_bus,K1168,"[""LF""]"
chennai_bus,K1170,"[""LF""]"
chennai_bus,K1167,"[""LF""]"
chennai_bus,K1204,"[""ORDB""]"
chennai_bus,K1205,"[""ORDB""]"
chennai_bus,K1206,"[""ORDB""]"
chennai_bus,K1207,"[""ORDB""]"
chennai_bus,K1208,"[""ORDB""]"
chennai_bus,K1209,"[""ORDB""]"
chennai_bus,K1210,"[""ORDB""]"
chennai_bus,K1211,"[""ORDB""]"
chennai_bus,K1212,"[""ORDB""]"
chennai_bus,K1213,"[""ORDB""]"
chennai_bus,K1214,"[""ORDB""]"
chennai_bus,K1215,"[""ORDB""]"
chennai_bus,K1216,"[""ORDB""]"
chennai_bus,K1217,"[""ORDB""]"
chennai_bus,K1218,"[""ORDB""]"
chennai_bus,K1219,"[""ORDB""]"
chennai_bus,K1220,"[""ORDB""]"
chennai_bus,K1221,"[""ORDB""]"
chennai_bus,K1222,"[""ORDB""]"
chennai_bus,K1223,"[""ORDB""]"
chennai_bus,K1224,"[""ORDB""]"
chennai_bus,K1225,"[""ORDB""]"
chennai_bus,K1226,"[""ORDB""]"
chennai_bus,K1227,"[""ORDB""]"
chennai_bus,K1228,"[""ORDB""]"
chennai_bus,K1229,"[""ORDB""]"
chennai_bus,K1230,"[""ORDB""]"
chennai_bus,K1231,"[""ORDB""]"
chennai_bus,K1232,"[""ORDB""]"
chennai_bus,K1233,"[""ORDB""]"
chennai_bus,K1234,"[""ORDB""]"
chennai_bus,K1235,"[""ORDB""]"
chennai_bus,K1236,"[""ORDB""]"
chennai_bus,K1237,"[""ORDB""]"
chennai_bus,K1238,"[""ORDB""]"
chennai_bus,K1239,"[""ORDB""]"
chennai_bus,K1241,"[""ORDB""]"
chennai_bus,K1242,"[""ORDB""]"
chennai_bus,K1243,"[""ORDB""]"
chennai_bus,K1244,"[""ORDB""]"
chennai_bus,K1245,"[""ORDB""]"
chennai_bus,K1246,"[""ORDB""]"
chennai_bus,K1247,"[""ORDB""]"
chennai_bus,K1248,"[""ORDB""]"
chennai_bus,K1249,"[""ORDB""]"
chennai_bus,K1250,"[""ORDB""]"
chennai_bus,K1251,"[""ORDB""]"
chennai_bus,K1240,"[""ORDB""]"
chennai_bus,K1259,"[""ORDB""]"
chennai_bus,K1258,"[""ORDB""]"
chennai_bus,K1255,"[""ORDB""]"
chennai_bus,K1257,"[""ORDB""]"
chennai_bus,K1253,"[""ORDB""]"
chennai_bus,K1254,"[""ORDB""]"
chennai_bus,K1256,"[""ORDB""]"
chennai_bus,K1252,"[""ORDB""]"
chennai_bus,K1177,"[""LF""]"
chennai_bus,K1186,"[""LF""]"
chennai_bus,K1187,"[""LF""]"
chennai_bus,K1183,"[""LF""]"
chennai_bus,K1184,"[""LF""]"
chennai_bus,K1179,"[""LF""]"
chennai_bus,K1178,"[""LF""]"
chennai_bus,K1180,"[""LF""]"
chennai_bus,K1181,"[""LF""]"
chennai_bus,K1182,"[""LF""]"
chennai_bus,K1185,"[""LF""]"
chennai_bus,K1188,"[""LF""]"
chennai_bus,K1192,"[""LF""]"
chennai_bus,K1189,"[""LF""]"
chennai_bus,K1190,"[""LF""]"
chennai_bus,K1191,"[""LF""]"
chennai_bus,K1193,"[""LF""]"
chennai_bus,K1194,"[""LF""]"
chennai_bus,K1195,"[""LF""]"
chennai_bus,K1197,"[""LF""]"
chennai_bus,K1196,"[""LF""]"
chennai_bus,K1198,"[""LF""]"
chennai_bus,K1199,"[""LF""]"
chennai_bus,K1200,"[""LF""]"
chennai_bus,K1201,"[""LF""]"
chennai_bus,K1202,"[""LF""]"
chennai_bus,K1203,"[""LF""]"
chennai_bus,K1352,"[""LF""]"
chennai_bus,K1351,"[""LF""]"
chennai_bus,K1353,"[""LF""]"
chennai_bus,K1341,"[""LF""]"
chennai_bus,K1340,"[""LF""]"
chennai_bus,K1339,"[""LF""]"
chennai_bus,K1338,"[""LF""]"
chennai_bus,K1332,"[""LF""]"
chennai_bus,K1331,"[""LF""]"
chennai_bus,K1335,"[""LF""]"
chennai_bus,K1337,"[""LF""]"
chennai_bus,K1336,"[""LF""]"
chennai_bus,K1333,"[""LF""]"
chennai_bus,K1342,"[""LF""]"
chennai_bus,K1334,"[""LF""]"
chennai_bus,K1343,"[""LF""]"
chennai_bus,K1349,"[""LF""]"
chennai_bus,K1344,"[""LF""]"
chennai_bus,K1350,"[""LF""]"
chennai_bus,K1348,"[""LF""]"
chennai_bus,K1345,"[""LF""]"
chennai_bus,K1346,"[""LF""]"
chennai_bus,K1347,"[""LF""]"
chennai_bus,K5211,"[""LF"",""EV""]"
chennai_bus,K5212,"[""LF"",""EV""]"
chennai_bus,K5213,"[""LF"",""EV""]"
chennai_bus,K5214,"[""LF"",""EV""]"
chennai_bus,K5215,"[""LF"",""EV""]"
chennai_bus,K5216,"[""LF"",""EV""]"
chennai_bus,K5217,"[""LF"",""EV""]"
chennai_bus,K5218,"[""LF"",""EV""]"
chennai_bus,K5219,"[""LF"",""EV""]"
chennai_bus,K5220,"[""LF"",""EV""]"
chennai_bus,K5221,"[""LF"",""EV""]"
chennai_bus,K5222,"[""LF"",""EV""]"
chennai_bus,K5223,"[""LF"",""EV""]"
chennai_bus,K5224,"[""LF"",""EV""]"
chennai_bus,K5225,"[""LF"",""EV""]"
chennai_bus,K5226,"[""LF"",""EV""]"
chennai_bus,K5227,"[""LF"",""EV""]"
chennai_bus,K5228,"[""LF"",""EV""]"
chennai_bus,K5229,"[""LF"",""EV""]"
chennai_bus,K5230,"[""LF"",""EV""]"
chennai_bus,K5231,"[""LF"",""EV""]"
chennai_bus,K5232,"[""LF"",""EV""]"
chennai_bus,K5233,"[""LF"",""EV""]"
chennai_bus,K5234,"[""LF"",""EV""]"
chennai_bus,K5235,"[""LF"",""EV""]"
chennai_bus,K5236,"[""LF"",""EV""]"
chennai_bus,K5237,"[""LF"",""EV""]"
chennai_bus,K5238,"[""LF"",""EV""]"
chennai_bus,K5239,"[""LF"",""EV""]"
chennai_bus,K5240,"[""LF"",""EV""]"
chennai_bus,K5241,"[""LF"",""EV""]"
chennai_bus,K5242,"[""LF"",""EV""]"
chennai_bus,K5243,"[""LF"",""EV""]"
chennai_bus,K5244,"[""LF"",""EV""]"
chennai_bus,K5245,"[""LF"",""EV""]"
chennai_bus,K5246,"[""LF"",""EV""]"
chennai_bus,K5247,"[""LF"",""EV""]"
chennai_bus,K5248,"[""LF"",""EV""]"
chennai_bus,K1354,"[""LF""]"
chennai_bus,K1355,"[""LF""]"
chennai_bus,K1358,"[""LF""]"
chennai_bus,K1356,"[""LF""]"
chennai_bus,K1357,"[""LF""]"
chennai_bus,K1359,"[""LF""]"
chennai_bus,K1363,"[""LF""]"
chennai_bus,K1362,"[""LF""]"
chennai_bus,K1361,"[""LF""]"
chennai_bus,K1360,"[""LF""]"
chennai_bus,K1364,"[""LF""]"
chennai_bus,K1365,"[""LF""]"
chennai_bus,K1366,"[""LF""]"
chennai_bus,K1367,"[""LF""]"
chennai_bus,K1368,"[""LF""]"
chennai_bus,K1371,"[""LF""]"
chennai_bus,K1370,"[""LF""]"
chennai_bus,K1369,"[""LF""]"
chennai_bus,K1373,"[""LF""]"
chennai_bus,K1372,"[""LF""]"
chennai_bus,K1381,"[""LF""]"
chennai_bus,K1375,"[""LF""]"
chennai_bus,K1379,"[""LF""]"
chennai_bus,K1378,"[""LF""]"
chennai_bus,K1380,"[""LF""]"
chennai_bus,K1382,"[""LF""]"
chennai_bus,K1374,"[""LF""]"
chennai_bus,K1377,"[""LF""]"
chennai_bus,K1376,"[""LF""]"
chennai_bus,K5458,"[""AC"",""EV""]"
chennai_bus,K5459,"[""AC"",""EV""]"
chennai_bus,K5460,"[""AC"",""EV""]"
chennai_bus,K5461,"[""AC"",""EV""]"
chennai_bus,K5462,"[""AC"",""EV""]"
chennai_bus,K5463,"[""AC"",""EV""]"
chennai_bus,K5464,"[""AC"",""EV""]"
chennai_bus,K5465,"[""AC"",""EV""]"
chennai_bus,K5466,"[""AC"",""EV""]"
chennai_bus,K5467,"[""AC"",""EV""]"
chennai_bus,K5468,"[""AC"",""EV""]"
chennai_bus,K5469,"[""AC"",""EV""]"
chennai_bus,K5470,"[""AC"",""EV""]"
chennai_bus,K5471,"[""AC"",""EV""]"
chennai_bus,K5472,"[""AC"",""EV""]"
chennai_bus,K5473,"[""AC"",""EV""]"
chennai_bus,K5474,"[""AC"",""EV""]"
chennai_bus,K5475,"[""AC"",""EV""]"
chennai_bus,K5476,"[""AC"",""EV""]"
chennai_bus,K5477,"[""AC"",""EV""]"
chennai_bus,K5478,"[""AC"",""EV""]"
chennai_bus,K5479,"[""AC"",""EV""]"
chennai_bus,K5480,"[""AC"",""EV""]"
chennai_bus,K5481,"[""AC"",""EV""]"
chennai_bus,K5482,"[""AC"",""EV""]"
chennai_bus,K5483,"[""AC"",""EV""]"
chennai_bus,K5484,"[""AC"",""EV""]"
chennai_bus,K5485,"[""AC"",""EV""]"
chennai_bus,K5486,"[""AC"",""EV""]"
chennai_bus,K5487,"[""AC"",""EV""]"
chennai_bus,K5488,"[""AC"",""EV""]"
chennai_bus,K5489,"[""AC"",""EV""]"
chennai_bus,K5490,"[""AC"",""EV""]"
chennai_bus,K5491,"[""AC"",""EV""]"
chennai_bus,K5492,"[""AC"",""EV""]"
chennai_bus,K5493,"[""AC"",""EV""]"
chennai_bus,K5494,"[""AC"",""EV""]"
chennai_bus,K5495,"[""AC"",""EV""]"
chennai_bus,K5496,"[""AC"",""EV""]"
chennai_bus,K5497,"[""AC"",""EV""]"
chennai_bus,K5498,"[""AC"",""EV""]"
chennai_bus,K5499,"[""AC"",""EV""]"
chennai_bus,K5500,"[""AC"",""EV""]"
chennai_bus,K5501,"[""AC"",""EV""]"
chennai_bus,K5502,"[""AC"",""EV""]"
chennai_bus,K5503,"[""AC"",""EV""]"
chennai_bus,K5504,"[""AC"",""EV""]"
chennai_bus,K1272,"[""ORDB""]"
chennai_bus,K1274,"[""ORDB""]"
chennai_bus,K1271,"[""ORDB""]"
chennai_bus,K1270,"[""ORDB""]"
chennai_bus,K1277,"[""ORDB""]"
chennai_bus,K1276,"[""ORDB""]"
chennai_bus,K1261,"[""ORDB""]"
chennai_bus,K1266,"[""ORDB""]"
chennai_bus,K1269,"[""ORDB""]"
chennai_bus,K1273,"[""ORDB""]"
chennai_bus,K1383,"[""LF""]"
chennai_bus,K1384,"[""LF""]"
chennai_bus,K1385,"[""LF""]"
chennai_bus,K1386,"[""LF""]"
chennai_bus,K1301,"[""ORDB""]"
chennai_bus,K1302,"[""ORDB""]"
chennai_bus,K1303,"[""ORDB""]"
chennai_bus,K1304,"[""ORDB""]"
chennai_bus,K1305,"[""ORDB""]"
chennai_bus,K1306,"[""ORDB""]"
chennai_bus,K1307,"[""ORDB""]"
chennai_bus,K1308,"[""ORDB""]"
chennai_bus,K1309,"[""ORDB""]"
chennai_bus,K1310,"[""ORDB""]"
chennai_bus,K1311,"[""ORDB""]"
chennai_bus,K1312,"[""ORDB""]"
chennai_bus,K1313,"[""ORDB""]"
chennai_bus,K1314,"[""ORDB""]"
chennai_bus,K1315,"[""ORDB""]"
chennai_bus,K1316,"[""ORDB""]"
chennai_bus,K1317,"[""ORDB""]"
chennai_bus,K1318,"[""ORDB""]"
chennai_bus,K1319,"[""ORDB""]"
chennai_bus,K1320,"[""ORDB""]"
chennai_bus,K1321,"[""ORDB""]"
chennai_bus,K1322,"[""ORDB""]"
chennai_bus,K1323,"[""ORDB""]"
chennai_bus,K1324,"[""ORDB""]"
chennai_bus,K1325,"[""ORDB""]"
chennai_bus,K1326,"[""ORDB""]"
chennai_bus,K1327,"[""ORDB""]"
chennai_bus,K1328,"[""ORDB""]"
chennai_bus,K1329,"[""ORDB""]"
chennai_bus,K1330,"[""ORDB""]"
chennai_bus,K1300,"[""ORDB""]"
chennai_bus,K1299,"[""ORDB""]"
chennai_bus,K1298,"[""ORDB""]"
chennai_bus,K1297,"[""ORDB""]"
chennai_bus,K1296,"[""ORDB""]"
chennai_bus,K1295,"[""ORDB""]"
chennai_bus,K1294,"[""ORDB""]"
chennai_bus,K1293,"[""ORDB""]"
chennai_bus,K1292,"[""ORDB""]"
chennai_bus,K1291,"[""ORDB""]"
chennai_bus,K1290,"[""ORDB""]"
chennai_bus,K1289,"[""ORDB""]"
chennai_bus,K1287,"[""ORDB""]"
chennai_bus,K1288,"[""ORDB""]"
chennai_bus,K1286,"[""ORDB""]"
chennai_bus,K1285,"[""ORDB""]"
chennai_bus,K1284,"[""ORDB""]"
chennai_bus,K1283,"[""ORDB""]"
chennai_bus,K1282,"[""ORDB""]"
chennai_bus,K1281,"[""ORDB""]"
chennai_bus,K1280,"[""ORDB""]"
chennai_bus,K1279,"[""ORDB""]"
chennai_bus,K1278,"[""ORDB""]"
chennai_bus,K1275,"[""ORDB""]"
chennai_bus,K1260,"[""ORDB""]"
chennai_bus,K1262,"[""ORDB""]"
chennai_bus,K1263,"[""ORDB""]"
chennai_bus,K1264,"[""ORDB""]"
chennai_bus,K1265,"[""ORDB""]"
chennai_bus,K1267,"[""ORDB""]"
chennai_bus,K1268,"[""ORDB""]"
chennai_bus,K1395,"[""LF""]"
chennai_bus,K1393,"[""LF""]"
chennai_bus,K1391,"[""LF""]"
chennai_bus,K1390,"[""LF""]"
chennai_bus,K1396,"[""LF""]"
chennai_bus,K1394,"[""LF""]"
chennai_bus,K1392,"[""LF""]"
chennai_bus,K1389,"[""LF""]"
chennai_bus,K1388,"[""LF""]"
chennai_bus,K1387,"[""LF""]"
chennai_bus,K1400,"[""LF""]"
chennai_bus,K1399,"[""LF""]"
chennai_bus,K1398,"[""LF""]"
chennai_bus,K1397,"[""LF""]"
chennai_bus,K1401,"[""LF""]"
chennai_bus,K5249,"[""LF"",""EV""]"
chennai_bus,K5250,"[""LF"",""EV""]"
chennai_bus,K5251,"[""LF"",""EV""]"
chennai_bus,K5252,"[""LF"",""EV""]"
chennai_bus,K5253,"[""LF"",""EV""]"
chennai_bus,K5254,"[""LF"",""EV""]"
chennai_bus,K5255,"[""LF"",""EV""]"
chennai_bus,K5256,"[""LF"",""EV""]"
chennai_bus,K5257,"[""LF"",""EV""]"
chennai_bus,K5258,"[""LF"",""EV""]"
chennai_bus,K5259,"[""LF"",""EV""]"
chennai_bus,K5260,"[""LF"",""EV""]"
chennai_bus,K5261,"[""LF"",""EV""]"
chennai_bus,K5262,"[""LF"",""EV""]"
chennai_bus,K5263,"[""LF"",""EV""]"
chennai_bus,K5264,"[""LF"",""EV""]"
chennai_bus,K5265,"[""LF"",""EV""]"
chennai_bus,K5266,"[""LF"",""EV""]"
chennai_bus,K5267,"[""LF"",""EV""]"
chennai_bus,K5268,"[""LF"",""EV""]"
chennai_bus,K5269,"[""LF"",""EV""]"
chennai_bus,K5270,"[""LF"",""EV""]"
chennai_bus,K5271,"[""LF"",""EV""]"
chennai_bus,K5272,"[""LF"",""EV""]"
chennai_bus,K5273,"[""LF"",""EV""]"
chennai_bus,K5274,"[""LF"",""EV""]"
chennai_bus,K5275,"[""LF"",""EV""]"
chennai_bus,K5276,"[""LF"",""EV""]"
chennai_bus,K5277,"[""LF"",""EV""]"
chennai_bus,K5278,"[""LF"",""EV""]"
chennai_bus,K5279,"[""LF"",""EV""]"
chennai_bus,K5280,"[""LF"",""EV""]"
chennai_bus,K5281,"[""LF"",""EV""]"
chennai_bus,K5282,"[""LF"",""EV""]"
chennai_bus,K5283,"[""LF"",""EV""]"
chennai_bus,K5284,"[""LF"",""EV""]"
chennai_bus,K5285,"[""LF"",""EV""]"
chennai_bus,K5286,"[""LF"",""EV""]"
chennai_bus,K5287,"[""LF"",""EV""]"
chennai_bus,K5288,"[""LF"",""EV""]"
chennai_bus,K5289,"[""LF"",""EV""]"
chennai_bus,K5290,"[""LF"",""EV""]"
chennai_bus,K5291,"[""LF"",""EV""]"
chennai_bus,K5292,"[""LF"",""EV""]"
chennai_bus,K5293,"[""LF"",""EV""]"
chennai_bus,K5294,"[""LF"",""EV""]"
chennai_bus,K1423,"[""LF""]"
chennai_bus,K1424,"[""LF""]"
chennai_bus,K1427,"[""LF""]"
chennai_bus,K1422,"[""LF""]"
chennai_bus,K1407,"[""LF""]"
chennai_bus,K1406,"[""LF""]"
chennai_bus,K1409,"[""LF""]"
chennai_bus,K1410,"[""LF""]"
chennai_bus,K1411,"[""LF""]"
chennai_bus,K1412,"[""LF""]"
chennai_bus,K1413,"[""LF""]"
chennai_bus,K1415,"[""LF""]"
chennai_bus,K1417,"[""LF""]"
chennai_bus,K1418,"[""LF""]"
chennai_bus,K1414,"[""LF""]"
chennai_bus,K1408,"[""LF""]"
chennai_bus,K1403,"[""LF""]"
chennai_bus,K1404,"[""LF""]"
chennai_bus,K1405,"[""LF""]"
chennai_bus,K1416,"[""LF""]"
chennai_bus,K1402,"[""LF""]"
chennai_bus,K1429,"[""LF""]"
chennai_bus,K1430,"[""LF""]"
chennai_bus,K1437,"[""LF""]"
chennai_bus,K1431,"[""LF""]"
chennai_bus,K1435,"[""LF""]"
chennai_bus,K1436,"[""LF""]"
chennai_bus,K1433,"[""LF""]"
chennai_bus,K1449,"[""LF""]"
chennai_bus,K1450,"[""LF""]"
chennai_bus,K1454,"[""LF""]"
chennai_bus,K1452,"[""LF""]"
chennai_bus,K1456,"[""LF""]"
chennai_bus,K1439,"[""LF""]"
chennai_bus,K1438,"[""LF""]"
chennai_bus,K1440,"[""LF""]"
chennai_bus,K1448,"[""LF""]"
chennai_bus,K1442,"[""LF""]"
chennai_bus,K1441,"[""LF""]"
chennai_bus,K1445,"[""LF""]"
chennai_bus,K1446,"[""LF""]"
chennai_bus,K1447,"[""LF""]"
